[0m05:51:22.166927 [debug] [MainThread]: Sending event: {'category': 'dbt', 'action': 'invocation', 'label': 'start', 'context': [<snowplow_tracker.self_describing_json.SelfDescribingJson object at 0x7fa5e9df80a0>, <snowplow_tracker.self_describing_json.SelfDescribingJson object at 0x7fa5e8bcfe80>, <snowplow_tracker.self_describing_json.SelfDescribingJson object at 0x7fa5e8bcfe50>]}


============================== 05:51:22.170456 | 92da42c6-57d8-437a-93d0-47caba445062 ==============================
[0m05:51:22.170456 [info ] [MainThread]: Running with dbt=1.11.2
[0m05:51:22.171286 [debug] [MainThread]: running dbt with arguments {'indirect_selection': 'eager', 'debug': 'False', 'static_parser': 'True', 'log_path': 'logs', 'invocation_command': 'dbt run --profiles-dir . --project-dir .', 'introspect': 'True', 'write_json': 'True', 'empty': 'False', 'cache_selected_only': 'False', 'partial_parse': 'True', 'log_format': 'default', 'warn_error': 'None', 'no_print': 'None', 'log_cache_events': 'False', 'profiles_dir': '.', 'fail_fast': 'False', 'version_check': 'True', 'quiet': 'False', 'printer_width': '80', 'warn_error_options': 'WarnErrorOptionsV2(error=[], warn=[], silence=[])', 'send_anonymous_usage_stats': 'True', 'use_colors': 'True', 'target_path': 'None', 'use_experimental_parser': 'False'}
[0m05:51:22.308939 [debug] [MainThread]: Redshift adapter: Setting redshift_connector to ERROR
[0m05:51:22.309775 [debug] [MainThread]: Redshift adapter: Setting redshift_connector.core to ERROR
[0m05:51:22.648159 [debug] [MainThread]: Sending event: {'category': 'dbt', 'action': 'project_id', 'label': '92da42c6-57d8-437a-93d0-47caba445062', 'context': [<snowplow_tracker.self_describing_json.SelfDescribingJson object at 0x7fa5e8d56da0>]}
[0m05:51:22.740527 [debug] [MainThread]: Sending event: {'category': 'dbt', 'action': 'adapter_info', 'label': '92da42c6-57d8-437a-93d0-47caba445062', 'context': [<snowplow_tracker.self_describing_json.SelfDescribingJson object at 0x7fa5e854fc40>]}
[0m05:51:22.741727 [info ] [MainThread]: Registered adapter: redshift=1.10.0
[0m05:51:22.877035 [debug] [MainThread]: checksum: 3d40d8bbe1bef07db1c24822f2dbfff8bc07f2a48ed4fe2658a40653aec0b54b, vars: {}, profile: , target: , version: 1.11.2
[0m05:51:22.878180 [info ] [MainThread]: Unable to do partial parsing because saved manifest not found. Starting full parse.
[0m05:51:22.878845 [debug] [MainThread]: Sending event: {'category': 'dbt', 'action': 'partial_parser', 'label': '92da42c6-57d8-437a-93d0-47caba445062', 'context': [<snowplow_tracker.self_describing_json.SelfDescribingJson object at 0x7fa5e77cfbb0>]}
[0m05:51:25.318579 [debug] [MainThread]: Sending event: {'category': 'dbt', 'action': 'load_project', 'label': '92da42c6-57d8-437a-93d0-47caba445062', 'context': [<snowplow_tracker.self_describing_json.SelfDescribingJson object at 0x7fa5e5ffb190>]}
[0m05:51:25.487218 [debug] [MainThread]: Wrote artifact WritableManifest to ./target/manifest.json
[0m05:51:25.489948 [debug] [MainThread]: Wrote artifact SemanticManifest to ./target/semantic_manifest.json
[0m05:51:25.498584 [debug] [MainThread]: Sending event: {'category': 'dbt', 'action': 'resource_counts', 'label': '92da42c6-57d8-437a-93d0-47caba445062', 'context': [<snowplow_tracker.self_describing_json.SelfDescribingJson object at 0x7fa5e5fae020>]}
[0m05:51:25.499437 [info ] [MainThread]: Found 2 models, 1 test, 1 source, 538 macros
[0m05:51:25.500116 [debug] [MainThread]: Sending event: {'category': 'dbt', 'action': 'runnable_timing', 'label': '92da42c6-57d8-437a-93d0-47caba445062', 'context': [<snowplow_tracker.self_describing_json.SelfDescribingJson object at 0x7fa5e5faf4f0>]}
[0m05:51:25.502407 [info ] [MainThread]: 
[0m05:51:25.503068 [info ] [MainThread]: Concurrency: 4 threads (target='dev')
[0m05:51:25.503655 [info ] [MainThread]: 
[0m05:51:25.504547 [debug] [MainThread]: Acquiring new redshift connection 'master'
[0m05:51:25.510751 [debug] [ThreadPool]: Acquiring new redshift connection 'list_dev'
[0m05:51:25.534010 [debug] [ThreadPool]: Using redshift connection "list_dev"
[0m05:51:25.534785 [debug] [ThreadPool]: On list_dev: /* {"app": "dbt", "dbt_version": "1.11.2", "profile_name": "dbt_poc", "target_name": "dev", "connection_name": "list_dev"} */

    select distinct nspname from pg_namespace
[0m05:51:25.535398 [debug] [ThreadPool]: Opening a new connection, currently in state init
[0m05:51:25.536028 [debug] [ThreadPool]: Redshift adapter: Connecting to Redshift with 'database' credentials method
[0m05:51:25.541654 [debug] [ThreadPool]: Redshift adapter: Establishing connection using ssl with `sslmode` set to 'require'.To connect without ssl, set `sslmode` to 'disable'.
[0m05:51:25.639527 [debug] [ThreadPool]: SQL status: SUCCESS in 0.104 seconds
[0m05:51:25.659217 [debug] [ThreadPool]: On list_dev: Close
[0m05:51:25.661505 [debug] [ThreadPool]: Re-using an available connection from the pool (formerly list_dev, now list_dev_public)
[0m05:51:25.673245 [debug] [ThreadPool]: Using redshift connection "list_dev_public"
[0m05:51:25.673980 [debug] [ThreadPool]: On list_dev_public: BEGIN
[0m05:51:25.674546 [debug] [ThreadPool]: Opening a new connection, currently in state closed
[0m05:51:25.675092 [debug] [ThreadPool]: Redshift adapter: Connecting to Redshift with 'database' credentials method
[0m05:51:25.675792 [debug] [ThreadPool]: Redshift adapter: Establishing connection using ssl with `sslmode` set to 'require'.To connect without ssl, set `sslmode` to 'disable'.
[0m05:51:34.534267 [debug] [ThreadPool]: SQL status: SUCCESS in 8.860 seconds
[0m05:51:34.534976 [debug] [ThreadPool]: Using redshift connection "list_dev_public"
[0m05:51:34.535495 [debug] [ThreadPool]: On list_dev_public: /* {"app": "dbt", "dbt_version": "1.11.2", "profile_name": "dbt_poc", "target_name": "dev", "connection_name": "list_dev_public"} */
select
        table_catalog as database,
        table_name as name,
        table_schema as schema,
        'table' as type
    from information_schema.tables
    where table_schema ilike 'public'
    and table_type = 'BASE TABLE'
    union all
    select
      table_catalog as database,
      table_name as name,
      table_schema as schema,
      case
        when view_definition ilike '%create materialized view%'
          then 'materialized_view'
        else 'view'
      end as type
    from information_schema.views
    where table_schema ilike 'public'
[0m05:51:34.580648 [debug] [ThreadPool]: SQL status: SUCCESS in 0.045 seconds
[0m05:51:34.582941 [debug] [ThreadPool]: On list_dev_public: ROLLBACK
[0m05:51:34.620741 [debug] [ThreadPool]: On list_dev_public: Close
[0m05:51:34.633361 [debug] [MainThread]: Using redshift connection "master"
[0m05:51:34.634098 [debug] [MainThread]: On master: BEGIN
[0m05:51:34.634628 [debug] [MainThread]: Opening a new connection, currently in state init
[0m05:51:34.635168 [debug] [MainThread]: Redshift adapter: Connecting to Redshift with 'database' credentials method
[0m05:51:34.635843 [debug] [MainThread]: Redshift adapter: Establishing connection using ssl with `sslmode` set to 'require'.To connect without ssl, set `sslmode` to 'disable'.
[0m05:51:34.728373 [debug] [MainThread]: SQL status: SUCCESS in 0.094 seconds
[0m05:51:34.729518 [debug] [MainThread]: Using redshift connection "master"
[0m05:51:34.730623 [debug] [MainThread]: On master: /* {"app": "dbt", "dbt_version": "1.11.2", "profile_name": "dbt_poc", "target_name": "dev", "connection_name": "master"} */
with
    relation as (
        select
            pg_class.oid as relation_id,
            pg_class.relname as relation_name,
            pg_class.relnamespace as schema_id,
            pg_namespace.nspname as schema_name,
            pg_class.relkind as relation_type
        from pg_class
        join pg_namespace
          on pg_class.relnamespace = pg_namespace.oid
        where pg_namespace.nspname != 'information_schema'
          and pg_namespace.nspname not like 'pg\_%'
    ),
    dependency as (
        select distinct
            coalesce(pg_rewrite.ev_class, pg_depend.objid) as dep_relation_id,
            pg_depend.refobjid as ref_relation_id,
            pg_depend.refclassid as ref_class_id
        from pg_depend
        left join pg_rewrite
          on pg_depend.objid = pg_rewrite.oid
        where coalesce(pg_rewrite.ev_class, pg_depend.objid) != pg_depend.refobjid
    )

select distinct
    dep.schema_name as dependent_schema,
    dep.relation_name as dependent_name,
    ref.schema_name as referenced_schema,
    ref.relation_name as referenced_name
from dependency
join relation ref
    on dependency.ref_relation_id = ref.relation_id
join relation dep
    on dependency.dep_relation_id = dep.relation_id
[0m05:51:34.791121 [debug] [MainThread]: SQL status: SUCCESS in 0.059 seconds
[0m05:51:34.794142 [debug] [MainThread]: Sending event: {'category': 'dbt', 'action': 'runnable_timing', 'label': '92da42c6-57d8-437a-93d0-47caba445062', 'context': [<snowplow_tracker.self_describing_json.SelfDescribingJson object at 0x7fa5e84c4100>]}
[0m05:51:34.795430 [debug] [MainThread]: On master: ROLLBACK
[0m05:51:34.814394 [debug] [MainThread]: Using redshift connection "master"
[0m05:51:34.815520 [debug] [MainThread]: On master: BEGIN
[0m05:51:34.822431 [debug] [MainThread]: SQL status: SUCCESS in 0.006 seconds
[0m05:51:34.823501 [debug] [MainThread]: On master: COMMIT
[0m05:51:34.824629 [debug] [MainThread]: Using redshift connection "master"
[0m05:51:34.825477 [debug] [MainThread]: On master: COMMIT
[0m05:51:34.831851 [debug] [MainThread]: SQL status: SUCCESS in 0.005 seconds
[0m05:51:34.832920 [debug] [MainThread]: On master: Close
[0m05:51:34.837742 [debug] [Thread-1 (]: Began running node model.nyc_taxi_dbt.yellow_trip_data
[0m05:51:34.839108 [info ] [Thread-1 (]: 1 of 2 START sql view model public.yellow_trip_data ............................ [RUN]
[0m05:51:34.840237 [debug] [Thread-1 (]: Re-using an available connection from the pool (formerly list_dev_public, now model.nyc_taxi_dbt.yellow_trip_data)
[0m05:51:34.841458 [debug] [Thread-1 (]: Began compiling node model.nyc_taxi_dbt.yellow_trip_data
[0m05:51:34.849428 [debug] [Thread-1 (]: Writing injected SQL for node "model.nyc_taxi_dbt.yellow_trip_data"
[0m05:51:34.851600 [debug] [Thread-1 (]: Began executing node model.nyc_taxi_dbt.yellow_trip_data
[0m05:51:34.941220 [debug] [Thread-1 (]: Writing runtime sql for node "model.nyc_taxi_dbt.yellow_trip_data"
[0m05:51:34.944727 [debug] [Thread-1 (]: Using redshift connection "model.nyc_taxi_dbt.yellow_trip_data"
[0m05:51:34.945815 [debug] [Thread-1 (]: On model.nyc_taxi_dbt.yellow_trip_data: BEGIN
[0m05:51:34.946787 [debug] [Thread-1 (]: Opening a new connection, currently in state closed
[0m05:51:34.947800 [debug] [Thread-1 (]: Redshift adapter: Connecting to Redshift with 'database' credentials method
[0m05:51:34.949020 [debug] [Thread-1 (]: Redshift adapter: Establishing connection using ssl with `sslmode` set to 'require'.To connect without ssl, set `sslmode` to 'disable'.
[0m05:51:35.051342 [debug] [Thread-1 (]: SQL status: SUCCESS in 0.104 seconds
[0m05:51:35.052480 [debug] [Thread-1 (]: Using redshift connection "model.nyc_taxi_dbt.yellow_trip_data"
[0m05:51:35.053507 [debug] [Thread-1 (]: On model.nyc_taxi_dbt.yellow_trip_data: /* {"app": "dbt", "dbt_version": "1.11.2", "profile_name": "dbt_poc", "target_name": "dev", "node_id": "model.nyc_taxi_dbt.yellow_trip_data"} */


  create view "dev"."public"."yellow_trip_data__dbt_tmp" as (
    SELECT * 
FROM "dev"."public"."yellow_taxi_trips_2025_10"
  ) ;
[0m05:51:35.073258 [debug] [Thread-1 (]: SQL status: SUCCESS in 0.019 seconds
[0m05:51:35.085380 [debug] [Thread-1 (]: Using redshift connection "model.nyc_taxi_dbt.yellow_trip_data"
[0m05:51:35.086127 [debug] [Thread-1 (]: On model.nyc_taxi_dbt.yellow_trip_data: /* {"app": "dbt", "dbt_version": "1.11.2", "profile_name": "dbt_poc", "target_name": "dev", "node_id": "model.nyc_taxi_dbt.yellow_trip_data"} */
alter table "dev"."public"."yellow_trip_data__dbt_tmp" rename to "yellow_trip_data"
[0m05:51:35.094429 [debug] [Thread-1 (]: SQL status: SUCCESS in 0.008 seconds
[0m05:51:35.116355 [debug] [Thread-1 (]: On model.nyc_taxi_dbt.yellow_trip_data: COMMIT
[0m05:51:35.117320 [debug] [Thread-1 (]: Using redshift connection "model.nyc_taxi_dbt.yellow_trip_data"
[0m05:51:35.117991 [debug] [Thread-1 (]: On model.nyc_taxi_dbt.yellow_trip_data: COMMIT
[0m05:51:53.266270 [debug] [Thread-1 (]: SQL status: SUCCESS in 18.148 seconds
[0m05:51:53.267388 [debug] [Thread-1 (]: Using redshift connection "model.nyc_taxi_dbt.yellow_trip_data"
[0m05:51:53.267992 [debug] [Thread-1 (]: On model.nyc_taxi_dbt.yellow_trip_data: BEGIN
[0m05:51:53.274020 [debug] [Thread-1 (]: SQL status: SUCCESS in 0.005 seconds
[0m05:51:53.283682 [debug] [Thread-1 (]: Applying DROP to: "dev"."public"."yellow_trip_data__dbt_backup"
[0m05:51:53.290420 [debug] [Thread-1 (]: Using redshift connection "model.nyc_taxi_dbt.yellow_trip_data"
[0m05:51:53.291126 [debug] [Thread-1 (]: On model.nyc_taxi_dbt.yellow_trip_data: /* {"app": "dbt", "dbt_version": "1.11.2", "profile_name": "dbt_poc", "target_name": "dev", "node_id": "model.nyc_taxi_dbt.yellow_trip_data"} */
drop view if exists "dev"."public"."yellow_trip_data__dbt_backup" cascade
[0m05:51:53.301555 [debug] [Thread-1 (]: SQL status: SUCCESS in 0.010 seconds
[0m05:51:53.303212 [debug] [Thread-1 (]: On model.nyc_taxi_dbt.yellow_trip_data: COMMIT
[0m05:51:53.304013 [debug] [Thread-1 (]: Using redshift connection "model.nyc_taxi_dbt.yellow_trip_data"
[0m05:51:53.304607 [debug] [Thread-1 (]: On model.nyc_taxi_dbt.yellow_trip_data: COMMIT
[0m05:51:53.509981 [debug] [Thread-1 (]: SQL status: SUCCESS in 0.205 seconds
[0m05:51:53.510949 [debug] [Thread-1 (]: Using redshift connection "model.nyc_taxi_dbt.yellow_trip_data"
[0m05:51:53.511558 [debug] [Thread-1 (]: On model.nyc_taxi_dbt.yellow_trip_data: BEGIN
[0m05:51:53.517338 [debug] [Thread-1 (]: SQL status: SUCCESS in 0.005 seconds
[0m05:51:53.520327 [debug] [Thread-1 (]: On model.nyc_taxi_dbt.yellow_trip_data: ROLLBACK
[0m05:51:53.531733 [debug] [Thread-1 (]: On model.nyc_taxi_dbt.yellow_trip_data: Close
[0m05:51:53.535008 [debug] [Thread-1 (]: Sending event: {'category': 'dbt', 'action': 'run_model', 'label': '92da42c6-57d8-437a-93d0-47caba445062', 'context': [<snowplow_tracker.self_describing_json.SelfDescribingJson object at 0x7fa5e48c0940>]}
[0m05:51:53.536200 [info ] [Thread-1 (]: 1 of 2 OK created sql view model public.yellow_trip_data ....................... [[32mSUCCESS[0m in 18.69s]
[0m05:51:53.537391 [debug] [Thread-1 (]: Finished running node model.nyc_taxi_dbt.yellow_trip_data
[0m05:51:53.538857 [debug] [Thread-3 (]: Began running node model.nyc_taxi_dbt.taxi_agg
[0m05:51:53.539804 [info ] [Thread-3 (]: 2 of 2 START sql table model public.taxi_agg_2025_10 ........................... [RUN]
[0m05:51:53.540876 [debug] [Thread-3 (]: Acquiring new redshift connection 'model.nyc_taxi_dbt.taxi_agg'
[0m05:51:53.541677 [debug] [Thread-3 (]: Began compiling node model.nyc_taxi_dbt.taxi_agg
[0m05:51:53.547609 [debug] [Thread-3 (]: Writing injected SQL for node "model.nyc_taxi_dbt.taxi_agg"
[0m05:51:53.548650 [debug] [Thread-3 (]: Began executing node model.nyc_taxi_dbt.taxi_agg
[0m05:51:53.592077 [debug] [Thread-3 (]: Writing runtime sql for node "model.nyc_taxi_dbt.taxi_agg"
[0m05:51:53.594763 [debug] [Thread-3 (]: Using redshift connection "model.nyc_taxi_dbt.taxi_agg"
[0m05:51:53.595484 [debug] [Thread-3 (]: On model.nyc_taxi_dbt.taxi_agg: BEGIN
[0m05:51:53.596092 [debug] [Thread-3 (]: Opening a new connection, currently in state init
[0m05:51:53.596723 [debug] [Thread-3 (]: Redshift adapter: Connecting to Redshift with 'database' credentials method
[0m05:51:53.597508 [debug] [Thread-3 (]: Redshift adapter: Establishing connection using ssl with `sslmode` set to 'require'.To connect without ssl, set `sslmode` to 'disable'.
[0m05:51:53.677383 [debug] [Thread-3 (]: SQL status: SUCCESS in 0.081 seconds
[0m05:51:53.678196 [debug] [Thread-3 (]: Using redshift connection "model.nyc_taxi_dbt.taxi_agg"
[0m05:51:53.678791 [debug] [Thread-3 (]: On model.nyc_taxi_dbt.taxi_agg: /* {"app": "dbt", "dbt_version": "1.11.2", "profile_name": "dbt_poc", "target_name": "dev", "node_id": "model.nyc_taxi_dbt.taxi_agg"} */

  
    

  create  table
    "dev"."public"."taxi_agg_2025_10__dbt_tmp"
    
    
    
  as (
    

SELECT 
    sum(total_amount) AS total_amount,
    CAST(count(trip_id) AS DOUBLE PRECISION) AS row_count
FROM "dev"."public"."yellow_trip_data"
GROUP BY
    Run_Date_Short
  );
[0m05:52:24.563370 [debug] [Thread-3 (]: Redshift adapter: Error running SQL: /* {"app": "dbt", "dbt_version": "1.11.2", "profile_name": "dbt_poc", "target_name": "dev", "node_id": "model.nyc_taxi_dbt.taxi_agg"} */

  
    

  create  table
    "dev"."public"."taxi_agg_2025_10__dbt_tmp"
    
    
    
  as (
    

SELECT 
    sum(total_amount) AS total_amount,
    CAST(count(trip_id) AS DOUBLE PRECISION) AS row_count
FROM "dev"."public"."yellow_trip_data"
GROUP BY
    Run_Date_Short
  );
[0m05:52:24.564150 [debug] [Thread-3 (]: Redshift adapter: Rolling back transaction.
[0m05:52:24.564721 [debug] [Thread-3 (]: On model.nyc_taxi_dbt.taxi_agg: ROLLBACK
[0m05:52:24.567487 [debug] [Thread-3 (]: Failed to rollback 'model.nyc_taxi_dbt.taxi_agg'
[0m05:52:24.568181 [debug] [Thread-3 (]: Redshift adapter: Not retrying error: Runtime Error
  The read operation timed out
[0m05:52:24.568767 [debug] [Thread-3 (]: On model.nyc_taxi_dbt.taxi_agg: Close
[0m05:52:24.570585 [debug] [Thread-3 (]: Runtime Error in model taxi_agg (models/aggregations/taxi_agg.sql)
  The read operation timed out
[0m05:52:24.571325 [debug] [Thread-3 (]: Sending event: {'category': 'dbt', 'action': 'run_model', 'label': '92da42c6-57d8-437a-93d0-47caba445062', 'context': [<snowplow_tracker.self_describing_json.SelfDescribingJson object at 0x7fa5e49a3be0>]}
[0m05:52:24.572261 [error] [Thread-3 (]: 2 of 2 ERROR creating sql table model public.taxi_agg_2025_10 .................. [[31mERROR[0m in 31.03s]
[0m05:52:24.573484 [debug] [Thread-3 (]: Finished running node model.nyc_taxi_dbt.taxi_agg
[0m05:52:24.574297 [debug] [Thread-7 (]: Marking all children of 'model.nyc_taxi_dbt.taxi_agg' to be skipped because of status 'error'.  Reason: Runtime Error in model taxi_agg (models/aggregations/taxi_agg.sql)
  The read operation timed out.
[0m05:52:24.576551 [debug] [MainThread]: Using redshift connection "master"
[0m05:52:24.577038 [debug] [MainThread]: On master: BEGIN
[0m05:52:24.577461 [debug] [MainThread]: Opening a new connection, currently in state closed
[0m05:52:24.577980 [debug] [MainThread]: Redshift adapter: Connecting to Redshift with 'database' credentials method
[0m05:52:24.579115 [debug] [MainThread]: Redshift adapter: Establishing connection using ssl with `sslmode` set to 'require'.To connect without ssl, set `sslmode` to 'disable'.
[0m05:52:24.650548 [debug] [MainThread]: SQL status: SUCCESS in 0.073 seconds
[0m05:52:24.651273 [debug] [MainThread]: On master: COMMIT
[0m05:52:24.651938 [debug] [MainThread]: Using redshift connection "master"
[0m05:52:24.652407 [debug] [MainThread]: On master: COMMIT
[0m05:52:24.657124 [debug] [MainThread]: SQL status: SUCCESS in 0.004 seconds
[0m05:52:24.658265 [debug] [MainThread]: On master: Close
[0m05:52:24.659158 [debug] [MainThread]: Connection 'master' was properly closed.
[0m05:52:24.659615 [debug] [MainThread]: Connection 'model.nyc_taxi_dbt.yellow_trip_data' was properly closed.
[0m05:52:24.660022 [debug] [MainThread]: Connection 'model.nyc_taxi_dbt.taxi_agg' was properly closed.
[0m05:52:24.660492 [info ] [MainThread]: 
[0m05:52:24.661016 [info ] [MainThread]: Finished running 1 table model, 1 view model in 0 hours 0 minutes and 59.16 seconds (59.16s).
[0m05:52:24.662177 [debug] [MainThread]: Command end result
[0m05:52:24.699897 [debug] [MainThread]: Wrote artifact WritableManifest to ./target/manifest.json
[0m05:52:24.702491 [debug] [MainThread]: Wrote artifact SemanticManifest to ./target/semantic_manifest.json
[0m05:52:24.711560 [debug] [MainThread]: Wrote artifact RunExecutionResult to ./target/run_results.json
[0m05:52:24.712179 [info ] [MainThread]: 
[0m05:52:24.712926 [info ] [MainThread]: [31mCompleted with 1 error, 0 partial successes, and 0 warnings:[0m
[0m05:52:24.713617 [info ] [MainThread]: 
[0m05:52:24.714318 [error] [MainThread]: [31mFailure in model taxi_agg (models/aggregations/taxi_agg.sql)[0m
[0m05:52:24.714979 [error] [MainThread]:   Runtime Error in model taxi_agg (models/aggregations/taxi_agg.sql)
  The read operation timed out
[0m05:52:24.715523 [info ] [MainThread]: 
[0m05:52:24.716168 [info ] [MainThread]:   compiled code at target/compiled/nyc_taxi_dbt/models/aggregations/taxi_agg.sql
[0m05:52:24.716732 [info ] [MainThread]: 
[0m05:52:24.717394 [info ] [MainThread]: Done. PASS=1 WARN=0 ERROR=1 SKIP=0 NO-OP=0 TOTAL=2
[0m05:52:24.718877 [debug] [MainThread]: Resource report: {"command_name": "run", "command_success": false, "command_wall_clock_time": 62.644363, "process_in_blocks": "0", "process_kernel_time": 0.159336, "process_mem_max_rss": "140496", "process_out_blocks": "3352", "process_user_time": 5.567024}
[0m05:52:24.719648 [debug] [MainThread]: Command `dbt run` failed at 05:52:24.719499 after 62.65 seconds
[0m05:52:24.720237 [debug] [MainThread]: Sending event: {'category': 'dbt', 'action': 'invocation', 'label': 'end', 'context': [<snowplow_tracker.self_describing_json.SelfDescribingJson object at 0x7fa5e9df80a0>, <snowplow_tracker.self_describing_json.SelfDescribingJson object at 0x7fa5e8d56da0>, <snowplow_tracker.self_describing_json.SelfDescribingJson object at 0x7fa5e776a4a0>]}
[0m05:52:24.720851 [debug] [MainThread]: Flushing usage events
[0m05:52:25.180987 [debug] [MainThread]: An error was encountered while trying to flush usage events
[0m05:53:02.710091 [debug] [MainThread]: Sending event: {'category': 'dbt', 'action': 'invocation', 'label': 'start', 'context': [<snowplow_tracker.self_describing_json.SelfDescribingJson object at 0x7f785753c0d0>, <snowplow_tracker.self_describing_json.SelfDescribingJson object at 0x7f78564ebe80>, <snowplow_tracker.self_describing_json.SelfDescribingJson object at 0x7f78564ebe20>]}


============================== 05:53:02.713858 | b1b69a53-6348-4606-9c19-a75a641d8620 ==============================
[0m05:53:02.713858 [info ] [MainThread]: Running with dbt=1.11.2
[0m05:53:02.714751 [debug] [MainThread]: running dbt with arguments {'empty': 'False', 'log_cache_events': 'False', 'send_anonymous_usage_stats': 'True', 'use_experimental_parser': 'False', 'printer_width': '80', 'use_colors': 'True', 'quiet': 'False', 'log_path': 'logs', 'introspect': 'True', 'indirect_selection': 'eager', 'no_print': 'None', 'warn_error_options': 'WarnErrorOptionsV2(error=[], warn=[], silence=[])', 'fail_fast': 'False', 'version_check': 'True', 'invocation_command': 'dbt run --profiles-dir . --project-dir .', 'warn_error': 'None', 'profiles_dir': '.', 'static_parser': 'True', 'cache_selected_only': 'False', 'partial_parse': 'True', 'debug': 'False', 'write_json': 'True', 'log_format': 'default', 'target_path': 'None'}
[0m05:53:02.847483 [debug] [MainThread]: Redshift adapter: Setting redshift_connector to ERROR
[0m05:53:02.848306 [debug] [MainThread]: Redshift adapter: Setting redshift_connector.core to ERROR
[0m05:53:03.195761 [debug] [MainThread]: Sending event: {'category': 'dbt', 'action': 'project_id', 'label': 'b1b69a53-6348-4606-9c19-a75a641d8620', 'context': [<snowplow_tracker.self_describing_json.SelfDescribingJson object at 0x7f785755ff10>]}
[0m05:53:03.289140 [debug] [MainThread]: Sending event: {'category': 'dbt', 'action': 'adapter_info', 'label': 'b1b69a53-6348-4606-9c19-a75a641d8620', 'context': [<snowplow_tracker.self_describing_json.SelfDescribingJson object at 0x7f7855a99a20>]}
[0m05:53:03.290351 [info ] [MainThread]: Registered adapter: redshift=1.10.0
[0m05:53:03.446467 [debug] [MainThread]: checksum: 3d40d8bbe1bef07db1c24822f2dbfff8bc07f2a48ed4fe2658a40653aec0b54b, vars: {}, profile: , target: , version: 1.11.2
[0m05:53:03.614869 [info ] [MainThread]: Unable to do partial parsing because profile has changed
[0m05:53:03.615734 [debug] [MainThread]: Sending event: {'category': 'dbt', 'action': 'partial_parser', 'label': 'b1b69a53-6348-4606-9c19-a75a641d8620', 'context': [<snowplow_tracker.self_describing_json.SelfDescribingJson object at 0x7f7856f16b30>]}
[0m05:53:05.930234 [debug] [MainThread]: Sending event: {'category': 'dbt', 'action': 'load_project', 'label': 'b1b69a53-6348-4606-9c19-a75a641d8620', 'context': [<snowplow_tracker.self_describing_json.SelfDescribingJson object at 0x7f78537a8130>]}
[0m05:53:06.069021 [debug] [MainThread]: Wrote artifact WritableManifest to ./target/manifest.json
[0m05:53:06.071648 [debug] [MainThread]: Wrote artifact SemanticManifest to ./target/semantic_manifest.json
[0m05:53:06.080226 [debug] [MainThread]: Sending event: {'category': 'dbt', 'action': 'resource_counts', 'label': 'b1b69a53-6348-4606-9c19-a75a641d8620', 'context': [<snowplow_tracker.self_describing_json.SelfDescribingJson object at 0x7f78537eb580>]}
[0m05:53:06.081129 [info ] [MainThread]: Found 2 models, 1 test, 1 source, 538 macros
[0m05:53:06.081850 [debug] [MainThread]: Sending event: {'category': 'dbt', 'action': 'runnable_timing', 'label': 'b1b69a53-6348-4606-9c19-a75a641d8620', 'context': [<snowplow_tracker.self_describing_json.SelfDescribingJson object at 0x7f78537e88b0>]}
[0m05:53:06.084158 [info ] [MainThread]: 
[0m05:53:06.084793 [info ] [MainThread]: Concurrency: 4 threads (target='dev')
[0m05:53:06.085395 [info ] [MainThread]: 
[0m05:53:06.086223 [debug] [MainThread]: Acquiring new redshift connection 'master'
[0m05:53:06.092573 [debug] [ThreadPool]: Acquiring new redshift connection 'list_dev'
[0m05:53:06.118517 [debug] [ThreadPool]: Using redshift connection "list_dev"
[0m05:53:06.119234 [debug] [ThreadPool]: On list_dev: /* {"app": "dbt", "dbt_version": "1.11.2", "profile_name": "dbt_poc", "target_name": "dev", "connection_name": "list_dev"} */

    select distinct nspname from pg_namespace
[0m05:53:06.119761 [debug] [ThreadPool]: Opening a new connection, currently in state init
[0m05:53:06.120310 [debug] [ThreadPool]: Redshift adapter: Connecting to Redshift with 'database' credentials method
[0m05:53:06.126022 [debug] [ThreadPool]: Redshift adapter: Establishing connection using ssl with `sslmode` set to 'require'.To connect without ssl, set `sslmode` to 'disable'.
[0m05:53:06.226153 [debug] [ThreadPool]: SQL status: SUCCESS in 0.106 seconds
[0m05:53:06.244132 [debug] [ThreadPool]: On list_dev: Close
[0m05:53:06.246222 [debug] [ThreadPool]: Re-using an available connection from the pool (formerly list_dev, now list_dev_public)
[0m05:53:06.257699 [debug] [ThreadPool]: Using redshift connection "list_dev_public"
[0m05:53:06.258409 [debug] [ThreadPool]: On list_dev_public: BEGIN
[0m05:53:06.258939 [debug] [ThreadPool]: Opening a new connection, currently in state closed
[0m05:53:06.259486 [debug] [ThreadPool]: Redshift adapter: Connecting to Redshift with 'database' credentials method
[0m05:53:06.260155 [debug] [ThreadPool]: Redshift adapter: Establishing connection using ssl with `sslmode` set to 'require'.To connect without ssl, set `sslmode` to 'disable'.
[0m05:53:06.343332 [debug] [ThreadPool]: SQL status: SUCCESS in 0.084 seconds
[0m05:53:06.344001 [debug] [ThreadPool]: Using redshift connection "list_dev_public"
[0m05:53:06.344524 [debug] [ThreadPool]: On list_dev_public: /* {"app": "dbt", "dbt_version": "1.11.2", "profile_name": "dbt_poc", "target_name": "dev", "connection_name": "list_dev_public"} */
select
        table_catalog as database,
        table_name as name,
        table_schema as schema,
        'table' as type
    from information_schema.tables
    where table_schema ilike 'public'
    and table_type = 'BASE TABLE'
    union all
    select
      table_catalog as database,
      table_name as name,
      table_schema as schema,
      case
        when view_definition ilike '%create materialized view%'
          then 'materialized_view'
        else 'view'
      end as type
    from information_schema.views
    where table_schema ilike 'public'
[0m05:53:06.366144 [debug] [ThreadPool]: SQL status: SUCCESS in 0.021 seconds
[0m05:53:06.368083 [debug] [ThreadPool]: On list_dev_public: ROLLBACK
[0m05:53:06.381357 [debug] [ThreadPool]: On list_dev_public: Close
[0m05:53:06.394983 [debug] [MainThread]: Using redshift connection "master"
[0m05:53:06.395665 [debug] [MainThread]: On master: BEGIN
[0m05:53:06.396217 [debug] [MainThread]: Opening a new connection, currently in state init
[0m05:53:06.396765 [debug] [MainThread]: Redshift adapter: Connecting to Redshift with 'database' credentials method
[0m05:53:06.397439 [debug] [MainThread]: Redshift adapter: Establishing connection using ssl with `sslmode` set to 'require'.To connect without ssl, set `sslmode` to 'disable'.
[0m05:53:06.476426 [debug] [MainThread]: SQL status: SUCCESS in 0.080 seconds
[0m05:53:06.477167 [debug] [MainThread]: Using redshift connection "master"
[0m05:53:06.477729 [debug] [MainThread]: On master: /* {"app": "dbt", "dbt_version": "1.11.2", "profile_name": "dbt_poc", "target_name": "dev", "connection_name": "master"} */
with
    relation as (
        select
            pg_class.oid as relation_id,
            pg_class.relname as relation_name,
            pg_class.relnamespace as schema_id,
            pg_namespace.nspname as schema_name,
            pg_class.relkind as relation_type
        from pg_class
        join pg_namespace
          on pg_class.relnamespace = pg_namespace.oid
        where pg_namespace.nspname != 'information_schema'
          and pg_namespace.nspname not like 'pg\_%'
    ),
    dependency as (
        select distinct
            coalesce(pg_rewrite.ev_class, pg_depend.objid) as dep_relation_id,
            pg_depend.refobjid as ref_relation_id,
            pg_depend.refclassid as ref_class_id
        from pg_depend
        left join pg_rewrite
          on pg_depend.objid = pg_rewrite.oid
        where coalesce(pg_rewrite.ev_class, pg_depend.objid) != pg_depend.refobjid
    )

select distinct
    dep.schema_name as dependent_schema,
    dep.relation_name as dependent_name,
    ref.schema_name as referenced_schema,
    ref.relation_name as referenced_name
from dependency
join relation ref
    on dependency.ref_relation_id = ref.relation_id
join relation dep
    on dependency.dep_relation_id = dep.relation_id
[0m05:53:06.529288 [debug] [MainThread]: SQL status: SUCCESS in 0.051 seconds
[0m05:53:06.531630 [debug] [MainThread]: Sending event: {'category': 'dbt', 'action': 'runnable_timing', 'label': 'b1b69a53-6348-4606-9c19-a75a641d8620', 'context': [<snowplow_tracker.self_describing_json.SelfDescribingJson object at 0x7f7853f19090>]}
[0m05:53:06.532340 [debug] [MainThread]: On master: ROLLBACK
[0m05:53:06.548226 [debug] [MainThread]: Using redshift connection "master"
[0m05:53:06.548916 [debug] [MainThread]: On master: BEGIN
[0m05:53:06.554486 [debug] [MainThread]: SQL status: SUCCESS in 0.005 seconds
[0m05:53:06.555128 [debug] [MainThread]: On master: COMMIT
[0m05:53:06.555771 [debug] [MainThread]: Using redshift connection "master"
[0m05:53:06.556235 [debug] [MainThread]: On master: COMMIT
[0m05:53:06.560955 [debug] [MainThread]: SQL status: SUCCESS in 0.004 seconds
[0m05:53:06.561494 [debug] [MainThread]: On master: Close
[0m05:53:06.565228 [debug] [Thread-1 (]: Began running node model.nyc_taxi_dbt.yellow_trip_data
[0m05:53:06.566148 [info ] [Thread-1 (]: 1 of 2 START sql view model public.yellow_trip_data ............................ [RUN]
[0m05:53:06.566869 [debug] [Thread-1 (]: Re-using an available connection from the pool (formerly list_dev_public, now model.nyc_taxi_dbt.yellow_trip_data)
[0m05:53:06.567422 [debug] [Thread-1 (]: Began compiling node model.nyc_taxi_dbt.yellow_trip_data
[0m05:53:06.574350 [debug] [Thread-1 (]: Writing injected SQL for node "model.nyc_taxi_dbt.yellow_trip_data"
[0m05:53:06.575208 [debug] [Thread-1 (]: Began executing node model.nyc_taxi_dbt.yellow_trip_data
[0m05:53:06.623452 [debug] [Thread-1 (]: Writing runtime sql for node "model.nyc_taxi_dbt.yellow_trip_data"
[0m05:53:06.625270 [debug] [Thread-1 (]: Using redshift connection "model.nyc_taxi_dbt.yellow_trip_data"
[0m05:53:06.625940 [debug] [Thread-1 (]: On model.nyc_taxi_dbt.yellow_trip_data: BEGIN
[0m05:53:06.626473 [debug] [Thread-1 (]: Opening a new connection, currently in state closed
[0m05:53:06.627030 [debug] [Thread-1 (]: Redshift adapter: Connecting to Redshift with 'database' credentials method
[0m05:53:06.627745 [debug] [Thread-1 (]: Redshift adapter: Establishing connection using ssl with `sslmode` set to 'require'.To connect without ssl, set `sslmode` to 'disable'.
[0m05:53:06.705974 [debug] [Thread-1 (]: SQL status: SUCCESS in 0.079 seconds
[0m05:53:06.706764 [debug] [Thread-1 (]: Using redshift connection "model.nyc_taxi_dbt.yellow_trip_data"
[0m05:53:06.707354 [debug] [Thread-1 (]: On model.nyc_taxi_dbt.yellow_trip_data: /* {"app": "dbt", "dbt_version": "1.11.2", "profile_name": "dbt_poc", "target_name": "dev", "node_id": "model.nyc_taxi_dbt.yellow_trip_data"} */


  create view "dev"."public"."yellow_trip_data__dbt_tmp" as (
    SELECT * 
FROM "dev"."public"."yellow_taxi_trips_2025_10"
  ) ;
[0m05:53:06.722594 [debug] [Thread-1 (]: SQL status: SUCCESS in 0.015 seconds
[0m05:53:06.733395 [debug] [Thread-1 (]: Using redshift connection "model.nyc_taxi_dbt.yellow_trip_data"
[0m05:53:06.734274 [debug] [Thread-1 (]: On model.nyc_taxi_dbt.yellow_trip_data: /* {"app": "dbt", "dbt_version": "1.11.2", "profile_name": "dbt_poc", "target_name": "dev", "node_id": "model.nyc_taxi_dbt.yellow_trip_data"} */
alter table "dev"."public"."yellow_trip_data" rename to "yellow_trip_data__dbt_backup"
[0m05:53:06.742033 [debug] [Thread-1 (]: SQL status: SUCCESS in 0.007 seconds
[0m05:53:06.747788 [debug] [Thread-1 (]: Using redshift connection "model.nyc_taxi_dbt.yellow_trip_data"
[0m05:53:06.748460 [debug] [Thread-1 (]: On model.nyc_taxi_dbt.yellow_trip_data: /* {"app": "dbt", "dbt_version": "1.11.2", "profile_name": "dbt_poc", "target_name": "dev", "node_id": "model.nyc_taxi_dbt.yellow_trip_data"} */
alter table "dev"."public"."yellow_trip_data__dbt_tmp" rename to "yellow_trip_data"
[0m05:53:06.755778 [debug] [Thread-1 (]: SQL status: SUCCESS in 0.007 seconds
[0m05:53:06.781179 [debug] [Thread-1 (]: On model.nyc_taxi_dbt.yellow_trip_data: COMMIT
[0m05:53:06.782530 [debug] [Thread-1 (]: Using redshift connection "model.nyc_taxi_dbt.yellow_trip_data"
[0m05:53:06.783437 [debug] [Thread-1 (]: On model.nyc_taxi_dbt.yellow_trip_data: COMMIT
[0m05:53:12.762362 [debug] [Thread-1 (]: SQL status: SUCCESS in 5.978 seconds
[0m05:53:12.763800 [debug] [Thread-1 (]: Using redshift connection "model.nyc_taxi_dbt.yellow_trip_data"
[0m05:53:12.764551 [debug] [Thread-1 (]: On model.nyc_taxi_dbt.yellow_trip_data: BEGIN
[0m05:53:12.771214 [debug] [Thread-1 (]: SQL status: SUCCESS in 0.006 seconds
[0m05:53:12.782763 [debug] [Thread-1 (]: Applying DROP to: "dev"."public"."yellow_trip_data__dbt_backup"
[0m05:53:12.789628 [debug] [Thread-1 (]: Using redshift connection "model.nyc_taxi_dbt.yellow_trip_data"
[0m05:53:12.790456 [debug] [Thread-1 (]: On model.nyc_taxi_dbt.yellow_trip_data: /* {"app": "dbt", "dbt_version": "1.11.2", "profile_name": "dbt_poc", "target_name": "dev", "node_id": "model.nyc_taxi_dbt.yellow_trip_data"} */
drop view if exists "dev"."public"."yellow_trip_data__dbt_backup" cascade
[0m05:53:12.821732 [debug] [Thread-1 (]: SQL status: SUCCESS in 0.031 seconds
[0m05:53:12.823289 [debug] [Thread-1 (]: On model.nyc_taxi_dbt.yellow_trip_data: COMMIT
[0m05:53:12.824077 [debug] [Thread-1 (]: Using redshift connection "model.nyc_taxi_dbt.yellow_trip_data"
[0m05:53:12.824630 [debug] [Thread-1 (]: On model.nyc_taxi_dbt.yellow_trip_data: COMMIT
[0m05:53:28.068359 [debug] [Thread-1 (]: SQL status: SUCCESS in 15.243 seconds
[0m05:53:28.069320 [debug] [Thread-1 (]: Using redshift connection "model.nyc_taxi_dbt.yellow_trip_data"
[0m05:53:28.069970 [debug] [Thread-1 (]: On model.nyc_taxi_dbt.yellow_trip_data: BEGIN
[0m05:53:28.075998 [debug] [Thread-1 (]: SQL status: SUCCESS in 0.005 seconds
[0m05:53:28.079008 [debug] [Thread-1 (]: On model.nyc_taxi_dbt.yellow_trip_data: ROLLBACK
[0m05:53:28.089948 [debug] [Thread-1 (]: On model.nyc_taxi_dbt.yellow_trip_data: Close
[0m05:53:28.092928 [debug] [Thread-1 (]: Sending event: {'category': 'dbt', 'action': 'run_model', 'label': 'b1b69a53-6348-4606-9c19-a75a641d8620', 'context': [<snowplow_tracker.self_describing_json.SelfDescribingJson object at 0x7f78582af8e0>]}
[0m05:53:28.094074 [info ] [Thread-1 (]: 1 of 2 OK created sql view model public.yellow_trip_data ....................... [[32mSUCCESS[0m in 21.52s]
[0m05:53:28.094967 [debug] [Thread-1 (]: Finished running node model.nyc_taxi_dbt.yellow_trip_data
[0m05:53:28.096257 [debug] [Thread-3 (]: Began running node model.nyc_taxi_dbt.taxi_agg
[0m05:53:28.097048 [info ] [Thread-3 (]: 2 of 2 START sql table model public.taxi_agg_2025_10 ........................... [RUN]
[0m05:53:28.097931 [debug] [Thread-3 (]: Acquiring new redshift connection 'model.nyc_taxi_dbt.taxi_agg'
[0m05:53:28.098489 [debug] [Thread-3 (]: Began compiling node model.nyc_taxi_dbt.taxi_agg
[0m05:53:28.104195 [debug] [Thread-3 (]: Writing injected SQL for node "model.nyc_taxi_dbt.taxi_agg"
[0m05:53:28.105028 [debug] [Thread-3 (]: Began executing node model.nyc_taxi_dbt.taxi_agg
[0m05:53:28.146932 [debug] [Thread-3 (]: Writing runtime sql for node "model.nyc_taxi_dbt.taxi_agg"
[0m05:53:28.149434 [debug] [Thread-3 (]: Using redshift connection "model.nyc_taxi_dbt.taxi_agg"
[0m05:53:28.150133 [debug] [Thread-3 (]: On model.nyc_taxi_dbt.taxi_agg: BEGIN
[0m05:53:28.150705 [debug] [Thread-3 (]: Opening a new connection, currently in state init
[0m05:53:28.151297 [debug] [Thread-3 (]: Redshift adapter: Connecting to Redshift with 'database' credentials method
[0m05:53:28.152046 [debug] [Thread-3 (]: Redshift adapter: Establishing connection using ssl with `sslmode` set to 'require'.To connect without ssl, set `sslmode` to 'disable'.
[0m05:53:28.232274 [debug] [Thread-3 (]: SQL status: SUCCESS in 0.081 seconds
[0m05:53:28.233075 [debug] [Thread-3 (]: Using redshift connection "model.nyc_taxi_dbt.taxi_agg"
[0m05:53:28.233671 [debug] [Thread-3 (]: On model.nyc_taxi_dbt.taxi_agg: /* {"app": "dbt", "dbt_version": "1.11.2", "profile_name": "dbt_poc", "target_name": "dev", "node_id": "model.nyc_taxi_dbt.taxi_agg"} */

  
    

  create  table
    "dev"."public"."taxi_agg_2025_10__dbt_tmp"
    
    
    
  as (
    

SELECT 
    sum(total_amount) AS total_amount,
    CAST(count(trip_id) AS DOUBLE PRECISION) AS row_count
FROM "dev"."public"."yellow_trip_data"
GROUP BY
    Run_Date_Short
  );
[0m05:54:03.621119 [debug] [Thread-3 (]: SQL status: SUCCESS in 35.387 seconds
[0m05:54:03.627171 [debug] [Thread-3 (]: Using redshift connection "model.nyc_taxi_dbt.taxi_agg"
[0m05:54:03.627839 [debug] [Thread-3 (]: On model.nyc_taxi_dbt.taxi_agg: /* {"app": "dbt", "dbt_version": "1.11.2", "profile_name": "dbt_poc", "target_name": "dev", "node_id": "model.nyc_taxi_dbt.taxi_agg"} */
alter table "dev"."public"."taxi_agg_2025_10" rename to "taxi_agg_2025_10__dbt_backup"
[0m05:54:03.640783 [debug] [Thread-3 (]: SQL status: SUCCESS in 0.012 seconds
[0m05:54:03.647896 [debug] [Thread-3 (]: Using redshift connection "model.nyc_taxi_dbt.taxi_agg"
[0m05:54:03.648572 [debug] [Thread-3 (]: On model.nyc_taxi_dbt.taxi_agg: /* {"app": "dbt", "dbt_version": "1.11.2", "profile_name": "dbt_poc", "target_name": "dev", "node_id": "model.nyc_taxi_dbt.taxi_agg"} */
alter table "dev"."public"."taxi_agg_2025_10__dbt_tmp" rename to "taxi_agg_2025_10"
[0m05:54:03.657273 [debug] [Thread-3 (]: SQL status: SUCCESS in 0.008 seconds
[0m05:54:03.664896 [debug] [Thread-3 (]: On model.nyc_taxi_dbt.taxi_agg: COMMIT
[0m05:54:03.665699 [debug] [Thread-3 (]: Using redshift connection "model.nyc_taxi_dbt.taxi_agg"
[0m05:54:03.666256 [debug] [Thread-3 (]: On model.nyc_taxi_dbt.taxi_agg: COMMIT
[0m05:54:04.710704 [debug] [Thread-3 (]: SQL status: SUCCESS in 1.044 seconds
[0m05:54:04.712049 [debug] [Thread-3 (]: Using redshift connection "model.nyc_taxi_dbt.taxi_agg"
[0m05:54:04.712674 [debug] [Thread-3 (]: On model.nyc_taxi_dbt.taxi_agg: BEGIN
[0m05:54:04.718365 [debug] [Thread-3 (]: SQL status: SUCCESS in 0.005 seconds
[0m05:54:04.722561 [debug] [Thread-3 (]: Applying DROP to: "dev"."public"."taxi_agg_2025_10__dbt_backup"
[0m05:54:04.727343 [debug] [Thread-3 (]: Using redshift connection "model.nyc_taxi_dbt.taxi_agg"
[0m05:54:04.727998 [debug] [Thread-3 (]: On model.nyc_taxi_dbt.taxi_agg: /* {"app": "dbt", "dbt_version": "1.11.2", "profile_name": "dbt_poc", "target_name": "dev", "node_id": "model.nyc_taxi_dbt.taxi_agg"} */
drop table if exists "dev"."public"."taxi_agg_2025_10__dbt_backup" cascade
[0m05:54:04.826826 [debug] [Thread-3 (]: SQL status: SUCCESS in 0.098 seconds
[0m05:54:04.828425 [debug] [Thread-3 (]: On model.nyc_taxi_dbt.taxi_agg: COMMIT
[0m05:54:04.829220 [debug] [Thread-3 (]: Using redshift connection "model.nyc_taxi_dbt.taxi_agg"
[0m05:54:04.829789 [debug] [Thread-3 (]: On model.nyc_taxi_dbt.taxi_agg: COMMIT
[0m05:54:06.497139 [debug] [Thread-3 (]: SQL status: SUCCESS in 1.667 seconds
[0m05:54:06.498191 [debug] [Thread-3 (]: Using redshift connection "model.nyc_taxi_dbt.taxi_agg"
[0m05:54:06.499041 [debug] [Thread-3 (]: On model.nyc_taxi_dbt.taxi_agg: BEGIN
[0m05:54:06.505182 [debug] [Thread-3 (]: SQL status: SUCCESS in 0.005 seconds
[0m05:54:06.507201 [debug] [Thread-3 (]: On model.nyc_taxi_dbt.taxi_agg: ROLLBACK
[0m05:54:06.518259 [debug] [Thread-3 (]: On model.nyc_taxi_dbt.taxi_agg: Close
[0m05:54:06.519597 [debug] [Thread-3 (]: Sending event: {'category': 'dbt', 'action': 'run_model', 'label': 'b1b69a53-6348-4606-9c19-a75a641d8620', 'context': [<snowplow_tracker.self_describing_json.SelfDescribingJson object at 0x7f78579ea3e0>]}
[0m05:54:06.520682 [info ] [Thread-3 (]: 2 of 2 OK created sql table model public.taxi_agg_2025_10 ...................... [[32mSUCCESS[0m in 38.42s]
[0m05:54:06.521667 [debug] [Thread-3 (]: Finished running node model.nyc_taxi_dbt.taxi_agg
[0m05:54:06.523659 [debug] [MainThread]: Using redshift connection "master"
[0m05:54:06.524208 [debug] [MainThread]: On master: BEGIN
[0m05:54:06.524700 [debug] [MainThread]: Opening a new connection, currently in state closed
[0m05:54:06.525233 [debug] [MainThread]: Redshift adapter: Connecting to Redshift with 'database' credentials method
[0m05:54:06.525940 [debug] [MainThread]: Redshift adapter: Establishing connection using ssl with `sslmode` set to 'require'.To connect without ssl, set `sslmode` to 'disable'.
[0m05:54:06.600356 [debug] [MainThread]: SQL status: SUCCESS in 0.076 seconds
[0m05:54:06.601070 [debug] [MainThread]: On master: COMMIT
[0m05:54:06.601710 [debug] [MainThread]: Using redshift connection "master"
[0m05:54:06.602230 [debug] [MainThread]: On master: COMMIT
[0m05:54:06.606969 [debug] [MainThread]: SQL status: SUCCESS in 0.004 seconds
[0m05:54:06.607543 [debug] [MainThread]: On master: Close
[0m05:54:06.608406 [debug] [MainThread]: Connection 'master' was properly closed.
[0m05:54:06.608876 [debug] [MainThread]: Connection 'model.nyc_taxi_dbt.yellow_trip_data' was properly closed.
[0m05:54:06.609292 [debug] [MainThread]: Connection 'model.nyc_taxi_dbt.taxi_agg' was properly closed.
[0m05:54:06.610168 [info ] [MainThread]: 
[0m05:54:06.610695 [info ] [MainThread]: Finished running 1 table model, 1 view model in 0 hours 1 minutes and 0.52 seconds (60.52s).
[0m05:54:06.611856 [debug] [MainThread]: Command end result
[0m05:54:06.751452 [debug] [MainThread]: Wrote artifact WritableManifest to ./target/manifest.json
[0m05:54:06.754078 [debug] [MainThread]: Wrote artifact SemanticManifest to ./target/semantic_manifest.json
[0m05:54:06.762985 [debug] [MainThread]: Wrote artifact RunExecutionResult to ./target/run_results.json
[0m05:54:06.763581 [info ] [MainThread]: 
[0m05:54:06.764338 [info ] [MainThread]: [32mCompleted successfully[0m
[0m05:54:06.764919 [info ] [MainThread]: 
[0m05:54:06.765523 [info ] [MainThread]: Done. PASS=2 WARN=0 ERROR=0 SKIP=0 NO-OP=0 TOTAL=2
[0m05:54:06.766808 [debug] [MainThread]: Resource report: {"command_name": "run", "command_success": true, "command_wall_clock_time": 64.15075, "process_in_blocks": "0", "process_kernel_time": 0.206729, "process_mem_max_rss": "140084", "process_out_blocks": "3344", "process_user_time": 6.241625}
[0m05:54:06.767501 [debug] [MainThread]: Command `dbt run` succeeded at 05:54:06.767355 after 64.15 seconds
[0m05:54:06.768077 [debug] [MainThread]: Sending event: {'category': 'dbt', 'action': 'invocation', 'label': 'end', 'context': [<snowplow_tracker.self_describing_json.SelfDescribingJson object at 0x7f785753c0d0>, <snowplow_tracker.self_describing_json.SelfDescribingJson object at 0x7f785793da50>, <snowplow_tracker.self_describing_json.SelfDescribingJson object at 0x7f78537941f0>]}
[0m05:54:06.768676 [debug] [MainThread]: Flushing usage events
[0m05:54:07.232975 [debug] [MainThread]: An error was encountered while trying to flush usage events
[0m05:54:09.749114 [debug] [MainThread]: Sending event: {'category': 'dbt', 'action': 'invocation', 'label': 'start', 'context': [<snowplow_tracker.self_describing_json.SelfDescribingJson object at 0x7efd32aec0a0>, <snowplow_tracker.self_describing_json.SelfDescribingJson object at 0x7efd318c3d90>, <snowplow_tracker.self_describing_json.SelfDescribingJson object at 0x7efd318c3d30>]}


============================== 05:54:09.752800 | 04324d27-133a-431a-ad8a-74388d6e7b8c ==============================
[0m05:54:09.752800 [info ] [MainThread]: Running with dbt=1.11.2
[0m05:54:09.753736 [debug] [MainThread]: running dbt with arguments {'warn_error_options': 'WarnErrorOptionsV2(error=[], warn=[], silence=[])', 'no_print': 'None', 'version_check': 'True', 'invocation_command': 'dbt clean', 'profiles_dir': '/home/ec2-user/NYC_taxi/dbt', 'cache_selected_only': 'False', 'log_format': 'default', 'log_cache_events': 'False', 'partial_parse': 'True', 'empty': 'None', 'send_anonymous_usage_stats': 'True', 'fail_fast': 'False', 'introspect': 'True', 'indirect_selection': 'eager', 'debug': 'False', 'use_colors': 'True', 'printer_width': '80', 'target_path': 'None', 'log_path': '/home/ec2-user/NYC_taxi/dbt/logs', 'quiet': 'False', 'static_parser': 'True', 'warn_error': 'None', 'use_experimental_parser': 'False', 'write_json': 'True'}
[0m05:54:09.919170 [debug] [MainThread]: Sending event: {'category': 'dbt', 'action': 'project_id', 'label': '04324d27-133a-431a-ad8a-74388d6e7b8c', 'context': [<snowplow_tracker.self_describing_json.SelfDescribingJson object at 0x7efd3445eda0>]}
[0m05:54:09.934197 [debug] [MainThread]: Resource report: {"command_name": "clean", "command_success": true, "command_wall_clock_time": 0.27782565, "process_in_blocks": "0", "process_kernel_time": 0.089182, "process_mem_max_rss": "97384", "process_out_blocks": "0", "process_user_time": 2.160095}
[0m05:54:09.934941 [debug] [MainThread]: Command `dbt clean` succeeded at 05:54:09.934790 after 0.28 seconds
[0m05:54:09.935511 [debug] [MainThread]: Sending event: {'category': 'dbt', 'action': 'invocation', 'label': 'end', 'context': [<snowplow_tracker.self_describing_json.SelfDescribingJson object at 0x7efd32aec0a0>, <snowplow_tracker.self_describing_json.SelfDescribingJson object at 0x7efd319ab160>, <snowplow_tracker.self_describing_json.SelfDescribingJson object at 0x7efd319a9ea0>]}
[0m05:54:09.936266 [debug] [MainThread]: Flushing usage events
[0m05:54:10.397571 [debug] [MainThread]: An error was encountered while trying to flush usage events
[0m06:01:18.369207 [debug] [MainThread]: Sending event: {'category': 'dbt', 'action': 'invocation', 'label': 'start', 'context': [<snowplow_tracker.self_describing_json.SelfDescribingJson object at 0x7f74283e7fd0>, <snowplow_tracker.self_describing_json.SelfDescribingJson object at 0x7f7426fcbdf0>, <snowplow_tracker.self_describing_json.SelfDescribingJson object at 0x7f7426fcbd90>]}


============================== 06:01:18.375313 | 1650d829-9442-4ff0-b5b4-c6e6f665bf1c ==============================
[0m06:01:18.375313 [info ] [MainThread]: Running with dbt=1.11.2
[0m06:01:18.377121 [debug] [MainThread]: running dbt with arguments {'write_json': 'True', 'static_parser': 'True', 'cache_selected_only': 'False', 'partial_parse': 'True', 'invocation_command': 'dbt run --profiles-dir . --project-dir .', 'warn_error_options': 'WarnErrorOptionsV2(error=[], warn=[], silence=[])', 'log_path': 'logs', 'debug': 'False', 'log_format': 'default', 'send_anonymous_usage_stats': 'True', 'printer_width': '80', 'profiles_dir': '.', 'no_print': 'None', 'fail_fast': 'False', 'log_cache_events': 'False', 'quiet': 'False', 'version_check': 'True', 'introspect': 'True', 'use_colors': 'True', 'indirect_selection': 'eager', 'target_path': 'None', 'use_experimental_parser': 'False', 'warn_error': 'None', 'empty': 'False'}
[0m06:01:18.548189 [debug] [MainThread]: Redshift adapter: Setting redshift_connector to ERROR
[0m06:01:18.555363 [debug] [MainThread]: Redshift adapter: Setting redshift_connector.core to ERROR
[0m06:01:19.004097 [debug] [MainThread]: Sending event: {'category': 'dbt', 'action': 'project_id', 'label': '1650d829-9442-4ff0-b5b4-c6e6f665bf1c', 'context': [<snowplow_tracker.self_describing_json.SelfDescribingJson object at 0x7f74280b26e0>]}
[0m06:01:19.115639 [debug] [MainThread]: Sending event: {'category': 'dbt', 'action': 'adapter_info', 'label': '1650d829-9442-4ff0-b5b4-c6e6f665bf1c', 'context': [<snowplow_tracker.self_describing_json.SelfDescribingJson object at 0x7f742786f880>]}
[0m06:01:19.116964 [info ] [MainThread]: Registered adapter: redshift=1.10.0
[0m06:01:19.308784 [debug] [MainThread]: checksum: 3d40d8bbe1bef07db1c24822f2dbfff8bc07f2a48ed4fe2658a40653aec0b54b, vars: {}, profile: , target: , version: 1.11.2
[0m06:01:19.310165 [info ] [MainThread]: Unable to do partial parsing because saved manifest not found. Starting full parse.
[0m06:01:19.312449 [debug] [MainThread]: Sending event: {'category': 'dbt', 'action': 'partial_parser', 'label': '1650d829-9442-4ff0-b5b4-c6e6f665bf1c', 'context': [<snowplow_tracker.self_describing_json.SelfDescribingJson object at 0x7f7425b92f20>]}
[0m06:01:22.732097 [debug] [MainThread]: Sending event: {'category': 'dbt', 'action': 'load_project', 'label': '1650d829-9442-4ff0-b5b4-c6e6f665bf1c', 'context': [<snowplow_tracker.self_describing_json.SelfDescribingJson object at 0x7f74243eba60>]}
[0m06:01:23.163406 [debug] [MainThread]: Wrote artifact WritableManifest to ./target/manifest.json
[0m06:01:23.167623 [debug] [MainThread]: Wrote artifact SemanticManifest to ./target/semantic_manifest.json
[0m06:01:23.190016 [debug] [MainThread]: Sending event: {'category': 'dbt', 'action': 'resource_counts', 'label': '1650d829-9442-4ff0-b5b4-c6e6f665bf1c', 'context': [<snowplow_tracker.self_describing_json.SelfDescribingJson object at 0x7f74243f3c40>]}
[0m06:01:23.193495 [info ] [MainThread]: Found 2 models, 1 test, 1 source, 538 macros
[0m06:01:23.199884 [debug] [MainThread]: Sending event: {'category': 'dbt', 'action': 'runnable_timing', 'label': '1650d829-9442-4ff0-b5b4-c6e6f665bf1c', 'context': [<snowplow_tracker.self_describing_json.SelfDescribingJson object at 0x7f74243f3100>]}
[0m06:01:23.204106 [info ] [MainThread]: 
[0m06:01:23.209630 [info ] [MainThread]: Concurrency: 4 threads (target='dev')
[0m06:01:23.211199 [info ] [MainThread]: 
[0m06:01:23.212760 [debug] [MainThread]: Acquiring new redshift connection 'master'
[0m06:01:23.224109 [debug] [ThreadPool]: Acquiring new redshift connection 'list_dev'
[0m06:01:23.264638 [debug] [ThreadPool]: Using redshift connection "list_dev"
[0m06:01:23.265779 [debug] [ThreadPool]: On list_dev: /* {"app": "dbt", "dbt_version": "1.11.2", "profile_name": "dbt_poc", "target_name": "dev", "connection_name": "list_dev"} */

    select distinct nspname from pg_namespace
[0m06:01:23.266752 [debug] [ThreadPool]: Opening a new connection, currently in state init
[0m06:01:23.267688 [debug] [ThreadPool]: Redshift adapter: Connecting to Redshift with 'database' credentials method
[0m06:01:23.276930 [debug] [ThreadPool]: Redshift adapter: Establishing connection using ssl with `sslmode` set to 'require'.To connect without ssl, set `sslmode` to 'disable'.
[0m06:01:23.442431 [debug] [ThreadPool]: SQL status: SUCCESS in 0.176 seconds
[0m06:01:23.473606 [debug] [ThreadPool]: On list_dev: Close
[0m06:01:23.476718 [debug] [ThreadPool]: Acquiring new redshift connection 'list_dev_public'
[0m06:01:23.512387 [debug] [ThreadPool]: Using redshift connection "list_dev_public"
[0m06:01:23.513480 [debug] [ThreadPool]: On list_dev_public: BEGIN
[0m06:01:23.514214 [debug] [ThreadPool]: Opening a new connection, currently in state init
[0m06:01:23.514951 [debug] [ThreadPool]: Redshift adapter: Connecting to Redshift with 'database' credentials method
[0m06:01:23.515868 [debug] [ThreadPool]: Redshift adapter: Establishing connection using ssl with `sslmode` set to 'require'.To connect without ssl, set `sslmode` to 'disable'.
[0m06:01:23.639367 [debug] [ThreadPool]: SQL status: SUCCESS in 0.125 seconds
[0m06:01:23.640408 [debug] [ThreadPool]: Using redshift connection "list_dev_public"
[0m06:01:23.641306 [debug] [ThreadPool]: On list_dev_public: /* {"app": "dbt", "dbt_version": "1.11.2", "profile_name": "dbt_poc", "target_name": "dev", "connection_name": "list_dev_public"} */
select
        table_catalog as database,
        table_name as name,
        table_schema as schema,
        'table' as type
    from information_schema.tables
    where table_schema ilike 'public'
    and table_type = 'BASE TABLE'
    union all
    select
      table_catalog as database,
      table_name as name,
      table_schema as schema,
      case
        when view_definition ilike '%create materialized view%'
          then 'materialized_view'
        else 'view'
      end as type
    from information_schema.views
    where table_schema ilike 'public'
[0m06:01:23.663766 [debug] [ThreadPool]: SQL status: SUCCESS in 0.021 seconds
[0m06:01:23.666842 [debug] [ThreadPool]: On list_dev_public: ROLLBACK
[0m06:01:23.680723 [debug] [ThreadPool]: On list_dev_public: Close
[0m06:01:23.716671 [debug] [MainThread]: Using redshift connection "master"
[0m06:01:23.717710 [debug] [MainThread]: On master: BEGIN
[0m06:01:23.718528 [debug] [MainThread]: Opening a new connection, currently in state init
[0m06:01:23.719352 [debug] [MainThread]: Redshift adapter: Connecting to Redshift with 'database' credentials method
[0m06:01:23.720388 [debug] [MainThread]: Redshift adapter: Establishing connection using ssl with `sslmode` set to 'require'.To connect without ssl, set `sslmode` to 'disable'.
[0m06:01:23.862233 [debug] [MainThread]: SQL status: SUCCESS in 0.144 seconds
[0m06:01:23.862975 [debug] [MainThread]: Using redshift connection "master"
[0m06:01:23.863817 [debug] [MainThread]: On master: /* {"app": "dbt", "dbt_version": "1.11.2", "profile_name": "dbt_poc", "target_name": "dev", "connection_name": "master"} */
with
    relation as (
        select
            pg_class.oid as relation_id,
            pg_class.relname as relation_name,
            pg_class.relnamespace as schema_id,
            pg_namespace.nspname as schema_name,
            pg_class.relkind as relation_type
        from pg_class
        join pg_namespace
          on pg_class.relnamespace = pg_namespace.oid
        where pg_namespace.nspname != 'information_schema'
          and pg_namespace.nspname not like 'pg\_%'
    ),
    dependency as (
        select distinct
            coalesce(pg_rewrite.ev_class, pg_depend.objid) as dep_relation_id,
            pg_depend.refobjid as ref_relation_id,
            pg_depend.refclassid as ref_class_id
        from pg_depend
        left join pg_rewrite
          on pg_depend.objid = pg_rewrite.oid
        where coalesce(pg_rewrite.ev_class, pg_depend.objid) != pg_depend.refobjid
    )

select distinct
    dep.schema_name as dependent_schema,
    dep.relation_name as dependent_name,
    ref.schema_name as referenced_schema,
    ref.relation_name as referenced_name
from dependency
join relation ref
    on dependency.ref_relation_id = ref.relation_id
join relation dep
    on dependency.dep_relation_id = dep.relation_id
[0m06:01:23.915576 [debug] [MainThread]: SQL status: SUCCESS in 0.051 seconds
[0m06:01:23.918939 [debug] [MainThread]: Sending event: {'category': 'dbt', 'action': 'runnable_timing', 'label': '1650d829-9442-4ff0-b5b4-c6e6f665bf1c', 'context': [<snowplow_tracker.self_describing_json.SelfDescribingJson object at 0x7f74268b8730>]}
[0m06:01:23.920076 [debug] [MainThread]: On master: ROLLBACK
[0m06:01:23.938853 [debug] [MainThread]: Using redshift connection "master"
[0m06:01:23.939897 [debug] [MainThread]: On master: BEGIN
[0m06:01:23.945763 [debug] [MainThread]: SQL status: SUCCESS in 0.005 seconds
[0m06:01:23.946740 [debug] [MainThread]: On master: COMMIT
[0m06:01:23.947758 [debug] [MainThread]: Using redshift connection "master"
[0m06:01:23.948508 [debug] [MainThread]: On master: COMMIT
[0m06:01:23.953745 [debug] [MainThread]: SQL status: SUCCESS in 0.004 seconds
[0m06:01:23.954736 [debug] [MainThread]: On master: Close
[0m06:01:23.959283 [debug] [Thread-1 (]: Began running node model.nyc_taxi_dbt.yellow_trip_data
[0m06:01:23.960596 [info ] [Thread-1 (]: 1 of 2 START sql view model public.yellow_trip_data ............................ [RUN]
[0m06:01:23.962303 [debug] [Thread-1 (]: Re-using an available connection from the pool (formerly list_dev_public, now model.nyc_taxi_dbt.yellow_trip_data)
[0m06:01:23.963490 [debug] [Thread-1 (]: Began compiling node model.nyc_taxi_dbt.yellow_trip_data
[0m06:01:23.971737 [debug] [Thread-1 (]: Writing injected SQL for node "model.nyc_taxi_dbt.yellow_trip_data"
[0m06:01:23.973443 [debug] [Thread-1 (]: Began executing node model.nyc_taxi_dbt.yellow_trip_data
[0m06:01:24.058896 [debug] [Thread-1 (]: Writing runtime sql for node "model.nyc_taxi_dbt.yellow_trip_data"
[0m06:01:24.061738 [debug] [Thread-1 (]: Using redshift connection "model.nyc_taxi_dbt.yellow_trip_data"
[0m06:01:24.062878 [debug] [Thread-1 (]: On model.nyc_taxi_dbt.yellow_trip_data: BEGIN
[0m06:01:24.063868 [debug] [Thread-1 (]: Opening a new connection, currently in state closed
[0m06:01:24.064830 [debug] [Thread-1 (]: Redshift adapter: Connecting to Redshift with 'database' credentials method
[0m06:01:24.066012 [debug] [Thread-1 (]: Redshift adapter: Establishing connection using ssl with `sslmode` set to 'require'.To connect without ssl, set `sslmode` to 'disable'.
[0m06:01:24.173661 [debug] [Thread-1 (]: SQL status: SUCCESS in 0.110 seconds
[0m06:01:24.174803 [debug] [Thread-1 (]: Using redshift connection "model.nyc_taxi_dbt.yellow_trip_data"
[0m06:01:24.175758 [debug] [Thread-1 (]: On model.nyc_taxi_dbt.yellow_trip_data: /* {"app": "dbt", "dbt_version": "1.11.2", "profile_name": "dbt_poc", "target_name": "dev", "node_id": "model.nyc_taxi_dbt.yellow_trip_data"} */


  create view "dev"."public"."yellow_trip_data__dbt_tmp" as (
    SELECT * 
FROM "dev"."public"."yellow_taxi_trips_2025_10"
  ) ;
[0m06:01:24.197067 [debug] [Thread-1 (]: SQL status: SUCCESS in 0.020 seconds
[0m06:01:24.236927 [debug] [Thread-1 (]: Using redshift connection "model.nyc_taxi_dbt.yellow_trip_data"
[0m06:01:24.238115 [debug] [Thread-1 (]: On model.nyc_taxi_dbt.yellow_trip_data: /* {"app": "dbt", "dbt_version": "1.11.2", "profile_name": "dbt_poc", "target_name": "dev", "node_id": "model.nyc_taxi_dbt.yellow_trip_data"} */
alter table "dev"."public"."yellow_trip_data" rename to "yellow_trip_data__dbt_backup"
[0m06:01:24.247904 [debug] [Thread-1 (]: SQL status: SUCCESS in 0.009 seconds
[0m06:01:24.264003 [debug] [Thread-1 (]: Using redshift connection "model.nyc_taxi_dbt.yellow_trip_data"
[0m06:01:24.265209 [debug] [Thread-1 (]: On model.nyc_taxi_dbt.yellow_trip_data: /* {"app": "dbt", "dbt_version": "1.11.2", "profile_name": "dbt_poc", "target_name": "dev", "node_id": "model.nyc_taxi_dbt.yellow_trip_data"} */
alter table "dev"."public"."yellow_trip_data__dbt_tmp" rename to "yellow_trip_data"
[0m06:01:24.275183 [debug] [Thread-1 (]: SQL status: SUCCESS in 0.009 seconds
[0m06:01:24.328344 [debug] [Thread-1 (]: On model.nyc_taxi_dbt.yellow_trip_data: COMMIT
[0m06:01:24.329726 [debug] [Thread-1 (]: Using redshift connection "model.nyc_taxi_dbt.yellow_trip_data"
[0m06:01:24.330762 [debug] [Thread-1 (]: On model.nyc_taxi_dbt.yellow_trip_data: COMMIT
[0m06:01:24.514993 [debug] [Thread-1 (]: SQL status: SUCCESS in 0.183 seconds
[0m06:01:24.516631 [debug] [Thread-1 (]: Using redshift connection "model.nyc_taxi_dbt.yellow_trip_data"
[0m06:01:24.517672 [debug] [Thread-1 (]: On model.nyc_taxi_dbt.yellow_trip_data: BEGIN
[0m06:01:24.524082 [debug] [Thread-1 (]: SQL status: SUCCESS in 0.005 seconds
[0m06:01:24.540505 [debug] [Thread-1 (]: Applying DROP to: "dev"."public"."yellow_trip_data__dbt_backup"
[0m06:01:24.554152 [debug] [Thread-1 (]: Using redshift connection "model.nyc_taxi_dbt.yellow_trip_data"
[0m06:01:24.555376 [debug] [Thread-1 (]: On model.nyc_taxi_dbt.yellow_trip_data: /* {"app": "dbt", "dbt_version": "1.11.2", "profile_name": "dbt_poc", "target_name": "dev", "node_id": "model.nyc_taxi_dbt.yellow_trip_data"} */
drop view if exists "dev"."public"."yellow_trip_data__dbt_backup" cascade
[0m06:01:24.569055 [debug] [Thread-1 (]: SQL status: SUCCESS in 0.013 seconds
[0m06:01:24.571570 [debug] [Thread-1 (]: On model.nyc_taxi_dbt.yellow_trip_data: COMMIT
[0m06:01:24.572887 [debug] [Thread-1 (]: Using redshift connection "model.nyc_taxi_dbt.yellow_trip_data"
[0m06:01:24.573942 [debug] [Thread-1 (]: On model.nyc_taxi_dbt.yellow_trip_data: COMMIT
[0m06:01:24.760269 [debug] [Thread-1 (]: SQL status: SUCCESS in 0.185 seconds
[0m06:01:24.761734 [debug] [Thread-1 (]: Using redshift connection "model.nyc_taxi_dbt.yellow_trip_data"
[0m06:01:24.762780 [debug] [Thread-1 (]: On model.nyc_taxi_dbt.yellow_trip_data: BEGIN
[0m06:01:24.769484 [debug] [Thread-1 (]: SQL status: SUCCESS in 0.005 seconds
[0m06:01:24.774346 [debug] [Thread-1 (]: On model.nyc_taxi_dbt.yellow_trip_data: ROLLBACK
[0m06:01:24.785003 [debug] [Thread-1 (]: On model.nyc_taxi_dbt.yellow_trip_data: Close
[0m06:01:24.789439 [debug] [Thread-1 (]: Sending event: {'category': 'dbt', 'action': 'run_model', 'label': '1650d829-9442-4ff0-b5b4-c6e6f665bf1c', 'context': [<snowplow_tracker.self_describing_json.SelfDescribingJson object at 0x7f7428f620e0>]}
[0m06:01:24.795891 [info ] [Thread-1 (]: 1 of 2 OK created sql view model public.yellow_trip_data ....................... [[32mSUCCESS[0m in 0.82s]
[0m06:01:24.797605 [debug] [Thread-1 (]: Finished running node model.nyc_taxi_dbt.yellow_trip_data
[0m06:01:24.799389 [debug] [Thread-3 (]: Began running node model.nyc_taxi_dbt.taxi_agg
[0m06:01:24.800564 [info ] [Thread-3 (]: 2 of 2 START sql table model public.taxi_agg_2025_10 ........................... [RUN]
[0m06:01:24.802980 [debug] [Thread-3 (]: Acquiring new redshift connection 'model.nyc_taxi_dbt.taxi_agg'
[0m06:01:24.803944 [debug] [Thread-3 (]: Began compiling node model.nyc_taxi_dbt.taxi_agg
[0m06:01:24.825363 [debug] [Thread-3 (]: Writing injected SQL for node "model.nyc_taxi_dbt.taxi_agg"
[0m06:01:24.826877 [debug] [Thread-3 (]: Began executing node model.nyc_taxi_dbt.taxi_agg
[0m06:01:24.973935 [debug] [Thread-3 (]: Writing runtime sql for node "model.nyc_taxi_dbt.taxi_agg"
[0m06:01:24.978008 [debug] [Thread-3 (]: Using redshift connection "model.nyc_taxi_dbt.taxi_agg"
[0m06:01:24.979238 [debug] [Thread-3 (]: On model.nyc_taxi_dbt.taxi_agg: BEGIN
[0m06:01:24.980225 [debug] [Thread-3 (]: Opening a new connection, currently in state init
[0m06:01:24.981225 [debug] [Thread-3 (]: Redshift adapter: Connecting to Redshift with 'database' credentials method
[0m06:01:24.982422 [debug] [Thread-3 (]: Redshift adapter: Establishing connection using ssl with `sslmode` set to 'require'.To connect without ssl, set `sslmode` to 'disable'.
[0m06:01:25.091961 [debug] [Thread-3 (]: SQL status: SUCCESS in 0.112 seconds
[0m06:01:25.093280 [debug] [Thread-3 (]: Using redshift connection "model.nyc_taxi_dbt.taxi_agg"
[0m06:01:25.094493 [debug] [Thread-3 (]: On model.nyc_taxi_dbt.taxi_agg: /* {"app": "dbt", "dbt_version": "1.11.2", "profile_name": "dbt_poc", "target_name": "dev", "node_id": "model.nyc_taxi_dbt.taxi_agg"} */

  
    

  create  table
    "dev"."public"."taxi_agg_2025_10__dbt_tmp"
    
    
    
  as (
    

SELECT 
    sum(total_amount) AS total_amount,
    CAST(count(trip_id) AS DOUBLE PRECISION) AS row_count
FROM "dev"."public"."yellow_trip_data"
GROUP BY
    Run_Date_Short
  );
[0m06:01:30.320881 [debug] [Thread-3 (]: SQL status: SUCCESS in 5.225 seconds
[0m06:01:30.328683 [debug] [Thread-3 (]: Using redshift connection "model.nyc_taxi_dbt.taxi_agg"
[0m06:01:30.329779 [debug] [Thread-3 (]: On model.nyc_taxi_dbt.taxi_agg: /* {"app": "dbt", "dbt_version": "1.11.2", "profile_name": "dbt_poc", "target_name": "dev", "node_id": "model.nyc_taxi_dbt.taxi_agg"} */
alter table "dev"."public"."taxi_agg_2025_10" rename to "taxi_agg_2025_10__dbt_backup"
[0m06:01:30.342268 [debug] [Thread-3 (]: SQL status: SUCCESS in 0.011 seconds
[0m06:01:30.349946 [debug] [Thread-3 (]: Using redshift connection "model.nyc_taxi_dbt.taxi_agg"
[0m06:01:30.351170 [debug] [Thread-3 (]: On model.nyc_taxi_dbt.taxi_agg: /* {"app": "dbt", "dbt_version": "1.11.2", "profile_name": "dbt_poc", "target_name": "dev", "node_id": "model.nyc_taxi_dbt.taxi_agg"} */
alter table "dev"."public"."taxi_agg_2025_10__dbt_tmp" rename to "taxi_agg_2025_10"
[0m06:01:30.359272 [debug] [Thread-3 (]: SQL status: SUCCESS in 0.007 seconds
[0m06:01:30.368354 [debug] [Thread-3 (]: On model.nyc_taxi_dbt.taxi_agg: COMMIT
[0m06:01:30.369317 [debug] [Thread-3 (]: Using redshift connection "model.nyc_taxi_dbt.taxi_agg"
[0m06:01:30.369980 [debug] [Thread-3 (]: On model.nyc_taxi_dbt.taxi_agg: COMMIT
[0m06:01:30.538259 [debug] [Thread-3 (]: SQL status: SUCCESS in 0.167 seconds
[0m06:01:30.539490 [debug] [Thread-3 (]: Using redshift connection "model.nyc_taxi_dbt.taxi_agg"
[0m06:01:30.540113 [debug] [Thread-3 (]: On model.nyc_taxi_dbt.taxi_agg: BEGIN
[0m06:01:30.547100 [debug] [Thread-3 (]: SQL status: SUCCESS in 0.006 seconds
[0m06:01:30.552454 [debug] [Thread-3 (]: Applying DROP to: "dev"."public"."taxi_agg_2025_10__dbt_backup"
[0m06:01:30.557553 [debug] [Thread-3 (]: Using redshift connection "model.nyc_taxi_dbt.taxi_agg"
[0m06:01:30.558489 [debug] [Thread-3 (]: On model.nyc_taxi_dbt.taxi_agg: /* {"app": "dbt", "dbt_version": "1.11.2", "profile_name": "dbt_poc", "target_name": "dev", "node_id": "model.nyc_taxi_dbt.taxi_agg"} */
drop table if exists "dev"."public"."taxi_agg_2025_10__dbt_backup" cascade
[0m06:01:30.570996 [debug] [Thread-3 (]: SQL status: SUCCESS in 0.011 seconds
[0m06:01:30.573083 [debug] [Thread-3 (]: On model.nyc_taxi_dbt.taxi_agg: COMMIT
[0m06:01:30.575954 [debug] [Thread-3 (]: Using redshift connection "model.nyc_taxi_dbt.taxi_agg"
[0m06:01:30.577884 [debug] [Thread-3 (]: On model.nyc_taxi_dbt.taxi_agg: COMMIT
[0m06:01:30.750471 [debug] [Thread-3 (]: SQL status: SUCCESS in 0.172 seconds
[0m06:01:30.751959 [debug] [Thread-3 (]: Using redshift connection "model.nyc_taxi_dbt.taxi_agg"
[0m06:01:30.752624 [debug] [Thread-3 (]: On model.nyc_taxi_dbt.taxi_agg: BEGIN
[0m06:01:30.758827 [debug] [Thread-3 (]: SQL status: SUCCESS in 0.005 seconds
[0m06:01:30.760605 [debug] [Thread-3 (]: On model.nyc_taxi_dbt.taxi_agg: ROLLBACK
[0m06:01:30.771934 [debug] [Thread-3 (]: On model.nyc_taxi_dbt.taxi_agg: Close
[0m06:01:30.773443 [debug] [Thread-3 (]: Sending event: {'category': 'dbt', 'action': 'run_model', 'label': '1650d829-9442-4ff0-b5b4-c6e6f665bf1c', 'context': [<snowplow_tracker.self_describing_json.SelfDescribingJson object at 0x7f7428f620e0>]}
[0m06:01:30.774844 [info ] [Thread-3 (]: 2 of 2 OK created sql table model public.taxi_agg_2025_10 ...................... [[32mSUCCESS[0m in 5.97s]
[0m06:01:30.776125 [debug] [Thread-3 (]: Finished running node model.nyc_taxi_dbt.taxi_agg
[0m06:01:30.778379 [debug] [MainThread]: Using redshift connection "master"
[0m06:01:30.779306 [debug] [MainThread]: On master: BEGIN
[0m06:01:30.779809 [debug] [MainThread]: Opening a new connection, currently in state closed
[0m06:01:30.780368 [debug] [MainThread]: Redshift adapter: Connecting to Redshift with 'database' credentials method
[0m06:01:30.781255 [debug] [MainThread]: Redshift adapter: Establishing connection using ssl with `sslmode` set to 'require'.To connect without ssl, set `sslmode` to 'disable'.
[0m06:01:30.859829 [debug] [MainThread]: SQL status: SUCCESS in 0.080 seconds
[0m06:01:30.860780 [debug] [MainThread]: On master: COMMIT
[0m06:01:30.861612 [debug] [MainThread]: Using redshift connection "master"
[0m06:01:30.862671 [debug] [MainThread]: On master: COMMIT
[0m06:01:30.868048 [debug] [MainThread]: SQL status: SUCCESS in 0.005 seconds
[0m06:01:30.869164 [debug] [MainThread]: On master: Close
[0m06:01:30.871131 [debug] [MainThread]: Connection 'master' was properly closed.
[0m06:01:30.871999 [debug] [MainThread]: Connection 'list_dev' was properly closed.
[0m06:01:30.872803 [debug] [MainThread]: Connection 'model.nyc_taxi_dbt.yellow_trip_data' was properly closed.
[0m06:01:30.873641 [debug] [MainThread]: Connection 'model.nyc_taxi_dbt.taxi_agg' was properly closed.
[0m06:01:30.874508 [info ] [MainThread]: 
[0m06:01:30.875386 [info ] [MainThread]: Finished running 1 table model, 1 view model in 0 hours 0 minutes and 7.66 seconds (7.66s).
[0m06:01:30.877133 [debug] [MainThread]: Command end result
[0m06:01:30.924938 [debug] [MainThread]: Wrote artifact WritableManifest to ./target/manifest.json
[0m06:01:30.928128 [debug] [MainThread]: Wrote artifact SemanticManifest to ./target/semantic_manifest.json
[0m06:01:30.945463 [debug] [MainThread]: Wrote artifact RunExecutionResult to ./target/run_results.json
[0m06:01:30.946389 [info ] [MainThread]: 
[0m06:01:30.947411 [info ] [MainThread]: [32mCompleted successfully[0m
[0m06:01:30.948060 [info ] [MainThread]: 
[0m06:01:30.948753 [info ] [MainThread]: Done. PASS=2 WARN=0 ERROR=0 SKIP=0 NO-OP=0 TOTAL=2
[0m06:01:30.953994 [debug] [MainThread]: Resource report: {"command_name": "run", "command_success": true, "command_wall_clock_time": 12.684433, "process_in_blocks": "0", "process_kernel_time": 0.227775, "process_mem_max_rss": "140048", "process_out_blocks": "3344", "process_user_time": 6.770435}
[0m06:01:30.965927 [debug] [MainThread]: Command `dbt run` succeeded at 06:01:30.965616 after 12.70 seconds
[0m06:01:30.969745 [debug] [MainThread]: Sending event: {'category': 'dbt', 'action': 'invocation', 'label': 'end', 'context': [<snowplow_tracker.self_describing_json.SelfDescribingJson object at 0x7f74283e7fd0>, <snowplow_tracker.self_describing_json.SelfDescribingJson object at 0x7f7424b08a00>, <snowplow_tracker.self_describing_json.SelfDescribingJson object at 0x7f74280b3820>]}
[0m06:01:30.973660 [debug] [MainThread]: Flushing usage events
[0m06:01:31.444912 [debug] [MainThread]: An error was encountered while trying to flush usage events
[0m06:01:34.693722 [debug] [MainThread]: Sending event: {'category': 'dbt', 'action': 'invocation', 'label': 'start', 'context': [<snowplow_tracker.self_describing_json.SelfDescribingJson object at 0x7f93ebfdc070>, <snowplow_tracker.self_describing_json.SelfDescribingJson object at 0x7f93ead8fd90>, <snowplow_tracker.self_describing_json.SelfDescribingJson object at 0x7f93ead8fd30>]}


============================== 06:01:34.697743 | 549e59a5-c302-449b-b4ef-c51e96fbfee3 ==============================
[0m06:01:34.697743 [info ] [MainThread]: Running with dbt=1.11.2
[0m06:01:34.698886 [debug] [MainThread]: running dbt with arguments {'partial_parse': 'True', 'write_json': 'True', 'version_check': 'True', 'no_print': 'None', 'log_path': '/home/ec2-user/NYC_taxi/dbt/logs', 'use_colors': 'True', 'indirect_selection': 'eager', 'warn_error_options': 'WarnErrorOptionsV2(error=[], warn=[], silence=[])', 'printer_width': '80', 'quiet': 'False', 'empty': 'None', 'invocation_command': 'dbt clean', 'profiles_dir': '/home/ec2-user/NYC_taxi/dbt', 'log_cache_events': 'False', 'send_anonymous_usage_stats': 'True', 'introspect': 'True', 'fail_fast': 'False', 'static_parser': 'True', 'cache_selected_only': 'False', 'target_path': 'None', 'debug': 'False', 'warn_error': 'None', 'use_experimental_parser': 'False', 'log_format': 'default'}
[0m06:01:34.961168 [debug] [MainThread]: Sending event: {'category': 'dbt', 'action': 'project_id', 'label': '549e59a5-c302-449b-b4ef-c51e96fbfee3', 'context': [<snowplow_tracker.self_describing_json.SelfDescribingJson object at 0x7f93ed8fad70>]}
[0m06:01:34.981775 [debug] [MainThread]: Resource report: {"command_name": "clean", "command_success": true, "command_wall_clock_time": 0.46532464, "process_in_blocks": "0", "process_kernel_time": 0.120916, "process_mem_max_rss": "97448", "process_out_blocks": "0", "process_user_time": 2.403132}
[0m06:01:34.983228 [debug] [MainThread]: Command `dbt clean` succeeded at 06:01:34.982809 after 0.47 seconds
[0m06:01:34.984542 [debug] [MainThread]: Sending event: {'category': 'dbt', 'action': 'invocation', 'label': 'end', 'context': [<snowplow_tracker.self_describing_json.SelfDescribingJson object at 0x7f93ebfdc070>, <snowplow_tracker.self_describing_json.SelfDescribingJson object at 0x7f93eac81000>, <snowplow_tracker.self_describing_json.SelfDescribingJson object at 0x7f93eac816f0>]}
[0m06:01:34.985277 [debug] [MainThread]: Flushing usage events
[0m06:01:35.451562 [debug] [MainThread]: An error was encountered while trying to flush usage events
[0m06:04:17.271581 [debug] [MainThread]: Sending event: {'category': 'dbt', 'action': 'invocation', 'label': 'start', 'context': [<snowplow_tracker.self_describing_json.SelfDescribingJson object at 0x7eff95320100>, <snowplow_tracker.self_describing_json.SelfDescribingJson object at 0x7eff940cfee0>, <snowplow_tracker.self_describing_json.SelfDescribingJson object at 0x7eff940cfe80>]}


============================== 06:04:17.276305 | 0e1ef0f8-d09a-4f7d-ba2a-50db88ee51a8 ==============================
[0m06:04:17.276305 [info ] [MainThread]: Running with dbt=1.11.2
[0m06:04:17.277258 [debug] [MainThread]: running dbt with arguments {'log_path': 'logs', 'log_format': 'default', 'use_colors': 'True', 'warn_error_options': 'WarnErrorOptionsV2(error=[], warn=[], silence=[])', 'use_experimental_parser': 'False', 'printer_width': '80', 'static_parser': 'True', 'introspect': 'True', 'send_anonymous_usage_stats': 'True', 'version_check': 'True', 'no_print': 'None', 'profiles_dir': '.', 'write_json': 'True', 'fail_fast': 'False', 'empty': 'False', 'debug': 'False', 'warn_error': 'None', 'target_path': 'None', 'log_cache_events': 'False', 'cache_selected_only': 'False', 'partial_parse': 'True', 'quiet': 'False', 'invocation_command': 'dbt run --profiles-dir . --project-dir .', 'indirect_selection': 'eager'}
[0m06:04:17.429826 [debug] [MainThread]: Redshift adapter: Setting redshift_connector to ERROR
[0m06:04:17.430785 [debug] [MainThread]: Redshift adapter: Setting redshift_connector.core to ERROR
[0m06:04:17.801802 [debug] [MainThread]: Sending event: {'category': 'dbt', 'action': 'project_id', 'label': '0e1ef0f8-d09a-4f7d-ba2a-50db88ee51a8', 'context': [<snowplow_tracker.self_describing_json.SelfDescribingJson object at 0x7eff96c6ae00>]}
[0m06:04:17.912782 [debug] [MainThread]: Sending event: {'category': 'dbt', 'action': 'adapter_info', 'label': '0e1ef0f8-d09a-4f7d-ba2a-50db88ee51a8', 'context': [<snowplow_tracker.self_describing_json.SelfDescribingJson object at 0x7eff94b319f0>]}
[0m06:04:17.914482 [info ] [MainThread]: Registered adapter: redshift=1.10.0
[0m06:04:18.067657 [debug] [MainThread]: checksum: 3d40d8bbe1bef07db1c24822f2dbfff8bc07f2a48ed4fe2658a40653aec0b54b, vars: {}, profile: , target: , version: 1.11.2
[0m06:04:18.068821 [info ] [MainThread]: Unable to do partial parsing because saved manifest not found. Starting full parse.
[0m06:04:18.069517 [debug] [MainThread]: Sending event: {'category': 'dbt', 'action': 'partial_parser', 'label': '0e1ef0f8-d09a-4f7d-ba2a-50db88ee51a8', 'context': [<snowplow_tracker.self_describing_json.SelfDescribingJson object at 0x7eff92dd2cb0>]}
[0m06:04:20.561701 [debug] [MainThread]: Sending event: {'category': 'dbt', 'action': 'load_project', 'label': '0e1ef0f8-d09a-4f7d-ba2a-50db88ee51a8', 'context': [<snowplow_tracker.self_describing_json.SelfDescribingJson object at 0x7eff915dc3d0>]}
[0m06:04:20.726941 [debug] [MainThread]: Wrote artifact WritableManifest to ./target/manifest.json
[0m06:04:20.729531 [debug] [MainThread]: Wrote artifact SemanticManifest to ./target/semantic_manifest.json
[0m06:04:20.739095 [debug] [MainThread]: Sending event: {'category': 'dbt', 'action': 'resource_counts', 'label': '0e1ef0f8-d09a-4f7d-ba2a-50db88ee51a8', 'context': [<snowplow_tracker.self_describing_json.SelfDescribingJson object at 0x7eff915a01f0>]}
[0m06:04:20.740001 [info ] [MainThread]: Found 2 models, 1 test, 1 source, 538 macros
[0m06:04:20.740739 [debug] [MainThread]: Sending event: {'category': 'dbt', 'action': 'runnable_timing', 'label': '0e1ef0f8-d09a-4f7d-ba2a-50db88ee51a8', 'context': [<snowplow_tracker.self_describing_json.SelfDescribingJson object at 0x7eff915a2410>]}
[0m06:04:20.743157 [info ] [MainThread]: 
[0m06:04:20.743846 [info ] [MainThread]: Concurrency: 4 threads (target='dev')
[0m06:04:20.744437 [info ] [MainThread]: 
[0m06:04:20.745297 [debug] [MainThread]: Acquiring new redshift connection 'master'
[0m06:04:20.752571 [debug] [ThreadPool]: Acquiring new redshift connection 'list_dev'
[0m06:04:20.778492 [debug] [ThreadPool]: Using redshift connection "list_dev"
[0m06:04:20.779361 [debug] [ThreadPool]: On list_dev: /* {"app": "dbt", "dbt_version": "1.11.2", "profile_name": "dbt_poc", "target_name": "dev", "connection_name": "list_dev"} */

    select distinct nspname from pg_namespace
[0m06:04:20.779956 [debug] [ThreadPool]: Opening a new connection, currently in state init
[0m06:04:20.780845 [debug] [ThreadPool]: Redshift adapter: Connecting to Redshift with 'database' credentials method
[0m06:04:20.786951 [debug] [ThreadPool]: Redshift adapter: Establishing connection using ssl with `sslmode` set to 'require'.To connect without ssl, set `sslmode` to 'disable'.
[0m06:04:20.895424 [debug] [ThreadPool]: SQL status: SUCCESS in 0.115 seconds
[0m06:04:20.915807 [debug] [ThreadPool]: On list_dev: Close
[0m06:04:20.917966 [debug] [ThreadPool]: Re-using an available connection from the pool (formerly list_dev, now list_dev_public)
[0m06:04:20.930557 [debug] [ThreadPool]: Using redshift connection "list_dev_public"
[0m06:04:20.931390 [debug] [ThreadPool]: On list_dev_public: BEGIN
[0m06:04:20.931917 [debug] [ThreadPool]: Opening a new connection, currently in state closed
[0m06:04:20.932457 [debug] [ThreadPool]: Redshift adapter: Connecting to Redshift with 'database' credentials method
[0m06:04:20.933167 [debug] [ThreadPool]: Redshift adapter: Establishing connection using ssl with `sslmode` set to 'require'.To connect without ssl, set `sslmode` to 'disable'.
[0m06:04:21.024394 [debug] [ThreadPool]: SQL status: SUCCESS in 0.092 seconds
[0m06:04:21.025256 [debug] [ThreadPool]: Using redshift connection "list_dev_public"
[0m06:04:21.026710 [debug] [ThreadPool]: On list_dev_public: /* {"app": "dbt", "dbt_version": "1.11.2", "profile_name": "dbt_poc", "target_name": "dev", "connection_name": "list_dev_public"} */
select
        table_catalog as database,
        table_name as name,
        table_schema as schema,
        'table' as type
    from information_schema.tables
    where table_schema ilike 'public'
    and table_type = 'BASE TABLE'
    union all
    select
      table_catalog as database,
      table_name as name,
      table_schema as schema,
      case
        when view_definition ilike '%create materialized view%'
          then 'materialized_view'
        else 'view'
      end as type
    from information_schema.views
    where table_schema ilike 'public'
[0m06:04:21.048579 [debug] [ThreadPool]: SQL status: SUCCESS in 0.021 seconds
[0m06:04:21.051195 [debug] [ThreadPool]: On list_dev_public: ROLLBACK
[0m06:04:21.066291 [debug] [ThreadPool]: On list_dev_public: Close
[0m06:04:21.081015 [debug] [MainThread]: Using redshift connection "master"
[0m06:04:21.081909 [debug] [MainThread]: On master: BEGIN
[0m06:04:21.082601 [debug] [MainThread]: Opening a new connection, currently in state init
[0m06:04:21.083313 [debug] [MainThread]: Redshift adapter: Connecting to Redshift with 'database' credentials method
[0m06:04:21.084073 [debug] [MainThread]: Redshift adapter: Establishing connection using ssl with `sslmode` set to 'require'.To connect without ssl, set `sslmode` to 'disable'.
[0m06:04:21.170257 [debug] [MainThread]: SQL status: SUCCESS in 0.087 seconds
[0m06:04:21.171009 [debug] [MainThread]: Using redshift connection "master"
[0m06:04:21.171560 [debug] [MainThread]: On master: /* {"app": "dbt", "dbt_version": "1.11.2", "profile_name": "dbt_poc", "target_name": "dev", "connection_name": "master"} */
with
    relation as (
        select
            pg_class.oid as relation_id,
            pg_class.relname as relation_name,
            pg_class.relnamespace as schema_id,
            pg_namespace.nspname as schema_name,
            pg_class.relkind as relation_type
        from pg_class
        join pg_namespace
          on pg_class.relnamespace = pg_namespace.oid
        where pg_namespace.nspname != 'information_schema'
          and pg_namespace.nspname not like 'pg\_%'
    ),
    dependency as (
        select distinct
            coalesce(pg_rewrite.ev_class, pg_depend.objid) as dep_relation_id,
            pg_depend.refobjid as ref_relation_id,
            pg_depend.refclassid as ref_class_id
        from pg_depend
        left join pg_rewrite
          on pg_depend.objid = pg_rewrite.oid
        where coalesce(pg_rewrite.ev_class, pg_depend.objid) != pg_depend.refobjid
    )

select distinct
    dep.schema_name as dependent_schema,
    dep.relation_name as dependent_name,
    ref.schema_name as referenced_schema,
    ref.relation_name as referenced_name
from dependency
join relation ref
    on dependency.ref_relation_id = ref.relation_id
join relation dep
    on dependency.dep_relation_id = dep.relation_id
[0m06:04:21.222822 [debug] [MainThread]: SQL status: SUCCESS in 0.051 seconds
[0m06:04:21.226072 [debug] [MainThread]: Sending event: {'category': 'dbt', 'action': 'runnable_timing', 'label': '0e1ef0f8-d09a-4f7d-ba2a-50db88ee51a8', 'context': [<snowplow_tracker.self_describing_json.SelfDescribingJson object at 0x7eff92d1bdf0>]}
[0m06:04:21.227045 [debug] [MainThread]: On master: ROLLBACK
[0m06:04:21.244112 [debug] [MainThread]: Using redshift connection "master"
[0m06:04:21.246045 [debug] [MainThread]: On master: BEGIN
[0m06:04:21.252253 [debug] [MainThread]: SQL status: SUCCESS in 0.005 seconds
[0m06:04:21.253090 [debug] [MainThread]: On master: COMMIT
[0m06:04:21.253920 [debug] [MainThread]: Using redshift connection "master"
[0m06:04:21.254463 [debug] [MainThread]: On master: COMMIT
[0m06:04:21.259634 [debug] [MainThread]: SQL status: SUCCESS in 0.004 seconds
[0m06:04:21.260397 [debug] [MainThread]: On master: Close
[0m06:04:21.264439 [debug] [Thread-1 (]: Began running node model.nyc_taxi_dbt.yellow_trip_data
[0m06:04:21.265416 [info ] [Thread-1 (]: 1 of 2 START sql view model public.yellow_trip_data ............................ [RUN]
[0m06:04:21.266597 [debug] [Thread-1 (]: Re-using an available connection from the pool (formerly list_dev_public, now model.nyc_taxi_dbt.yellow_trip_data)
[0m06:04:21.267290 [debug] [Thread-1 (]: Began compiling node model.nyc_taxi_dbt.yellow_trip_data
[0m06:04:21.273059 [debug] [Thread-1 (]: Writing injected SQL for node "model.nyc_taxi_dbt.yellow_trip_data"
[0m06:04:21.274175 [debug] [Thread-1 (]: Began executing node model.nyc_taxi_dbt.yellow_trip_data
[0m06:04:21.327682 [debug] [Thread-1 (]: Writing runtime sql for node "model.nyc_taxi_dbt.yellow_trip_data"
[0m06:04:21.330993 [debug] [Thread-1 (]: Using redshift connection "model.nyc_taxi_dbt.yellow_trip_data"
[0m06:04:21.332154 [debug] [Thread-1 (]: On model.nyc_taxi_dbt.yellow_trip_data: BEGIN
[0m06:04:21.333070 [debug] [Thread-1 (]: Opening a new connection, currently in state closed
[0m06:04:21.333729 [debug] [Thread-1 (]: Redshift adapter: Connecting to Redshift with 'database' credentials method
[0m06:04:21.334522 [debug] [Thread-1 (]: Redshift adapter: Establishing connection using ssl with `sslmode` set to 'require'.To connect without ssl, set `sslmode` to 'disable'.
[0m06:04:21.419723 [debug] [Thread-1 (]: SQL status: SUCCESS in 0.087 seconds
[0m06:04:21.420673 [debug] [Thread-1 (]: Using redshift connection "model.nyc_taxi_dbt.yellow_trip_data"
[0m06:04:21.421517 [debug] [Thread-1 (]: On model.nyc_taxi_dbt.yellow_trip_data: /* {"app": "dbt", "dbt_version": "1.11.2", "profile_name": "dbt_poc", "target_name": "dev", "node_id": "model.nyc_taxi_dbt.yellow_trip_data"} */


  create view "dev"."public"."yellow_trip_data__dbt_tmp" as (
    SELECT * 
FROM "dev"."public"."yellow_taxi_trips_2025_10"
  ) ;
[0m06:04:21.437990 [debug] [Thread-1 (]: SQL status: SUCCESS in 0.015 seconds
[0m06:04:21.451192 [debug] [Thread-1 (]: Using redshift connection "model.nyc_taxi_dbt.yellow_trip_data"
[0m06:04:21.452330 [debug] [Thread-1 (]: On model.nyc_taxi_dbt.yellow_trip_data: /* {"app": "dbt", "dbt_version": "1.11.2", "profile_name": "dbt_poc", "target_name": "dev", "node_id": "model.nyc_taxi_dbt.yellow_trip_data"} */
alter table "dev"."public"."yellow_trip_data" rename to "yellow_trip_data__dbt_backup"
[0m06:04:21.460250 [debug] [Thread-1 (]: SQL status: SUCCESS in 0.007 seconds
[0m06:04:21.467125 [debug] [Thread-1 (]: Using redshift connection "model.nyc_taxi_dbt.yellow_trip_data"
[0m06:04:21.467929 [debug] [Thread-1 (]: On model.nyc_taxi_dbt.yellow_trip_data: /* {"app": "dbt", "dbt_version": "1.11.2", "profile_name": "dbt_poc", "target_name": "dev", "node_id": "model.nyc_taxi_dbt.yellow_trip_data"} */
alter table "dev"."public"."yellow_trip_data__dbt_tmp" rename to "yellow_trip_data"
[0m06:04:21.475547 [debug] [Thread-1 (]: SQL status: SUCCESS in 0.007 seconds
[0m06:04:21.502746 [debug] [Thread-1 (]: On model.nyc_taxi_dbt.yellow_trip_data: COMMIT
[0m06:04:21.503841 [debug] [Thread-1 (]: Using redshift connection "model.nyc_taxi_dbt.yellow_trip_data"
[0m06:04:21.504513 [debug] [Thread-1 (]: On model.nyc_taxi_dbt.yellow_trip_data: COMMIT
[0m06:04:21.702724 [debug] [Thread-1 (]: SQL status: SUCCESS in 0.198 seconds
[0m06:04:21.703888 [debug] [Thread-1 (]: Using redshift connection "model.nyc_taxi_dbt.yellow_trip_data"
[0m06:04:21.704630 [debug] [Thread-1 (]: On model.nyc_taxi_dbt.yellow_trip_data: BEGIN
[0m06:04:21.710670 [debug] [Thread-1 (]: SQL status: SUCCESS in 0.005 seconds
[0m06:04:21.722517 [debug] [Thread-1 (]: Applying DROP to: "dev"."public"."yellow_trip_data__dbt_backup"
[0m06:04:21.731573 [debug] [Thread-1 (]: Using redshift connection "model.nyc_taxi_dbt.yellow_trip_data"
[0m06:04:21.732627 [debug] [Thread-1 (]: On model.nyc_taxi_dbt.yellow_trip_data: /* {"app": "dbt", "dbt_version": "1.11.2", "profile_name": "dbt_poc", "target_name": "dev", "node_id": "model.nyc_taxi_dbt.yellow_trip_data"} */
drop view if exists "dev"."public"."yellow_trip_data__dbt_backup" cascade
[0m06:04:21.746059 [debug] [Thread-1 (]: SQL status: SUCCESS in 0.012 seconds
[0m06:04:21.748621 [debug] [Thread-1 (]: On model.nyc_taxi_dbt.yellow_trip_data: COMMIT
[0m06:04:21.749866 [debug] [Thread-1 (]: Using redshift connection "model.nyc_taxi_dbt.yellow_trip_data"
[0m06:04:21.750795 [debug] [Thread-1 (]: On model.nyc_taxi_dbt.yellow_trip_data: COMMIT
[0m06:04:21.911527 [debug] [Thread-1 (]: SQL status: SUCCESS in 0.160 seconds
[0m06:04:21.912674 [debug] [Thread-1 (]: Using redshift connection "model.nyc_taxi_dbt.yellow_trip_data"
[0m06:04:21.913375 [debug] [Thread-1 (]: On model.nyc_taxi_dbt.yellow_trip_data: BEGIN
[0m06:04:21.921044 [debug] [Thread-1 (]: SQL status: SUCCESS in 0.007 seconds
[0m06:04:21.925030 [debug] [Thread-1 (]: On model.nyc_taxi_dbt.yellow_trip_data: ROLLBACK
[0m06:04:21.936996 [debug] [Thread-1 (]: On model.nyc_taxi_dbt.yellow_trip_data: Close
[0m06:04:21.941041 [debug] [Thread-1 (]: Sending event: {'category': 'dbt', 'action': 'run_model', 'label': '0e1ef0f8-d09a-4f7d-ba2a-50db88ee51a8', 'context': [<snowplow_tracker.self_describing_json.SelfDescribingJson object at 0x7eff915ccf40>]}
[0m06:04:21.942415 [info ] [Thread-1 (]: 1 of 2 OK created sql view model public.yellow_trip_data ....................... [[32mSUCCESS[0m in 0.67s]
[0m06:04:21.943663 [debug] [Thread-1 (]: Finished running node model.nyc_taxi_dbt.yellow_trip_data
[0m06:04:21.944953 [debug] [Thread-3 (]: Began running node model.nyc_taxi_dbt.taxi_agg
[0m06:04:21.945815 [info ] [Thread-3 (]: 2 of 2 START sql table model public.taxi_agg_2025_10 ........................... [RUN]
[0m06:04:21.946906 [debug] [Thread-3 (]: Acquiring new redshift connection 'model.nyc_taxi_dbt.taxi_agg'
[0m06:04:21.947655 [debug] [Thread-3 (]: Began compiling node model.nyc_taxi_dbt.taxi_agg
[0m06:04:21.954250 [debug] [Thread-3 (]: Writing injected SQL for node "model.nyc_taxi_dbt.taxi_agg"
[0m06:04:21.955370 [debug] [Thread-3 (]: Began executing node model.nyc_taxi_dbt.taxi_agg
[0m06:04:22.005612 [debug] [Thread-3 (]: Writing runtime sql for node "model.nyc_taxi_dbt.taxi_agg"
[0m06:04:22.008698 [debug] [Thread-3 (]: Using redshift connection "model.nyc_taxi_dbt.taxi_agg"
[0m06:04:22.009603 [debug] [Thread-3 (]: On model.nyc_taxi_dbt.taxi_agg: BEGIN
[0m06:04:22.010262 [debug] [Thread-3 (]: Opening a new connection, currently in state init
[0m06:04:22.010904 [debug] [Thread-3 (]: Redshift adapter: Connecting to Redshift with 'database' credentials method
[0m06:04:22.011693 [debug] [Thread-3 (]: Redshift adapter: Establishing connection using ssl with `sslmode` set to 'require'.To connect without ssl, set `sslmode` to 'disable'.
[0m06:04:22.095386 [debug] [Thread-3 (]: SQL status: SUCCESS in 0.085 seconds
[0m06:04:22.096194 [debug] [Thread-3 (]: Using redshift connection "model.nyc_taxi_dbt.taxi_agg"
[0m06:04:22.096845 [debug] [Thread-3 (]: On model.nyc_taxi_dbt.taxi_agg: /* {"app": "dbt", "dbt_version": "1.11.2", "profile_name": "dbt_poc", "target_name": "dev", "node_id": "model.nyc_taxi_dbt.taxi_agg"} */

  
    

  create  table
    "dev"."public"."taxi_agg_2025_10__dbt_tmp"
    
    
    
  as (
    

SELECT
    Run_Date_Short, 
    sum(total_amount) AS total_amount,
    CAST(count(trip_id) AS DOUBLE PRECISION) AS row_count
FROM "dev"."public"."yellow_trip_data"
GROUP BY
    Run_Date_Short
  );
[0m06:04:37.185607 [debug] [Thread-3 (]: SQL status: SUCCESS in 15.088 seconds
[0m06:04:37.192269 [debug] [Thread-3 (]: Using redshift connection "model.nyc_taxi_dbt.taxi_agg"
[0m06:04:37.193561 [debug] [Thread-3 (]: On model.nyc_taxi_dbt.taxi_agg: /* {"app": "dbt", "dbt_version": "1.11.2", "profile_name": "dbt_poc", "target_name": "dev", "node_id": "model.nyc_taxi_dbt.taxi_agg"} */
alter table "dev"."public"."taxi_agg_2025_10" rename to "taxi_agg_2025_10__dbt_backup"
[0m06:04:37.206331 [debug] [Thread-3 (]: SQL status: SUCCESS in 0.011 seconds
[0m06:04:37.212266 [debug] [Thread-3 (]: Using redshift connection "model.nyc_taxi_dbt.taxi_agg"
[0m06:04:37.212943 [debug] [Thread-3 (]: On model.nyc_taxi_dbt.taxi_agg: /* {"app": "dbt", "dbt_version": "1.11.2", "profile_name": "dbt_poc", "target_name": "dev", "node_id": "model.nyc_taxi_dbt.taxi_agg"} */
alter table "dev"."public"."taxi_agg_2025_10__dbt_tmp" rename to "taxi_agg_2025_10"
[0m06:04:37.220604 [debug] [Thread-3 (]: SQL status: SUCCESS in 0.007 seconds
[0m06:04:37.228561 [debug] [Thread-3 (]: On model.nyc_taxi_dbt.taxi_agg: COMMIT
[0m06:04:37.229468 [debug] [Thread-3 (]: Using redshift connection "model.nyc_taxi_dbt.taxi_agg"
[0m06:04:37.230123 [debug] [Thread-3 (]: On model.nyc_taxi_dbt.taxi_agg: COMMIT
[0m06:04:37.418009 [debug] [Thread-3 (]: SQL status: SUCCESS in 0.187 seconds
[0m06:04:37.419212 [debug] [Thread-3 (]: Using redshift connection "model.nyc_taxi_dbt.taxi_agg"
[0m06:04:37.419881 [debug] [Thread-3 (]: On model.nyc_taxi_dbt.taxi_agg: BEGIN
[0m06:04:37.426128 [debug] [Thread-3 (]: SQL status: SUCCESS in 0.005 seconds
[0m06:04:37.430735 [debug] [Thread-3 (]: Applying DROP to: "dev"."public"."taxi_agg_2025_10__dbt_backup"
[0m06:04:37.435168 [debug] [Thread-3 (]: Using redshift connection "model.nyc_taxi_dbt.taxi_agg"
[0m06:04:37.435823 [debug] [Thread-3 (]: On model.nyc_taxi_dbt.taxi_agg: /* {"app": "dbt", "dbt_version": "1.11.2", "profile_name": "dbt_poc", "target_name": "dev", "node_id": "model.nyc_taxi_dbt.taxi_agg"} */
drop table if exists "dev"."public"."taxi_agg_2025_10__dbt_backup" cascade
[0m06:04:37.447939 [debug] [Thread-3 (]: SQL status: SUCCESS in 0.011 seconds
[0m06:04:37.449708 [debug] [Thread-3 (]: On model.nyc_taxi_dbt.taxi_agg: COMMIT
[0m06:04:37.451249 [debug] [Thread-3 (]: Using redshift connection "model.nyc_taxi_dbt.taxi_agg"
[0m06:04:37.451913 [debug] [Thread-3 (]: On model.nyc_taxi_dbt.taxi_agg: COMMIT
[0m06:04:37.629742 [debug] [Thread-3 (]: SQL status: SUCCESS in 0.177 seconds
[0m06:04:37.630774 [debug] [Thread-3 (]: Using redshift connection "model.nyc_taxi_dbt.taxi_agg"
[0m06:04:37.631395 [debug] [Thread-3 (]: On model.nyc_taxi_dbt.taxi_agg: BEGIN
[0m06:04:37.637215 [debug] [Thread-3 (]: SQL status: SUCCESS in 0.005 seconds
[0m06:04:37.638781 [debug] [Thread-3 (]: On model.nyc_taxi_dbt.taxi_agg: ROLLBACK
[0m06:04:37.649965 [debug] [Thread-3 (]: On model.nyc_taxi_dbt.taxi_agg: Close
[0m06:04:37.651380 [debug] [Thread-3 (]: Sending event: {'category': 'dbt', 'action': 'run_model', 'label': '0e1ef0f8-d09a-4f7d-ba2a-50db88ee51a8', 'context': [<snowplow_tracker.self_describing_json.SelfDescribingJson object at 0x7eff955d1540>]}
[0m06:04:37.652418 [info ] [Thread-3 (]: 2 of 2 OK created sql table model public.taxi_agg_2025_10 ...................... [[32mSUCCESS[0m in 15.70s]
[0m06:04:37.653314 [debug] [Thread-3 (]: Finished running node model.nyc_taxi_dbt.taxi_agg
[0m06:04:37.655369 [debug] [MainThread]: Using redshift connection "master"
[0m06:04:37.655944 [debug] [MainThread]: On master: BEGIN
[0m06:04:37.656459 [debug] [MainThread]: Opening a new connection, currently in state closed
[0m06:04:37.657036 [debug] [MainThread]: Redshift adapter: Connecting to Redshift with 'database' credentials method
[0m06:04:37.657746 [debug] [MainThread]: Redshift adapter: Establishing connection using ssl with `sslmode` set to 'require'.To connect without ssl, set `sslmode` to 'disable'.
[0m06:04:37.730540 [debug] [MainThread]: SQL status: SUCCESS in 0.074 seconds
[0m06:04:37.731261 [debug] [MainThread]: On master: COMMIT
[0m06:04:37.731939 [debug] [MainThread]: Using redshift connection "master"
[0m06:04:37.732606 [debug] [MainThread]: On master: COMMIT
[0m06:04:37.738005 [debug] [MainThread]: SQL status: SUCCESS in 0.005 seconds
[0m06:04:37.738698 [debug] [MainThread]: On master: Close
[0m06:04:37.739882 [debug] [MainThread]: Connection 'master' was properly closed.
[0m06:04:37.740404 [debug] [MainThread]: Connection 'model.nyc_taxi_dbt.yellow_trip_data' was properly closed.
[0m06:04:37.740883 [debug] [MainThread]: Connection 'model.nyc_taxi_dbt.taxi_agg' was properly closed.
[0m06:04:37.741424 [info ] [MainThread]: 
[0m06:04:37.742081 [info ] [MainThread]: Finished running 1 table model, 1 view model in 0 hours 0 minutes and 17.00 seconds (17.00s).
[0m06:04:37.743423 [debug] [MainThread]: Command end result
[0m06:04:37.784816 [debug] [MainThread]: Wrote artifact WritableManifest to ./target/manifest.json
[0m06:04:37.789083 [debug] [MainThread]: Wrote artifact SemanticManifest to ./target/semantic_manifest.json
[0m06:04:37.798641 [debug] [MainThread]: Wrote artifact RunExecutionResult to ./target/run_results.json
[0m06:04:37.799296 [info ] [MainThread]: 
[0m06:04:37.800072 [info ] [MainThread]: [32mCompleted successfully[0m
[0m06:04:37.800684 [info ] [MainThread]: 
[0m06:04:37.801336 [info ] [MainThread]: Done. PASS=2 WARN=0 ERROR=0 SKIP=0 NO-OP=0 TOTAL=2
[0m06:04:37.802673 [debug] [MainThread]: Resource report: {"command_name": "run", "command_success": true, "command_wall_clock_time": 20.63419, "process_in_blocks": "0", "process_kernel_time": 0.127968, "process_mem_max_rss": "140104", "process_out_blocks": "3336", "process_user_time": 5.781373}
[0m06:04:37.803434 [debug] [MainThread]: Command `dbt run` succeeded at 06:04:37.803282 after 20.64 seconds
[0m06:04:37.804019 [debug] [MainThread]: Sending event: {'category': 'dbt', 'action': 'invocation', 'label': 'end', 'context': [<snowplow_tracker.self_describing_json.SelfDescribingJson object at 0x7eff95320100>, <snowplow_tracker.self_describing_json.SelfDescribingJson object at 0x7eff96c6ae00>, <snowplow_tracker.self_describing_json.SelfDescribingJson object at 0x7eff915dd720>]}
[0m06:04:37.804717 [debug] [MainThread]: Flushing usage events
[0m06:04:38.267148 [debug] [MainThread]: An error was encountered while trying to flush usage events
[0m06:04:41.209180 [debug] [MainThread]: Sending event: {'category': 'dbt', 'action': 'invocation', 'label': 'start', 'context': [<snowplow_tracker.self_describing_json.SelfDescribingJson object at 0x7f42415c8070>, <snowplow_tracker.self_describing_json.SelfDescribingJson object at 0x7f424059fd90>, <snowplow_tracker.self_describing_json.SelfDescribingJson object at 0x7f424059fd30>]}


============================== 06:04:41.213004 | 740f1b02-b3b5-420c-8acb-750fad98668f ==============================
[0m06:04:41.213004 [info ] [MainThread]: Running with dbt=1.11.2
[0m06:04:41.213936 [debug] [MainThread]: running dbt with arguments {'use_colors': 'True', 'profiles_dir': '/home/ec2-user/NYC_taxi/dbt', 'introspect': 'True', 'debug': 'False', 'quiet': 'False', 'send_anonymous_usage_stats': 'True', 'log_format': 'default', 'static_parser': 'True', 'partial_parse': 'True', 'write_json': 'True', 'target_path': 'None', 'empty': 'None', 'use_experimental_parser': 'False', 'log_path': '/home/ec2-user/NYC_taxi/dbt/logs', 'version_check': 'True', 'invocation_command': 'dbt clean', 'no_print': 'None', 'log_cache_events': 'False', 'cache_selected_only': 'False', 'warn_error_options': 'WarnErrorOptionsV2(error=[], warn=[], silence=[])', 'warn_error': 'None', 'fail_fast': 'False', 'indirect_selection': 'eager', 'printer_width': '80'}
[0m06:04:41.426892 [debug] [MainThread]: Sending event: {'category': 'dbt', 'action': 'project_id', 'label': '740f1b02-b3b5-420c-8acb-750fad98668f', 'context': [<snowplow_tracker.self_describing_json.SelfDescribingJson object at 0x7f4242f5ed70>]}
[0m06:04:41.474882 [debug] [MainThread]: Resource report: {"command_name": "clean", "command_success": true, "command_wall_clock_time": 0.35102254, "process_in_blocks": "0", "process_kernel_time": 0.153674, "process_mem_max_rss": "97456", "process_out_blocks": "8", "process_user_time": 2.269601}
[0m06:04:41.476066 [debug] [MainThread]: Command `dbt clean` succeeded at 06:04:41.475829 after 0.35 seconds
[0m06:04:41.477000 [debug] [MainThread]: Sending event: {'category': 'dbt', 'action': 'invocation', 'label': 'end', 'context': [<snowplow_tracker.self_describing_json.SelfDescribingJson object at 0x7f42415c8070>, <snowplow_tracker.self_describing_json.SelfDescribingJson object at 0x7f4240490970>, <snowplow_tracker.self_describing_json.SelfDescribingJson object at 0x7f4240491f00>]}
[0m06:04:41.477973 [debug] [MainThread]: Flushing usage events
[0m06:04:41.946784 [debug] [MainThread]: An error was encountered while trying to flush usage events
[0m06:10:31.490301 [debug] [MainThread]: Sending event: {'category': 'dbt', 'action': 'invocation', 'label': 'start', 'context': [<snowplow_tracker.self_describing_json.SelfDescribingJson object at 0x7f72957180d0>, <snowplow_tracker.self_describing_json.SelfDescribingJson object at 0x7f72944c7e80>, <snowplow_tracker.self_describing_json.SelfDescribingJson object at 0x7f72944c7e20>]}


============================== 06:10:31.496874 | 4d15c5fa-ea88-4d93-bc77-dee485a16fcc ==============================
[0m06:10:31.496874 [info ] [MainThread]: Running with dbt=1.11.2
[0m06:10:31.498596 [debug] [MainThread]: running dbt with arguments {'log_format': 'default', 'log_cache_events': 'False', 'log_path': 'logs', 'introspect': 'True', 'write_json': 'True', 'cache_selected_only': 'False', 'quiet': 'False', 'send_anonymous_usage_stats': 'True', 'use_experimental_parser': 'False', 'indirect_selection': 'eager', 'static_parser': 'True', 'version_check': 'True', 'use_colors': 'True', 'no_print': 'None', 'fail_fast': 'False', 'warn_error': 'None', 'debug': 'False', 'printer_width': '80', 'warn_error_options': 'WarnErrorOptionsV2(error=[], warn=[], silence=[])', 'empty': 'False', 'profiles_dir': '.', 'invocation_command': 'dbt run --profiles-dir . --project-dir .', 'partial_parse': 'True', 'target_path': 'None'}
[0m06:10:31.705607 [debug] [MainThread]: Redshift adapter: Setting redshift_connector to ERROR
[0m06:10:31.706455 [debug] [MainThread]: Redshift adapter: Setting redshift_connector.core to ERROR
[0m06:10:32.076557 [debug] [MainThread]: Sending event: {'category': 'dbt', 'action': 'project_id', 'label': '4d15c5fa-ea88-4d93-bc77-dee485a16fcc', 'context': [<snowplow_tracker.self_describing_json.SelfDescribingJson object at 0x7f7295543f10>]}
[0m06:10:32.176587 [debug] [MainThread]: Sending event: {'category': 'dbt', 'action': 'adapter_info', 'label': '4d15c5fa-ea88-4d93-bc77-dee485a16fcc', 'context': [<snowplow_tracker.self_describing_json.SelfDescribingJson object at 0x7f72934b9a20>]}
[0m06:10:32.178030 [info ] [MainThread]: Registered adapter: redshift=1.10.0
[0m06:10:32.325927 [debug] [MainThread]: checksum: 3d40d8bbe1bef07db1c24822f2dbfff8bc07f2a48ed4fe2658a40653aec0b54b, vars: {}, profile: , target: , version: 1.11.2
[0m06:10:32.327134 [info ] [MainThread]: Unable to do partial parsing because saved manifest not found. Starting full parse.
[0m06:10:32.327849 [debug] [MainThread]: Sending event: {'category': 'dbt', 'action': 'partial_parser', 'label': '4d15c5fa-ea88-4d93-bc77-dee485a16fcc', 'context': [<snowplow_tracker.self_describing_json.SelfDescribingJson object at 0x7f729315fa30>]}
[0m06:10:35.217723 [debug] [MainThread]: Sending event: {'category': 'dbt', 'action': 'load_project', 'label': '4d15c5fa-ea88-4d93-bc77-dee485a16fcc', 'context': [<snowplow_tracker.self_describing_json.SelfDescribingJson object at 0x7f72921968f0>]}
[0m06:10:35.381512 [debug] [MainThread]: Wrote artifact WritableManifest to ./target/manifest.json
[0m06:10:35.385736 [debug] [MainThread]: Wrote artifact SemanticManifest to ./target/semantic_manifest.json
[0m06:10:35.399346 [debug] [MainThread]: Sending event: {'category': 'dbt', 'action': 'resource_counts', 'label': '4d15c5fa-ea88-4d93-bc77-dee485a16fcc', 'context': [<snowplow_tracker.self_describing_json.SelfDescribingJson object at 0x7f72931976d0>]}
[0m06:10:35.400637 [info ] [MainThread]: Found 3 models, 1 test, 1 source, 538 macros
[0m06:10:35.401747 [debug] [MainThread]: Sending event: {'category': 'dbt', 'action': 'runnable_timing', 'label': '4d15c5fa-ea88-4d93-bc77-dee485a16fcc', 'context': [<snowplow_tracker.self_describing_json.SelfDescribingJson object at 0x7f72925bed40>]}
[0m06:10:35.405744 [info ] [MainThread]: 
[0m06:10:35.406817 [info ] [MainThread]: Concurrency: 4 threads (target='dev')
[0m06:10:35.407816 [info ] [MainThread]: 
[0m06:10:35.409162 [debug] [MainThread]: Acquiring new redshift connection 'master'
[0m06:10:35.417477 [debug] [ThreadPool]: Acquiring new redshift connection 'list_dev'
[0m06:10:35.442197 [debug] [ThreadPool]: Using redshift connection "list_dev"
[0m06:10:35.443205 [debug] [ThreadPool]: On list_dev: /* {"app": "dbt", "dbt_version": "1.11.2", "profile_name": "dbt_poc", "target_name": "dev", "connection_name": "list_dev"} */

    select distinct nspname from pg_namespace
[0m06:10:35.444128 [debug] [ThreadPool]: Opening a new connection, currently in state init
[0m06:10:35.444917 [debug] [ThreadPool]: Redshift adapter: Connecting to Redshift with 'database' credentials method
[0m06:10:35.451462 [debug] [ThreadPool]: Redshift adapter: Establishing connection using ssl with `sslmode` set to 'require'.To connect without ssl, set `sslmode` to 'disable'.
[0m06:10:35.554407 [debug] [ThreadPool]: SQL status: SUCCESS in 0.110 seconds
[0m06:10:35.574287 [debug] [ThreadPool]: On list_dev: Close
[0m06:10:35.576879 [debug] [ThreadPool]: Re-using an available connection from the pool (formerly list_dev, now list_dev_public)
[0m06:10:35.589258 [debug] [ThreadPool]: Using redshift connection "list_dev_public"
[0m06:10:35.590003 [debug] [ThreadPool]: On list_dev_public: BEGIN
[0m06:10:35.590571 [debug] [ThreadPool]: Opening a new connection, currently in state closed
[0m06:10:35.591138 [debug] [ThreadPool]: Redshift adapter: Connecting to Redshift with 'database' credentials method
[0m06:10:35.591845 [debug] [ThreadPool]: Redshift adapter: Establishing connection using ssl with `sslmode` set to 'require'.To connect without ssl, set `sslmode` to 'disable'.
[0m06:10:35.684272 [debug] [ThreadPool]: SQL status: SUCCESS in 0.094 seconds
[0m06:10:35.685388 [debug] [ThreadPool]: Using redshift connection "list_dev_public"
[0m06:10:35.686333 [debug] [ThreadPool]: On list_dev_public: /* {"app": "dbt", "dbt_version": "1.11.2", "profile_name": "dbt_poc", "target_name": "dev", "connection_name": "list_dev_public"} */
select
        table_catalog as database,
        table_name as name,
        table_schema as schema,
        'table' as type
    from information_schema.tables
    where table_schema ilike 'public'
    and table_type = 'BASE TABLE'
    union all
    select
      table_catalog as database,
      table_name as name,
      table_schema as schema,
      case
        when view_definition ilike '%create materialized view%'
          then 'materialized_view'
        else 'view'
      end as type
    from information_schema.views
    where table_schema ilike 'public'
[0m06:10:35.708665 [debug] [ThreadPool]: SQL status: SUCCESS in 0.021 seconds
[0m06:10:35.711793 [debug] [ThreadPool]: On list_dev_public: ROLLBACK
[0m06:10:35.726126 [debug] [ThreadPool]: On list_dev_public: Close
[0m06:10:35.765735 [debug] [MainThread]: Using redshift connection "master"
[0m06:10:35.766960 [debug] [MainThread]: On master: BEGIN
[0m06:10:35.767858 [debug] [MainThread]: Opening a new connection, currently in state init
[0m06:10:35.768775 [debug] [MainThread]: Redshift adapter: Connecting to Redshift with 'database' credentials method
[0m06:10:35.769889 [debug] [MainThread]: Redshift adapter: Establishing connection using ssl with `sslmode` set to 'require'.To connect without ssl, set `sslmode` to 'disable'.
[0m06:10:35.910330 [debug] [MainThread]: SQL status: SUCCESS in 0.142 seconds
[0m06:10:35.911460 [debug] [MainThread]: Using redshift connection "master"
[0m06:10:35.912482 [debug] [MainThread]: On master: /* {"app": "dbt", "dbt_version": "1.11.2", "profile_name": "dbt_poc", "target_name": "dev", "connection_name": "master"} */
with
    relation as (
        select
            pg_class.oid as relation_id,
            pg_class.relname as relation_name,
            pg_class.relnamespace as schema_id,
            pg_namespace.nspname as schema_name,
            pg_class.relkind as relation_type
        from pg_class
        join pg_namespace
          on pg_class.relnamespace = pg_namespace.oid
        where pg_namespace.nspname != 'information_schema'
          and pg_namespace.nspname not like 'pg\_%'
    ),
    dependency as (
        select distinct
            coalesce(pg_rewrite.ev_class, pg_depend.objid) as dep_relation_id,
            pg_depend.refobjid as ref_relation_id,
            pg_depend.refclassid as ref_class_id
        from pg_depend
        left join pg_rewrite
          on pg_depend.objid = pg_rewrite.oid
        where coalesce(pg_rewrite.ev_class, pg_depend.objid) != pg_depend.refobjid
    )

select distinct
    dep.schema_name as dependent_schema,
    dep.relation_name as dependent_name,
    ref.schema_name as referenced_schema,
    ref.relation_name as referenced_name
from dependency
join relation ref
    on dependency.ref_relation_id = ref.relation_id
join relation dep
    on dependency.dep_relation_id = dep.relation_id
[0m06:10:35.966193 [debug] [MainThread]: SQL status: SUCCESS in 0.053 seconds
[0m06:10:35.969722 [debug] [MainThread]: Sending event: {'category': 'dbt', 'action': 'runnable_timing', 'label': '4d15c5fa-ea88-4d93-bc77-dee485a16fcc', 'context': [<snowplow_tracker.self_describing_json.SelfDescribingJson object at 0x7f72929e2b90>]}
[0m06:10:35.970949 [debug] [MainThread]: On master: ROLLBACK
[0m06:10:35.991502 [debug] [MainThread]: Using redshift connection "master"
[0m06:10:35.992555 [debug] [MainThread]: On master: BEGIN
[0m06:10:35.998548 [debug] [MainThread]: SQL status: SUCCESS in 0.005 seconds
[0m06:10:35.999590 [debug] [MainThread]: On master: COMMIT
[0m06:10:36.000661 [debug] [MainThread]: Using redshift connection "master"
[0m06:10:36.001459 [debug] [MainThread]: On master: COMMIT
[0m06:10:36.006653 [debug] [MainThread]: SQL status: SUCCESS in 0.004 seconds
[0m06:10:36.007654 [debug] [MainThread]: On master: Close
[0m06:10:36.027418 [debug] [Thread-1 (]: Began running node model.nyc_taxi_dbt.yellow_trip_data
[0m06:10:36.028877 [info ] [Thread-1 (]: 1 of 3 START sql view model public.yellow_trip_data ............................ [RUN]
[0m06:10:36.030660 [debug] [Thread-1 (]: Re-using an available connection from the pool (formerly list_dev_public, now model.nyc_taxi_dbt.yellow_trip_data)
[0m06:10:36.031517 [debug] [Thread-1 (]: Began compiling node model.nyc_taxi_dbt.yellow_trip_data
[0m06:10:36.040074 [debug] [Thread-1 (]: Writing injected SQL for node "model.nyc_taxi_dbt.yellow_trip_data"
[0m06:10:36.041702 [debug] [Thread-1 (]: Began executing node model.nyc_taxi_dbt.yellow_trip_data
[0m06:10:36.175964 [debug] [Thread-1 (]: Writing runtime sql for node "model.nyc_taxi_dbt.yellow_trip_data"
[0m06:10:36.178838 [debug] [Thread-1 (]: Using redshift connection "model.nyc_taxi_dbt.yellow_trip_data"
[0m06:10:36.179879 [debug] [Thread-1 (]: On model.nyc_taxi_dbt.yellow_trip_data: BEGIN
[0m06:10:36.180761 [debug] [Thread-1 (]: Opening a new connection, currently in state closed
[0m06:10:36.181696 [debug] [Thread-1 (]: Redshift adapter: Connecting to Redshift with 'database' credentials method
[0m06:10:36.182866 [debug] [Thread-1 (]: Redshift adapter: Establishing connection using ssl with `sslmode` set to 'require'.To connect without ssl, set `sslmode` to 'disable'.
[0m06:10:36.282830 [debug] [Thread-1 (]: SQL status: SUCCESS in 0.102 seconds
[0m06:10:36.283783 [debug] [Thread-1 (]: Using redshift connection "model.nyc_taxi_dbt.yellow_trip_data"
[0m06:10:36.284650 [debug] [Thread-1 (]: On model.nyc_taxi_dbt.yellow_trip_data: /* {"app": "dbt", "dbt_version": "1.11.2", "profile_name": "dbt_poc", "target_name": "dev", "node_id": "model.nyc_taxi_dbt.yellow_trip_data"} */


  create view "dev"."public"."yellow_trip_data__dbt_tmp" as (
    SELECT * 
FROM "dev"."public"."yellow_taxi_trips_2025_10"
  ) ;
[0m06:10:36.301081 [debug] [Thread-1 (]: SQL status: SUCCESS in 0.016 seconds
[0m06:10:36.313175 [debug] [Thread-1 (]: Using redshift connection "model.nyc_taxi_dbt.yellow_trip_data"
[0m06:10:36.314001 [debug] [Thread-1 (]: On model.nyc_taxi_dbt.yellow_trip_data: /* {"app": "dbt", "dbt_version": "1.11.2", "profile_name": "dbt_poc", "target_name": "dev", "node_id": "model.nyc_taxi_dbt.yellow_trip_data"} */
alter table "dev"."public"."yellow_trip_data" rename to "yellow_trip_data__dbt_backup"
[0m06:10:36.321957 [debug] [Thread-1 (]: SQL status: SUCCESS in 0.007 seconds
[0m06:10:36.327868 [debug] [Thread-1 (]: Using redshift connection "model.nyc_taxi_dbt.yellow_trip_data"
[0m06:10:36.328557 [debug] [Thread-1 (]: On model.nyc_taxi_dbt.yellow_trip_data: /* {"app": "dbt", "dbt_version": "1.11.2", "profile_name": "dbt_poc", "target_name": "dev", "node_id": "model.nyc_taxi_dbt.yellow_trip_data"} */
alter table "dev"."public"."yellow_trip_data__dbt_tmp" rename to "yellow_trip_data"
[0m06:10:36.336326 [debug] [Thread-1 (]: SQL status: SUCCESS in 0.007 seconds
[0m06:10:36.363799 [debug] [Thread-1 (]: On model.nyc_taxi_dbt.yellow_trip_data: COMMIT
[0m06:10:36.365017 [debug] [Thread-1 (]: Using redshift connection "model.nyc_taxi_dbt.yellow_trip_data"
[0m06:10:36.365677 [debug] [Thread-1 (]: On model.nyc_taxi_dbt.yellow_trip_data: COMMIT
[0m06:10:36.546933 [debug] [Thread-1 (]: SQL status: SUCCESS in 0.180 seconds
[0m06:10:36.548226 [debug] [Thread-1 (]: Using redshift connection "model.nyc_taxi_dbt.yellow_trip_data"
[0m06:10:36.549109 [debug] [Thread-1 (]: On model.nyc_taxi_dbt.yellow_trip_data: BEGIN
[0m06:10:36.555087 [debug] [Thread-1 (]: SQL status: SUCCESS in 0.005 seconds
[0m06:10:36.565536 [debug] [Thread-1 (]: Applying DROP to: "dev"."public"."yellow_trip_data__dbt_backup"
[0m06:10:36.572399 [debug] [Thread-1 (]: Using redshift connection "model.nyc_taxi_dbt.yellow_trip_data"
[0m06:10:36.573217 [debug] [Thread-1 (]: On model.nyc_taxi_dbt.yellow_trip_data: /* {"app": "dbt", "dbt_version": "1.11.2", "profile_name": "dbt_poc", "target_name": "dev", "node_id": "model.nyc_taxi_dbt.yellow_trip_data"} */
drop view if exists "dev"."public"."yellow_trip_data__dbt_backup" cascade
[0m06:10:36.586024 [debug] [Thread-1 (]: SQL status: SUCCESS in 0.012 seconds
[0m06:10:36.587610 [debug] [Thread-1 (]: On model.nyc_taxi_dbt.yellow_trip_data: COMMIT
[0m06:10:36.588404 [debug] [Thread-1 (]: Using redshift connection "model.nyc_taxi_dbt.yellow_trip_data"
[0m06:10:36.588963 [debug] [Thread-1 (]: On model.nyc_taxi_dbt.yellow_trip_data: COMMIT
[0m06:10:36.774299 [debug] [Thread-1 (]: SQL status: SUCCESS in 0.185 seconds
[0m06:10:36.775256 [debug] [Thread-1 (]: Using redshift connection "model.nyc_taxi_dbt.yellow_trip_data"
[0m06:10:36.775851 [debug] [Thread-1 (]: On model.nyc_taxi_dbt.yellow_trip_data: BEGIN
[0m06:10:36.781719 [debug] [Thread-1 (]: SQL status: SUCCESS in 0.005 seconds
[0m06:10:36.784833 [debug] [Thread-1 (]: On model.nyc_taxi_dbt.yellow_trip_data: ROLLBACK
[0m06:10:36.795811 [debug] [Thread-1 (]: On model.nyc_taxi_dbt.yellow_trip_data: Close
[0m06:10:36.798866 [debug] [Thread-1 (]: Sending event: {'category': 'dbt', 'action': 'run_model', 'label': '4d15c5fa-ea88-4d93-bc77-dee485a16fcc', 'context': [<snowplow_tracker.self_describing_json.SelfDescribingJson object at 0x7f729482e020>]}
[0m06:10:36.799959 [info ] [Thread-1 (]: 1 of 3 OK created sql view model public.yellow_trip_data ....................... [[32mSUCCESS[0m in 0.77s]
[0m06:10:36.800822 [debug] [Thread-1 (]: Finished running node model.nyc_taxi_dbt.yellow_trip_data
[0m06:10:36.802177 [debug] [Thread-3 (]: Began running node model.nyc_taxi_dbt.taxi_agg
[0m06:10:36.803036 [info ] [Thread-3 (]: 2 of 3 START sql table model public.taxi_agg_2025_10 ........................... [RUN]
[0m06:10:36.803882 [debug] [Thread-3 (]: Acquiring new redshift connection 'model.nyc_taxi_dbt.taxi_agg'
[0m06:10:36.804431 [debug] [Thread-3 (]: Began compiling node model.nyc_taxi_dbt.taxi_agg
[0m06:10:36.811614 [debug] [Thread-3 (]: Writing injected SQL for node "model.nyc_taxi_dbt.taxi_agg"
[0m06:10:36.812584 [debug] [Thread-3 (]: Began executing node model.nyc_taxi_dbt.taxi_agg
[0m06:10:36.857095 [debug] [Thread-3 (]: Writing runtime sql for node "model.nyc_taxi_dbt.taxi_agg"
[0m06:10:36.859820 [debug] [Thread-3 (]: Using redshift connection "model.nyc_taxi_dbt.taxi_agg"
[0m06:10:36.860581 [debug] [Thread-3 (]: On model.nyc_taxi_dbt.taxi_agg: BEGIN
[0m06:10:36.861209 [debug] [Thread-3 (]: Opening a new connection, currently in state init
[0m06:10:36.861830 [debug] [Thread-3 (]: Redshift adapter: Connecting to Redshift with 'database' credentials method
[0m06:10:36.862683 [debug] [Thread-3 (]: Redshift adapter: Establishing connection using ssl with `sslmode` set to 'require'.To connect without ssl, set `sslmode` to 'disable'.
[0m06:10:36.941686 [debug] [Thread-3 (]: SQL status: SUCCESS in 0.080 seconds
[0m06:10:36.942626 [debug] [Thread-3 (]: Using redshift connection "model.nyc_taxi_dbt.taxi_agg"
[0m06:10:36.943509 [debug] [Thread-3 (]: On model.nyc_taxi_dbt.taxi_agg: /* {"app": "dbt", "dbt_version": "1.11.2", "profile_name": "dbt_poc", "target_name": "dev", "node_id": "model.nyc_taxi_dbt.taxi_agg"} */

  
    

  create  table
    "dev"."public"."taxi_agg_2025_10__dbt_tmp"
    
    
    
  as (
    

SELECT
    Run_Date_Short, 
    sum(total_amount) AS total_amount,
    CAST(count(trip_id) AS DOUBLE PRECISION) AS row_count
FROM "dev"."public"."yellow_trip_data"
GROUP BY
    Run_Date_Short
  );
[0m06:10:37.348172 [debug] [Thread-3 (]: SQL status: SUCCESS in 0.404 seconds
[0m06:10:37.377792 [debug] [Thread-3 (]: Using redshift connection "model.nyc_taxi_dbt.taxi_agg"
[0m06:10:37.379021 [debug] [Thread-3 (]: On model.nyc_taxi_dbt.taxi_agg: /* {"app": "dbt", "dbt_version": "1.11.2", "profile_name": "dbt_poc", "target_name": "dev", "node_id": "model.nyc_taxi_dbt.taxi_agg"} */
alter table "dev"."public"."taxi_agg_2025_10" rename to "taxi_agg_2025_10__dbt_backup"
[0m06:10:37.392506 [debug] [Thread-3 (]: SQL status: SUCCESS in 0.012 seconds
[0m06:10:37.402494 [debug] [Thread-3 (]: Using redshift connection "model.nyc_taxi_dbt.taxi_agg"
[0m06:10:37.411868 [debug] [Thread-3 (]: On model.nyc_taxi_dbt.taxi_agg: /* {"app": "dbt", "dbt_version": "1.11.2", "profile_name": "dbt_poc", "target_name": "dev", "node_id": "model.nyc_taxi_dbt.taxi_agg"} */
alter table "dev"."public"."taxi_agg_2025_10__dbt_tmp" rename to "taxi_agg_2025_10"
[0m06:10:37.420201 [debug] [Thread-3 (]: SQL status: SUCCESS in 0.007 seconds
[0m06:10:37.443068 [debug] [Thread-3 (]: On model.nyc_taxi_dbt.taxi_agg: COMMIT
[0m06:10:37.444586 [debug] [Thread-3 (]: Using redshift connection "model.nyc_taxi_dbt.taxi_agg"
[0m06:10:37.445624 [debug] [Thread-3 (]: On model.nyc_taxi_dbt.taxi_agg: COMMIT
[0m06:10:37.631210 [debug] [Thread-3 (]: SQL status: SUCCESS in 0.185 seconds
[0m06:10:37.632791 [debug] [Thread-3 (]: Using redshift connection "model.nyc_taxi_dbt.taxi_agg"
[0m06:10:37.634109 [debug] [Thread-3 (]: On model.nyc_taxi_dbt.taxi_agg: BEGIN
[0m06:10:37.640447 [debug] [Thread-3 (]: SQL status: SUCCESS in 0.005 seconds
[0m06:10:37.647252 [debug] [Thread-3 (]: Applying DROP to: "dev"."public"."taxi_agg_2025_10__dbt_backup"
[0m06:10:37.667415 [debug] [Thread-3 (]: Using redshift connection "model.nyc_taxi_dbt.taxi_agg"
[0m06:10:37.668595 [debug] [Thread-3 (]: On model.nyc_taxi_dbt.taxi_agg: /* {"app": "dbt", "dbt_version": "1.11.2", "profile_name": "dbt_poc", "target_name": "dev", "node_id": "model.nyc_taxi_dbt.taxi_agg"} */
drop table if exists "dev"."public"."taxi_agg_2025_10__dbt_backup" cascade
[0m06:10:37.693567 [debug] [Thread-3 (]: SQL status: SUCCESS in 0.024 seconds
[0m06:10:37.696058 [debug] [Thread-3 (]: On model.nyc_taxi_dbt.taxi_agg: COMMIT
[0m06:10:37.697457 [debug] [Thread-3 (]: Using redshift connection "model.nyc_taxi_dbt.taxi_agg"
[0m06:10:37.698454 [debug] [Thread-3 (]: On model.nyc_taxi_dbt.taxi_agg: COMMIT
[0m06:10:37.864648 [debug] [Thread-3 (]: SQL status: SUCCESS in 0.165 seconds
[0m06:10:37.865932 [debug] [Thread-3 (]: Using redshift connection "model.nyc_taxi_dbt.taxi_agg"
[0m06:10:37.866843 [debug] [Thread-3 (]: On model.nyc_taxi_dbt.taxi_agg: BEGIN
[0m06:10:37.873177 [debug] [Thread-3 (]: SQL status: SUCCESS in 0.005 seconds
[0m06:10:37.876147 [debug] [Thread-3 (]: On model.nyc_taxi_dbt.taxi_agg: ROLLBACK
[0m06:10:37.887611 [debug] [Thread-3 (]: On model.nyc_taxi_dbt.taxi_agg: Close
[0m06:10:37.889618 [debug] [Thread-3 (]: Sending event: {'category': 'dbt', 'action': 'run_model', 'label': '4d15c5fa-ea88-4d93-bc77-dee485a16fcc', 'context': [<snowplow_tracker.self_describing_json.SelfDescribingJson object at 0x7f729482e020>]}
[0m06:10:37.891308 [info ] [Thread-3 (]: 2 of 3 OK created sql table model public.taxi_agg_2025_10 ...................... [[32mSUCCESS[0m in 1.09s]
[0m06:10:37.893128 [debug] [Thread-3 (]: Finished running node model.nyc_taxi_dbt.taxi_agg
[0m06:10:37.898446 [debug] [Thread-2 (]: Began running node model.nyc_taxi_dbt.dq_stats
[0m06:10:37.899910 [info ] [Thread-2 (]: 3 of 3 START sql table model public.dq_2025_10 ................................. [RUN]
[0m06:10:37.902187 [debug] [Thread-2 (]: Acquiring new redshift connection 'model.nyc_taxi_dbt.dq_stats'
[0m06:10:37.903216 [debug] [Thread-2 (]: Began compiling node model.nyc_taxi_dbt.dq_stats
[0m06:10:37.919302 [debug] [Thread-2 (]: Writing injected SQL for node "model.nyc_taxi_dbt.dq_stats"
[0m06:10:37.924381 [debug] [Thread-2 (]: Began executing node model.nyc_taxi_dbt.dq_stats
[0m06:10:37.946440 [debug] [Thread-2 (]: Writing runtime sql for node "model.nyc_taxi_dbt.dq_stats"
[0m06:10:37.950546 [debug] [Thread-2 (]: Using redshift connection "model.nyc_taxi_dbt.dq_stats"
[0m06:10:37.951666 [debug] [Thread-2 (]: On model.nyc_taxi_dbt.dq_stats: BEGIN
[0m06:10:37.952648 [debug] [Thread-2 (]: Opening a new connection, currently in state init
[0m06:10:37.963981 [debug] [Thread-2 (]: Redshift adapter: Connecting to Redshift with 'database' credentials method
[0m06:10:37.973700 [debug] [Thread-2 (]: Redshift adapter: Establishing connection using ssl with `sslmode` set to 'require'.To connect without ssl, set `sslmode` to 'disable'.
[0m06:10:38.083477 [debug] [Thread-2 (]: SQL status: SUCCESS in 0.131 seconds
[0m06:10:38.084516 [debug] [Thread-2 (]: Using redshift connection "model.nyc_taxi_dbt.dq_stats"
[0m06:10:38.085525 [debug] [Thread-2 (]: On model.nyc_taxi_dbt.dq_stats: /* {"app": "dbt", "dbt_version": "1.11.2", "profile_name": "dbt_poc", "target_name": "dev", "node_id": "model.nyc_taxi_dbt.dq_stats"} */

  
    

  create  table
    "dev"."public"."dq_2025_10__dbt_tmp"
    
    
    
  as (
    

SELECT
    Run_Date_Short,
    metric_name,
    metric_value
FROM "dev"."public"."taxi_agg_2025_10"
UNPIVOT (
    metric_value FOR metric_name IN (total_amount, row_count)
)
  );
[0m06:10:52.708143 [debug] [Thread-2 (]: SQL status: SUCCESS in 14.622 seconds
[0m06:10:52.716970 [debug] [Thread-2 (]: Using redshift connection "model.nyc_taxi_dbt.dq_stats"
[0m06:10:52.717968 [debug] [Thread-2 (]: On model.nyc_taxi_dbt.dq_stats: /* {"app": "dbt", "dbt_version": "1.11.2", "profile_name": "dbt_poc", "target_name": "dev", "node_id": "model.nyc_taxi_dbt.dq_stats"} */
alter table "dev"."public"."dq_2025_10__dbt_tmp" rename to "dq_2025_10"
[0m06:10:52.729741 [debug] [Thread-2 (]: SQL status: SUCCESS in 0.011 seconds
[0m06:10:52.733561 [debug] [Thread-2 (]: On model.nyc_taxi_dbt.dq_stats: COMMIT
[0m06:10:52.734726 [debug] [Thread-2 (]: Using redshift connection "model.nyc_taxi_dbt.dq_stats"
[0m06:10:52.735517 [debug] [Thread-2 (]: On model.nyc_taxi_dbt.dq_stats: COMMIT
[0m06:10:52.914398 [debug] [Thread-2 (]: SQL status: SUCCESS in 0.178 seconds
[0m06:10:52.915512 [debug] [Thread-2 (]: Using redshift connection "model.nyc_taxi_dbt.dq_stats"
[0m06:10:52.916087 [debug] [Thread-2 (]: On model.nyc_taxi_dbt.dq_stats: BEGIN
[0m06:10:52.922248 [debug] [Thread-2 (]: SQL status: SUCCESS in 0.006 seconds
[0m06:10:52.927182 [debug] [Thread-2 (]: Applying DROP to: "dev"."public"."dq_2025_10__dbt_backup"
[0m06:10:52.929047 [debug] [Thread-2 (]: Using redshift connection "model.nyc_taxi_dbt.dq_stats"
[0m06:10:52.929692 [debug] [Thread-2 (]: On model.nyc_taxi_dbt.dq_stats: /* {"app": "dbt", "dbt_version": "1.11.2", "profile_name": "dbt_poc", "target_name": "dev", "node_id": "model.nyc_taxi_dbt.dq_stats"} */
drop table if exists "dev"."public"."dq_2025_10__dbt_backup" cascade
[0m06:10:52.940217 [debug] [Thread-2 (]: SQL status: SUCCESS in 0.010 seconds
[0m06:10:52.942360 [debug] [Thread-2 (]: On model.nyc_taxi_dbt.dq_stats: COMMIT
[0m06:10:52.943257 [debug] [Thread-2 (]: Using redshift connection "model.nyc_taxi_dbt.dq_stats"
[0m06:10:52.943880 [debug] [Thread-2 (]: On model.nyc_taxi_dbt.dq_stats: COMMIT
[0m06:10:52.954755 [debug] [Thread-2 (]: SQL status: SUCCESS in 0.010 seconds
[0m06:10:52.955717 [debug] [Thread-2 (]: Using redshift connection "model.nyc_taxi_dbt.dq_stats"
[0m06:10:52.956297 [debug] [Thread-2 (]: On model.nyc_taxi_dbt.dq_stats: BEGIN
[0m06:10:52.962304 [debug] [Thread-2 (]: SQL status: SUCCESS in 0.005 seconds
[0m06:10:52.963785 [debug] [Thread-2 (]: On model.nyc_taxi_dbt.dq_stats: ROLLBACK
[0m06:10:52.975545 [debug] [Thread-2 (]: On model.nyc_taxi_dbt.dq_stats: Close
[0m06:10:52.977105 [debug] [Thread-2 (]: Sending event: {'category': 'dbt', 'action': 'run_model', 'label': '4d15c5fa-ea88-4d93-bc77-dee485a16fcc', 'context': [<snowplow_tracker.self_describing_json.SelfDescribingJson object at 0x7f729015de70>]}
[0m06:10:52.978341 [info ] [Thread-2 (]: 3 of 3 OK created sql table model public.dq_2025_10 ............................ [[32mSUCCESS[0m in 15.08s]
[0m06:10:52.979416 [debug] [Thread-2 (]: Finished running node model.nyc_taxi_dbt.dq_stats
[0m06:10:52.981753 [debug] [MainThread]: Using redshift connection "master"
[0m06:10:52.982418 [debug] [MainThread]: On master: BEGIN
[0m06:10:52.982924 [debug] [MainThread]: Opening a new connection, currently in state closed
[0m06:10:52.983552 [debug] [MainThread]: Redshift adapter: Connecting to Redshift with 'database' credentials method
[0m06:10:52.984420 [debug] [MainThread]: Redshift adapter: Establishing connection using ssl with `sslmode` set to 'require'.To connect without ssl, set `sslmode` to 'disable'.
[0m06:10:53.059125 [debug] [MainThread]: SQL status: SUCCESS in 0.076 seconds
[0m06:10:53.059952 [debug] [MainThread]: On master: COMMIT
[0m06:10:53.060748 [debug] [MainThread]: Using redshift connection "master"
[0m06:10:53.061288 [debug] [MainThread]: On master: COMMIT
[0m06:10:53.066605 [debug] [MainThread]: SQL status: SUCCESS in 0.005 seconds
[0m06:10:53.067396 [debug] [MainThread]: On master: Close
[0m06:10:53.068379 [debug] [MainThread]: Connection 'master' was properly closed.
[0m06:10:53.068881 [debug] [MainThread]: Connection 'model.nyc_taxi_dbt.yellow_trip_data' was properly closed.
[0m06:10:53.069350 [debug] [MainThread]: Connection 'model.nyc_taxi_dbt.taxi_agg' was properly closed.
[0m06:10:53.069811 [debug] [MainThread]: Connection 'model.nyc_taxi_dbt.dq_stats' was properly closed.
[0m06:10:53.070532 [info ] [MainThread]: 
[0m06:10:53.071183 [info ] [MainThread]: Finished running 2 table models, 1 view model in 0 hours 0 minutes and 17.66 seconds (17.66s).
[0m06:10:53.072638 [debug] [MainThread]: Command end result
[0m06:10:53.114271 [debug] [MainThread]: Wrote artifact WritableManifest to ./target/manifest.json
[0m06:10:53.117323 [debug] [MainThread]: Wrote artifact SemanticManifest to ./target/semantic_manifest.json
[0m06:10:53.126791 [debug] [MainThread]: Wrote artifact RunExecutionResult to ./target/run_results.json
[0m06:10:53.127425 [info ] [MainThread]: 
[0m06:10:53.128142 [info ] [MainThread]: [32mCompleted successfully[0m
[0m06:10:53.128775 [info ] [MainThread]: 
[0m06:10:53.129470 [info ] [MainThread]: Done. PASS=3 WARN=0 ERROR=0 SKIP=0 NO-OP=0 TOTAL=3
[0m06:10:53.130979 [debug] [MainThread]: Resource report: {"command_name": "run", "command_success": true, "command_wall_clock_time": 21.75445, "process_in_blocks": "0", "process_kernel_time": 0.136108, "process_mem_max_rss": "140328", "process_out_blocks": "3400", "process_user_time": 6.593625}
[0m06:10:53.131684 [debug] [MainThread]: Command `dbt run` succeeded at 06:10:53.131533 after 21.76 seconds
[0m06:10:53.132309 [debug] [MainThread]: Sending event: {'category': 'dbt', 'action': 'invocation', 'label': 'end', 'context': [<snowplow_tracker.self_describing_json.SelfDescribingJson object at 0x7f72957180d0>, <snowplow_tracker.self_describing_json.SelfDescribingJson object at 0x7f72955af6a0>, <snowplow_tracker.self_describing_json.SelfDescribingJson object at 0x7f72921c11e0>]}
[0m06:10:53.133071 [debug] [MainThread]: Flushing usage events
[0m06:10:53.590825 [debug] [MainThread]: An error was encountered while trying to flush usage events
[0m06:10:56.483029 [debug] [MainThread]: Sending event: {'category': 'dbt', 'action': 'invocation', 'label': 'start', 'context': [<snowplow_tracker.self_describing_json.SelfDescribingJson object at 0x7fe1f5af40a0>, <snowplow_tracker.self_describing_json.SelfDescribingJson object at 0x7fe1f48cbd90>, <snowplow_tracker.self_describing_json.SelfDescribingJson object at 0x7fe1f48cbd30>]}


============================== 06:10:56.486781 | b6b0b75f-e4c3-434e-adba-2fee8c460d5e ==============================
[0m06:10:56.486781 [info ] [MainThread]: Running with dbt=1.11.2
[0m06:10:56.487662 [debug] [MainThread]: running dbt with arguments {'partial_parse': 'True', 'use_colors': 'True', 'log_cache_events': 'False', 'empty': 'None', 'profiles_dir': '/home/ec2-user/NYC_taxi/dbt', 'warn_error_options': 'WarnErrorOptionsV2(error=[], warn=[], silence=[])', 'fail_fast': 'False', 'warn_error': 'None', 'use_experimental_parser': 'False', 'log_format': 'default', 'introspect': 'True', 'log_path': '/home/ec2-user/NYC_taxi/dbt/logs', 'no_print': 'None', 'invocation_command': 'dbt clean', 'cache_selected_only': 'False', 'quiet': 'False', 'target_path': 'None', 'static_parser': 'True', 'indirect_selection': 'eager', 'version_check': 'True', 'printer_width': '80', 'send_anonymous_usage_stats': 'True', 'write_json': 'True', 'debug': 'False'}
[0m06:10:56.657229 [debug] [MainThread]: Sending event: {'category': 'dbt', 'action': 'project_id', 'label': 'b6b0b75f-e4c3-434e-adba-2fee8c460d5e', 'context': [<snowplow_tracker.self_describing_json.SelfDescribingJson object at 0x7fe1f743ada0>]}
[0m06:10:56.672632 [debug] [MainThread]: Resource report: {"command_name": "clean", "command_success": true, "command_wall_clock_time": 0.27726588, "process_in_blocks": "0", "process_kernel_time": 0.118082, "process_mem_max_rss": "97416", "process_out_blocks": "0", "process_user_time": 2.21295}
[0m06:10:56.673408 [debug] [MainThread]: Command `dbt clean` succeeded at 06:10:56.673258 after 0.28 seconds
[0m06:10:56.673986 [debug] [MainThread]: Sending event: {'category': 'dbt', 'action': 'invocation', 'label': 'end', 'context': [<snowplow_tracker.self_describing_json.SelfDescribingJson object at 0x7fe1f5af40a0>, <snowplow_tracker.self_describing_json.SelfDescribingJson object at 0x7fe1f49b3160>, <snowplow_tracker.self_describing_json.SelfDescribingJson object at 0x7fe1f49b27d0>]}
[0m06:10:56.674715 [debug] [MainThread]: Flushing usage events
[0m06:10:57.136878 [debug] [MainThread]: An error was encountered while trying to flush usage events
[0m07:14:30.577292 [debug] [MainThread]: Sending event: {'category': 'dbt', 'action': 'invocation', 'label': 'start', 'context': [<snowplow_tracker.self_describing_json.SelfDescribingJson object at 0x7fd61f9ec130>, <snowplow_tracker.self_describing_json.SelfDescribingJson object at 0x7fd61e99ff10>, <snowplow_tracker.self_describing_json.SelfDescribingJson object at 0x7fd61e99feb0>]}


============================== 07:14:30.581205 | 9b7b332f-e601-43e8-9f53-d3b41958c510 ==============================
[0m07:14:30.581205 [info ] [MainThread]: Running with dbt=1.11.2
[0m07:14:30.582115 [debug] [MainThread]: running dbt with arguments {'introspect': 'True', 'warn_error': 'None', 'version_check': 'True', 'partial_parse': 'True', 'write_json': 'True', 'warn_error_options': 'WarnErrorOptionsV2(error=[], warn=[], silence=[])', 'quiet': 'False', 'send_anonymous_usage_stats': 'True', 'profiles_dir': '.', 'no_print': 'None', 'target_path': 'None', 'printer_width': '80', 'invocation_command': 'dbt run --profiles-dir . --project-dir .', 'use_experimental_parser': 'False', 'debug': 'False', 'fail_fast': 'False', 'cache_selected_only': 'False', 'use_colors': 'True', 'log_format': 'default', 'log_cache_events': 'False', 'empty': 'False', 'log_path': 'logs', 'static_parser': 'True', 'indirect_selection': 'eager'}
[0m07:14:30.715898 [debug] [MainThread]: Redshift adapter: Setting redshift_connector to ERROR
[0m07:14:30.716709 [debug] [MainThread]: Redshift adapter: Setting redshift_connector.core to ERROR
[0m07:14:31.058950 [debug] [MainThread]: Sending event: {'category': 'dbt', 'action': 'project_id', 'label': '9b7b332f-e601-43e8-9f53-d3b41958c510', 'context': [<snowplow_tracker.self_describing_json.SelfDescribingJson object at 0x7fd61d7e7160>]}
[0m07:14:31.152347 [debug] [MainThread]: Sending event: {'category': 'dbt', 'action': 'adapter_info', 'label': '9b7b332f-e601-43e8-9f53-d3b41958c510', 'context': [<snowplow_tracker.self_describing_json.SelfDescribingJson object at 0x7fd61f203700>]}
[0m07:14:31.153615 [info ] [MainThread]: Registered adapter: redshift=1.10.0
[0m07:14:31.295924 [debug] [MainThread]: checksum: 3d40d8bbe1bef07db1c24822f2dbfff8bc07f2a48ed4fe2658a40653aec0b54b, vars: {}, profile: , target: , version: 1.11.2
[0m07:14:31.297556 [info ] [MainThread]: Unable to do partial parsing because saved manifest not found. Starting full parse.
[0m07:14:31.298389 [debug] [MainThread]: Sending event: {'category': 'dbt', 'action': 'partial_parser', 'label': '9b7b332f-e601-43e8-9f53-d3b41958c510', 'context': [<snowplow_tracker.self_describing_json.SelfDescribingJson object at 0x7fd61d3a3f70>]}
[0m07:14:33.482420 [warn ] [MainThread]: [[33mWARNING[0m]: Test 'test.nyc_taxi_dbt.assert_summary' (tests/assert_summary.sql) depends on a node named 'yellow_taxi_trips_2025_10_stats' in package '' which was not found
[0m07:14:33.624738 [debug] [MainThread]: Sending event: {'category': 'dbt', 'action': 'load_project', 'label': '9b7b332f-e601-43e8-9f53-d3b41958c510', 'context': [<snowplow_tracker.self_describing_json.SelfDescribingJson object at 0x7fd61c7fa830>]}
[0m07:14:33.826858 [debug] [MainThread]: Wrote artifact WritableManifest to ./target/manifest.json
[0m07:14:33.830885 [debug] [MainThread]: Wrote artifact SemanticManifest to ./target/semantic_manifest.json
[0m07:14:33.844166 [debug] [MainThread]: Sending event: {'category': 'dbt', 'action': 'resource_counts', 'label': '9b7b332f-e601-43e8-9f53-d3b41958c510', 'context': [<snowplow_tracker.self_describing_json.SelfDescribingJson object at 0x7fd61c793130>]}
[0m07:14:33.845432 [info ] [MainThread]: Found 3 models, 1 source, 538 macros
[0m07:14:33.846435 [debug] [MainThread]: Sending event: {'category': 'dbt', 'action': 'runnable_timing', 'label': '9b7b332f-e601-43e8-9f53-d3b41958c510', 'context': [<snowplow_tracker.self_describing_json.SelfDescribingJson object at 0x7fd61d3a01f0>]}
[0m07:14:33.850114 [info ] [MainThread]: 
[0m07:14:33.851129 [info ] [MainThread]: Concurrency: 4 threads (target='dev')
[0m07:14:33.851968 [info ] [MainThread]: 
[0m07:14:33.853534 [debug] [MainThread]: Acquiring new redshift connection 'master'
[0m07:14:33.863788 [debug] [ThreadPool]: Acquiring new redshift connection 'list_dev'
[0m07:14:33.894333 [debug] [ThreadPool]: Using redshift connection "list_dev"
[0m07:14:33.895087 [debug] [ThreadPool]: On list_dev: /* {"app": "dbt", "dbt_version": "1.11.2", "profile_name": "dbt_poc", "target_name": "dev", "connection_name": "list_dev"} */

    select distinct nspname from pg_namespace
[0m07:14:33.895788 [debug] [ThreadPool]: Opening a new connection, currently in state init
[0m07:14:33.896370 [debug] [ThreadPool]: Redshift adapter: Connecting to Redshift with 'database' credentials method
[0m07:14:33.902427 [debug] [ThreadPool]: Redshift adapter: Establishing connection using ssl with `sslmode` set to 'require'.To connect without ssl, set `sslmode` to 'disable'.
[0m07:14:34.003327 [debug] [ThreadPool]: SQL status: SUCCESS in 0.107 seconds
[0m07:14:34.034435 [debug] [ThreadPool]: On list_dev: Close
[0m07:14:34.037895 [debug] [ThreadPool]: Acquiring new redshift connection 'list_dev_public'
[0m07:14:34.051595 [debug] [ThreadPool]: Using redshift connection "list_dev_public"
[0m07:14:34.052339 [debug] [ThreadPool]: On list_dev_public: BEGIN
[0m07:14:34.052924 [debug] [ThreadPool]: Opening a new connection, currently in state init
[0m07:14:34.053540 [debug] [ThreadPool]: Redshift adapter: Connecting to Redshift with 'database' credentials method
[0m07:14:34.054322 [debug] [ThreadPool]: Redshift adapter: Establishing connection using ssl with `sslmode` set to 'require'.To connect without ssl, set `sslmode` to 'disable'.
[0m07:14:43.443748 [debug] [ThreadPool]: SQL status: SUCCESS in 9.391 seconds
[0m07:14:43.444492 [debug] [ThreadPool]: Using redshift connection "list_dev_public"
[0m07:14:43.445175 [debug] [ThreadPool]: On list_dev_public: /* {"app": "dbt", "dbt_version": "1.11.2", "profile_name": "dbt_poc", "target_name": "dev", "connection_name": "list_dev_public"} */
select
        table_catalog as database,
        table_name as name,
        table_schema as schema,
        'table' as type
    from information_schema.tables
    where table_schema ilike 'public'
    and table_type = 'BASE TABLE'
    union all
    select
      table_catalog as database,
      table_name as name,
      table_schema as schema,
      case
        when view_definition ilike '%create materialized view%'
          then 'materialized_view'
        else 'view'
      end as type
    from information_schema.views
    where table_schema ilike 'public'
[0m07:14:43.523329 [debug] [ThreadPool]: SQL status: SUCCESS in 0.078 seconds
[0m07:14:43.525323 [debug] [ThreadPool]: On list_dev_public: ROLLBACK
[0m07:14:43.552090 [debug] [ThreadPool]: On list_dev_public: Close
[0m07:14:43.569105 [debug] [MainThread]: Using redshift connection "master"
[0m07:14:43.569914 [debug] [MainThread]: On master: BEGIN
[0m07:14:43.570466 [debug] [MainThread]: Opening a new connection, currently in state init
[0m07:14:43.571019 [debug] [MainThread]: Redshift adapter: Connecting to Redshift with 'database' credentials method
[0m07:14:43.571713 [debug] [MainThread]: Redshift adapter: Establishing connection using ssl with `sslmode` set to 'require'.To connect without ssl, set `sslmode` to 'disable'.
[0m07:14:43.653919 [debug] [MainThread]: SQL status: SUCCESS in 0.083 seconds
[0m07:14:43.655125 [debug] [MainThread]: Using redshift connection "master"
[0m07:14:43.656299 [debug] [MainThread]: On master: /* {"app": "dbt", "dbt_version": "1.11.2", "profile_name": "dbt_poc", "target_name": "dev", "connection_name": "master"} */
with
    relation as (
        select
            pg_class.oid as relation_id,
            pg_class.relname as relation_name,
            pg_class.relnamespace as schema_id,
            pg_namespace.nspname as schema_name,
            pg_class.relkind as relation_type
        from pg_class
        join pg_namespace
          on pg_class.relnamespace = pg_namespace.oid
        where pg_namespace.nspname != 'information_schema'
          and pg_namespace.nspname not like 'pg\_%'
    ),
    dependency as (
        select distinct
            coalesce(pg_rewrite.ev_class, pg_depend.objid) as dep_relation_id,
            pg_depend.refobjid as ref_relation_id,
            pg_depend.refclassid as ref_class_id
        from pg_depend
        left join pg_rewrite
          on pg_depend.objid = pg_rewrite.oid
        where coalesce(pg_rewrite.ev_class, pg_depend.objid) != pg_depend.refobjid
    )

select distinct
    dep.schema_name as dependent_schema,
    dep.relation_name as dependent_name,
    ref.schema_name as referenced_schema,
    ref.relation_name as referenced_name
from dependency
join relation ref
    on dependency.ref_relation_id = ref.relation_id
join relation dep
    on dependency.dep_relation_id = dep.relation_id
[0m07:14:43.716986 [debug] [MainThread]: SQL status: SUCCESS in 0.060 seconds
[0m07:14:43.720351 [debug] [MainThread]: Sending event: {'category': 'dbt', 'action': 'runnable_timing', 'label': '9b7b332f-e601-43e8-9f53-d3b41958c510', 'context': [<snowplow_tracker.self_describing_json.SelfDescribingJson object at 0x7fd6213efbb0>]}
[0m07:14:43.721459 [debug] [MainThread]: On master: ROLLBACK
[0m07:14:43.740440 [debug] [MainThread]: Using redshift connection "master"
[0m07:14:43.741442 [debug] [MainThread]: On master: BEGIN
[0m07:14:43.747528 [debug] [MainThread]: SQL status: SUCCESS in 0.005 seconds
[0m07:14:43.748464 [debug] [MainThread]: On master: COMMIT
[0m07:14:43.749473 [debug] [MainThread]: Using redshift connection "master"
[0m07:14:43.750218 [debug] [MainThread]: On master: COMMIT
[0m07:14:43.755565 [debug] [MainThread]: SQL status: SUCCESS in 0.005 seconds
[0m07:14:43.756418 [debug] [MainThread]: On master: Close
[0m07:14:43.761036 [debug] [Thread-1 (]: Began running node model.nyc_taxi_dbt.yellow_trip_data
[0m07:14:43.762292 [info ] [Thread-1 (]: 1 of 3 START sql view model public.yellow_trip_data ............................ [RUN]
[0m07:14:43.763768 [debug] [Thread-1 (]: Re-using an available connection from the pool (formerly list_dev_public, now model.nyc_taxi_dbt.yellow_trip_data)
[0m07:14:43.764722 [debug] [Thread-1 (]: Began compiling node model.nyc_taxi_dbt.yellow_trip_data
[0m07:14:43.772923 [debug] [Thread-1 (]: Writing injected SQL for node "model.nyc_taxi_dbt.yellow_trip_data"
[0m07:14:43.775047 [debug] [Thread-1 (]: Began executing node model.nyc_taxi_dbt.yellow_trip_data
[0m07:14:43.861416 [debug] [Thread-1 (]: Writing runtime sql for node "model.nyc_taxi_dbt.yellow_trip_data"
[0m07:14:43.864834 [debug] [Thread-1 (]: Using redshift connection "model.nyc_taxi_dbt.yellow_trip_data"
[0m07:14:43.865995 [debug] [Thread-1 (]: On model.nyc_taxi_dbt.yellow_trip_data: BEGIN
[0m07:14:43.867000 [debug] [Thread-1 (]: Opening a new connection, currently in state closed
[0m07:14:43.868048 [debug] [Thread-1 (]: Redshift adapter: Connecting to Redshift with 'database' credentials method
[0m07:14:43.869272 [debug] [Thread-1 (]: Redshift adapter: Establishing connection using ssl with `sslmode` set to 'require'.To connect without ssl, set `sslmode` to 'disable'.
[0m07:14:43.990723 [debug] [Thread-1 (]: SQL status: SUCCESS in 0.124 seconds
[0m07:14:43.991883 [debug] [Thread-1 (]: Using redshift connection "model.nyc_taxi_dbt.yellow_trip_data"
[0m07:14:43.992846 [debug] [Thread-1 (]: On model.nyc_taxi_dbt.yellow_trip_data: /* {"app": "dbt", "dbt_version": "1.11.2", "profile_name": "dbt_poc", "target_name": "dev", "node_id": "model.nyc_taxi_dbt.yellow_trip_data"} */


  create view "dev"."public"."yellow_trip_data__dbt_tmp" as (
    SELECT * 
FROM "dev"."public"."yellow_taxi_trips_2025_10"
  ) ;
[0m07:14:44.011416 [debug] [Thread-1 (]: SQL status: SUCCESS in 0.018 seconds
[0m07:14:44.046399 [debug] [Thread-1 (]: Using redshift connection "model.nyc_taxi_dbt.yellow_trip_data"
[0m07:14:44.047639 [debug] [Thread-1 (]: On model.nyc_taxi_dbt.yellow_trip_data: /* {"app": "dbt", "dbt_version": "1.11.2", "profile_name": "dbt_poc", "target_name": "dev", "node_id": "model.nyc_taxi_dbt.yellow_trip_data"} */
alter table "dev"."public"."yellow_trip_data" rename to "yellow_trip_data__dbt_backup"
[0m07:14:44.062537 [debug] [Thread-1 (]: SQL status: SUCCESS in 0.014 seconds
[0m07:14:44.076591 [debug] [Thread-1 (]: Using redshift connection "model.nyc_taxi_dbt.yellow_trip_data"
[0m07:14:44.081603 [debug] [Thread-1 (]: On model.nyc_taxi_dbt.yellow_trip_data: /* {"app": "dbt", "dbt_version": "1.11.2", "profile_name": "dbt_poc", "target_name": "dev", "node_id": "model.nyc_taxi_dbt.yellow_trip_data"} */
alter table "dev"."public"."yellow_trip_data__dbt_tmp" rename to "yellow_trip_data"
[0m07:14:44.091052 [debug] [Thread-1 (]: SQL status: SUCCESS in 0.008 seconds
[0m07:14:44.144830 [debug] [Thread-1 (]: On model.nyc_taxi_dbt.yellow_trip_data: COMMIT
[0m07:14:44.146296 [debug] [Thread-1 (]: Using redshift connection "model.nyc_taxi_dbt.yellow_trip_data"
[0m07:14:44.147378 [debug] [Thread-1 (]: On model.nyc_taxi_dbt.yellow_trip_data: COMMIT
[0m07:14:49.235162 [debug] [Thread-1 (]: SQL status: SUCCESS in 5.087 seconds
[0m07:14:49.236262 [debug] [Thread-1 (]: Using redshift connection "model.nyc_taxi_dbt.yellow_trip_data"
[0m07:14:49.236855 [debug] [Thread-1 (]: On model.nyc_taxi_dbt.yellow_trip_data: BEGIN
[0m07:14:49.242575 [debug] [Thread-1 (]: SQL status: SUCCESS in 0.005 seconds
[0m07:14:49.252007 [debug] [Thread-1 (]: Applying DROP to: "dev"."public"."yellow_trip_data__dbt_backup"
[0m07:14:49.258448 [debug] [Thread-1 (]: Using redshift connection "model.nyc_taxi_dbt.yellow_trip_data"
[0m07:14:49.259096 [debug] [Thread-1 (]: On model.nyc_taxi_dbt.yellow_trip_data: /* {"app": "dbt", "dbt_version": "1.11.2", "profile_name": "dbt_poc", "target_name": "dev", "node_id": "model.nyc_taxi_dbt.yellow_trip_data"} */
drop view if exists "dev"."public"."yellow_trip_data__dbt_backup" cascade
[0m07:14:49.321329 [debug] [Thread-1 (]: SQL status: SUCCESS in 0.062 seconds
[0m07:14:49.322916 [debug] [Thread-1 (]: On model.nyc_taxi_dbt.yellow_trip_data: COMMIT
[0m07:14:49.323697 [debug] [Thread-1 (]: Using redshift connection "model.nyc_taxi_dbt.yellow_trip_data"
[0m07:14:49.324227 [debug] [Thread-1 (]: On model.nyc_taxi_dbt.yellow_trip_data: COMMIT
[0m07:14:51.104048 [debug] [Thread-1 (]: SQL status: SUCCESS in 1.779 seconds
[0m07:14:51.105028 [debug] [Thread-1 (]: Using redshift connection "model.nyc_taxi_dbt.yellow_trip_data"
[0m07:14:51.105614 [debug] [Thread-1 (]: On model.nyc_taxi_dbt.yellow_trip_data: BEGIN
[0m07:14:51.111497 [debug] [Thread-1 (]: SQL status: SUCCESS in 0.005 seconds
[0m07:14:51.114674 [debug] [Thread-1 (]: On model.nyc_taxi_dbt.yellow_trip_data: ROLLBACK
[0m07:14:51.126086 [debug] [Thread-1 (]: On model.nyc_taxi_dbt.yellow_trip_data: Close
[0m07:14:51.129340 [debug] [Thread-1 (]: Sending event: {'category': 'dbt', 'action': 'run_model', 'label': '9b7b332f-e601-43e8-9f53-d3b41958c510', 'context': [<snowplow_tracker.self_describing_json.SelfDescribingJson object at 0x7fd61a55a020>]}
[0m07:14:51.130480 [info ] [Thread-1 (]: 1 of 3 OK created sql view model public.yellow_trip_data ....................... [[32mSUCCESS[0m in 7.36s]
[0m07:14:51.131375 [debug] [Thread-1 (]: Finished running node model.nyc_taxi_dbt.yellow_trip_data
[0m07:14:51.132561 [debug] [Thread-3 (]: Began running node model.nyc_taxi_dbt.taxi_agg
[0m07:14:51.133381 [info ] [Thread-3 (]: 2 of 3 START sql table model public.taxi_agg_2025_10 ........................... [RUN]
[0m07:14:51.134281 [debug] [Thread-3 (]: Acquiring new redshift connection 'model.nyc_taxi_dbt.taxi_agg'
[0m07:14:51.134838 [debug] [Thread-3 (]: Began compiling node model.nyc_taxi_dbt.taxi_agg
[0m07:14:51.141631 [debug] [Thread-3 (]: Writing injected SQL for node "model.nyc_taxi_dbt.taxi_agg"
[0m07:14:51.142567 [debug] [Thread-3 (]: Began executing node model.nyc_taxi_dbt.taxi_agg
[0m07:14:51.184860 [debug] [Thread-3 (]: Writing runtime sql for node "model.nyc_taxi_dbt.taxi_agg"
[0m07:14:51.187449 [debug] [Thread-3 (]: Using redshift connection "model.nyc_taxi_dbt.taxi_agg"
[0m07:14:51.188123 [debug] [Thread-3 (]: On model.nyc_taxi_dbt.taxi_agg: BEGIN
[0m07:14:51.188655 [debug] [Thread-3 (]: Opening a new connection, currently in state init
[0m07:14:51.189214 [debug] [Thread-3 (]: Redshift adapter: Connecting to Redshift with 'database' credentials method
[0m07:14:51.189950 [debug] [Thread-3 (]: Redshift adapter: Establishing connection using ssl with `sslmode` set to 'require'.To connect without ssl, set `sslmode` to 'disable'.
[0m07:14:51.270430 [debug] [Thread-3 (]: SQL status: SUCCESS in 0.082 seconds
[0m07:14:51.271229 [debug] [Thread-3 (]: Using redshift connection "model.nyc_taxi_dbt.taxi_agg"
[0m07:14:51.271868 [debug] [Thread-3 (]: On model.nyc_taxi_dbt.taxi_agg: /* {"app": "dbt", "dbt_version": "1.11.2", "profile_name": "dbt_poc", "target_name": "dev", "node_id": "model.nyc_taxi_dbt.taxi_agg"} */

  
    

  create  table
    "dev"."public"."taxi_agg_2025_10__dbt_tmp"
    
    
    
  as (
    

SELECT
    Run_Date_Short, 
    sum(total_amount) AS total_amount,
    CAST(count(trip_id) AS DOUBLE PRECISION) AS row_count
FROM "dev"."public"."yellow_trip_data"
GROUP BY
    Run_Date_Short
  );
[0m07:15:15.906852 [debug] [MainThread]: Wrote artifact RunExecutionResult to ./target/run_results.json
[0m07:15:15.909313 [debug] [MainThread]: Redshift adapter: Cancel query on: 'model.nyc_taxi_dbt.taxi_agg' with PID: 1073905798
[0m07:15:15.910415 [debug] [MainThread]: Redshift adapter: select pg_terminate_backend(1073905798)
[0m07:15:15.911814 [debug] [MainThread]: Using redshift connection "master"
[0m07:15:15.912659 [debug] [MainThread]: On master: BEGIN
[0m07:15:15.913417 [debug] [MainThread]: Opening a new connection, currently in state closed
[0m07:15:15.914290 [debug] [MainThread]: Redshift adapter: Connecting to Redshift with 'database' credentials method
[0m07:15:15.915272 [debug] [MainThread]: Redshift adapter: Establishing connection using ssl with `sslmode` set to 'require'.To connect without ssl, set `sslmode` to 'disable'.
[0m07:15:15.996066 [debug] [MainThread]: SQL status: SUCCESS in 0.083 seconds
[0m07:15:15.997250 [debug] [MainThread]: Using redshift connection "master"
[0m07:15:15.998209 [debug] [MainThread]: On master: select pg_terminate_backend(1073905798)
[0m07:15:16.004166 [debug] [MainThread]: SQL status: SUCCESS in 0.005 seconds
[0m07:15:16.005242 [error] [MainThread]: CANCEL query list_dev .......................................................... [[31mCANCEL[0m]
[0m07:15:16.006590 [error] [MainThread]: CANCEL query model.nyc_taxi_dbt.yellow_trip_data ............................... [[31mCANCEL[0m]
[0m07:15:16.007612 [error] [MainThread]: CANCEL query model.nyc_taxi_dbt.taxi_agg ....................................... [[31mCANCEL[0m]
[0m07:15:16.008642 [debug] [MainThread]: On master: ROLLBACK
[0m07:15:16.021650 [debug] [MainThread]: On master: Close
[0m07:17:20.416375 [debug] [MainThread]: Sending event: {'category': 'dbt', 'action': 'invocation', 'label': 'start', 'context': [<snowplow_tracker.self_describing_json.SelfDescribingJson object at 0x7f44c5ef40a0>, <snowplow_tracker.self_describing_json.SelfDescribingJson object at 0x7f44c4ccbe80>, <snowplow_tracker.self_describing_json.SelfDescribingJson object at 0x7f44c4ccbe20>]}


============================== 07:17:20.420216 | 4c6107bc-ffa1-477e-9b17-4087bcc80c59 ==============================
[0m07:17:20.420216 [info ] [MainThread]: Running with dbt=1.11.2
[0m07:17:20.421094 [debug] [MainThread]: running dbt with arguments {'invocation_command': 'dbt run --profiles-dir . --project-dir .', 'version_check': 'True', 'send_anonymous_usage_stats': 'True', 'log_path': 'logs', 'warn_error': 'None', 'partial_parse': 'True', 'write_json': 'True', 'printer_width': '80', 'static_parser': 'True', 'indirect_selection': 'eager', 'debug': 'False', 'quiet': 'False', 'use_colors': 'True', 'introspect': 'True', 'empty': 'False', 'fail_fast': 'False', 'no_print': 'None', 'profiles_dir': '.', 'use_experimental_parser': 'False', 'target_path': 'None', 'log_format': 'default', 'log_cache_events': 'False', 'cache_selected_only': 'False', 'warn_error_options': 'WarnErrorOptionsV2(error=[], warn=[], silence=[])'}
[0m07:17:20.555873 [debug] [MainThread]: Redshift adapter: Setting redshift_connector to ERROR
[0m07:17:20.556758 [debug] [MainThread]: Redshift adapter: Setting redshift_connector.core to ERROR
[0m07:17:20.938770 [debug] [MainThread]: Sending event: {'category': 'dbt', 'action': 'project_id', 'label': '4c6107bc-ffa1-477e-9b17-4087bcc80c59', 'context': [<snowplow_tracker.self_describing_json.SelfDescribingJson object at 0x7f44c4e46da0>]}
[0m07:17:21.057189 [debug] [MainThread]: Sending event: {'category': 'dbt', 'action': 'adapter_info', 'label': '4c6107bc-ffa1-477e-9b17-4087bcc80c59', 'context': [<snowplow_tracker.self_describing_json.SelfDescribingJson object at 0x7f44c463fc40>]}
[0m07:17:21.059148 [info ] [MainThread]: Registered adapter: redshift=1.10.0
[0m07:17:21.299792 [debug] [MainThread]: checksum: 3d40d8bbe1bef07db1c24822f2dbfff8bc07f2a48ed4fe2658a40653aec0b54b, vars: {}, profile: , target: , version: 1.11.2
[0m07:17:21.494936 [debug] [MainThread]: Partial parsing enabled: 0 files deleted, 0 files added, 2 files changed.
[0m07:17:21.496227 [debug] [MainThread]: Partial parsing: updated file: nyc_taxi_dbt://models/sources/sources.yml
[0m07:17:21.496918 [debug] [MainThread]: Partial parsing: updated file: nyc_taxi_dbt://tests/assert_summary.sql
[0m07:17:22.220943 [debug] [MainThread]: Sending event: {'category': 'dbt', 'action': 'load_project', 'label': '4c6107bc-ffa1-477e-9b17-4087bcc80c59', 'context': [<snowplow_tracker.self_describing_json.SelfDescribingJson object at 0x7f44c18dcc70>]}
[0m07:17:22.371745 [debug] [MainThread]: Wrote artifact WritableManifest to ./target/manifest.json
[0m07:17:22.374386 [debug] [MainThread]: Wrote artifact SemanticManifest to ./target/semantic_manifest.json
[0m07:17:22.382877 [debug] [MainThread]: Sending event: {'category': 'dbt', 'action': 'resource_counts', 'label': '4c6107bc-ffa1-477e-9b17-4087bcc80c59', 'context': [<snowplow_tracker.self_describing_json.SelfDescribingJson object at 0x7f44c2929b10>]}
[0m07:17:22.383829 [info ] [MainThread]: Found 3 models, 1 test, 2 sources, 538 macros
[0m07:17:22.384528 [debug] [MainThread]: Sending event: {'category': 'dbt', 'action': 'runnable_timing', 'label': '4c6107bc-ffa1-477e-9b17-4087bcc80c59', 'context': [<snowplow_tracker.self_describing_json.SelfDescribingJson object at 0x7f44c2929660>]}
[0m07:17:22.386882 [info ] [MainThread]: 
[0m07:17:22.387536 [info ] [MainThread]: Concurrency: 4 threads (target='dev')
[0m07:17:22.388107 [info ] [MainThread]: 
[0m07:17:22.388928 [debug] [MainThread]: Acquiring new redshift connection 'master'
[0m07:17:22.395496 [debug] [ThreadPool]: Acquiring new redshift connection 'list_dev'
[0m07:17:22.419212 [debug] [ThreadPool]: Using redshift connection "list_dev"
[0m07:17:22.419947 [debug] [ThreadPool]: On list_dev: /* {"app": "dbt", "dbt_version": "1.11.2", "profile_name": "dbt_poc", "target_name": "dev", "connection_name": "list_dev"} */

    select distinct nspname from pg_namespace
[0m07:17:22.420495 [debug] [ThreadPool]: Opening a new connection, currently in state init
[0m07:17:22.421048 [debug] [ThreadPool]: Redshift adapter: Connecting to Redshift with 'database' credentials method
[0m07:17:22.426793 [debug] [ThreadPool]: Redshift adapter: Establishing connection using ssl with `sslmode` set to 'require'.To connect without ssl, set `sslmode` to 'disable'.
[0m07:17:22.523837 [debug] [ThreadPool]: SQL status: SUCCESS in 0.103 seconds
[0m07:17:22.643025 [debug] [ThreadPool]: On list_dev: Close
[0m07:17:22.645254 [debug] [ThreadPool]: Re-using an available connection from the pool (formerly list_dev, now list_dev_public)
[0m07:17:22.656427 [debug] [ThreadPool]: Using redshift connection "list_dev_public"
[0m07:17:22.657102 [debug] [ThreadPool]: On list_dev_public: BEGIN
[0m07:17:22.657640 [debug] [ThreadPool]: Opening a new connection, currently in state closed
[0m07:17:22.658218 [debug] [ThreadPool]: Redshift adapter: Connecting to Redshift with 'database' credentials method
[0m07:17:22.659040 [debug] [ThreadPool]: Redshift adapter: Establishing connection using ssl with `sslmode` set to 'require'.To connect without ssl, set `sslmode` to 'disable'.
[0m07:17:22.743274 [debug] [ThreadPool]: SQL status: SUCCESS in 0.086 seconds
[0m07:17:22.744030 [debug] [ThreadPool]: Using redshift connection "list_dev_public"
[0m07:17:22.744725 [debug] [ThreadPool]: On list_dev_public: /* {"app": "dbt", "dbt_version": "1.11.2", "profile_name": "dbt_poc", "target_name": "dev", "connection_name": "list_dev_public"} */
select
        table_catalog as database,
        table_name as name,
        table_schema as schema,
        'table' as type
    from information_schema.tables
    where table_schema ilike 'public'
    and table_type = 'BASE TABLE'
    union all
    select
      table_catalog as database,
      table_name as name,
      table_schema as schema,
      case
        when view_definition ilike '%create materialized view%'
          then 'materialized_view'
        else 'view'
      end as type
    from information_schema.views
    where table_schema ilike 'public'
[0m07:17:22.766828 [debug] [ThreadPool]: SQL status: SUCCESS in 0.021 seconds
[0m07:17:22.768967 [debug] [ThreadPool]: On list_dev_public: ROLLBACK
[0m07:17:22.782578 [debug] [ThreadPool]: On list_dev_public: Close
[0m07:17:22.796760 [debug] [MainThread]: Using redshift connection "master"
[0m07:17:22.797430 [debug] [MainThread]: On master: BEGIN
[0m07:17:22.797958 [debug] [MainThread]: Opening a new connection, currently in state init
[0m07:17:22.798509 [debug] [MainThread]: Redshift adapter: Connecting to Redshift with 'database' credentials method
[0m07:17:22.799191 [debug] [MainThread]: Redshift adapter: Establishing connection using ssl with `sslmode` set to 'require'.To connect without ssl, set `sslmode` to 'disable'.
[0m07:17:22.881699 [debug] [MainThread]: SQL status: SUCCESS in 0.084 seconds
[0m07:17:22.882525 [debug] [MainThread]: Using redshift connection "master"
[0m07:17:22.883187 [debug] [MainThread]: On master: /* {"app": "dbt", "dbt_version": "1.11.2", "profile_name": "dbt_poc", "target_name": "dev", "connection_name": "master"} */
with
    relation as (
        select
            pg_class.oid as relation_id,
            pg_class.relname as relation_name,
            pg_class.relnamespace as schema_id,
            pg_namespace.nspname as schema_name,
            pg_class.relkind as relation_type
        from pg_class
        join pg_namespace
          on pg_class.relnamespace = pg_namespace.oid
        where pg_namespace.nspname != 'information_schema'
          and pg_namespace.nspname not like 'pg\_%'
    ),
    dependency as (
        select distinct
            coalesce(pg_rewrite.ev_class, pg_depend.objid) as dep_relation_id,
            pg_depend.refobjid as ref_relation_id,
            pg_depend.refclassid as ref_class_id
        from pg_depend
        left join pg_rewrite
          on pg_depend.objid = pg_rewrite.oid
        where coalesce(pg_rewrite.ev_class, pg_depend.objid) != pg_depend.refobjid
    )

select distinct
    dep.schema_name as dependent_schema,
    dep.relation_name as dependent_name,
    ref.schema_name as referenced_schema,
    ref.relation_name as referenced_name
from dependency
join relation ref
    on dependency.ref_relation_id = ref.relation_id
join relation dep
    on dependency.dep_relation_id = dep.relation_id
[0m07:17:22.934438 [debug] [MainThread]: SQL status: SUCCESS in 0.051 seconds
[0m07:17:22.936777 [debug] [MainThread]: Sending event: {'category': 'dbt', 'action': 'runnable_timing', 'label': '4c6107bc-ffa1-477e-9b17-4087bcc80c59', 'context': [<snowplow_tracker.self_describing_json.SelfDescribingJson object at 0x7f44c18e2d10>]}
[0m07:17:22.937561 [debug] [MainThread]: On master: ROLLBACK
[0m07:17:22.953478 [debug] [MainThread]: Using redshift connection "master"
[0m07:17:22.954227 [debug] [MainThread]: On master: BEGIN
[0m07:17:22.959919 [debug] [MainThread]: SQL status: SUCCESS in 0.005 seconds
[0m07:17:22.960615 [debug] [MainThread]: On master: COMMIT
[0m07:17:22.961426 [debug] [MainThread]: Using redshift connection "master"
[0m07:17:22.961982 [debug] [MainThread]: On master: COMMIT
[0m07:17:22.968700 [debug] [MainThread]: SQL status: SUCCESS in 0.006 seconds
[0m07:17:22.969424 [debug] [MainThread]: On master: Close
[0m07:17:22.973489 [debug] [Thread-1 (]: Began running node model.nyc_taxi_dbt.yellow_trip_data
[0m07:17:22.974535 [info ] [Thread-1 (]: 1 of 3 START sql view model public.yellow_trip_data ............................ [RUN]
[0m07:17:22.975394 [debug] [Thread-1 (]: Re-using an available connection from the pool (formerly list_dev_public, now model.nyc_taxi_dbt.yellow_trip_data)
[0m07:17:22.976008 [debug] [Thread-1 (]: Began compiling node model.nyc_taxi_dbt.yellow_trip_data
[0m07:17:22.980953 [debug] [Thread-1 (]: Writing injected SQL for node "model.nyc_taxi_dbt.yellow_trip_data"
[0m07:17:22.982331 [debug] [Thread-1 (]: Began executing node model.nyc_taxi_dbt.yellow_trip_data
[0m07:17:23.034441 [debug] [Thread-1 (]: Writing runtime sql for node "model.nyc_taxi_dbt.yellow_trip_data"
[0m07:17:23.036358 [debug] [Thread-1 (]: Using redshift connection "model.nyc_taxi_dbt.yellow_trip_data"
[0m07:17:23.037077 [debug] [Thread-1 (]: On model.nyc_taxi_dbt.yellow_trip_data: BEGIN
[0m07:17:23.037685 [debug] [Thread-1 (]: Opening a new connection, currently in state closed
[0m07:17:23.038318 [debug] [Thread-1 (]: Redshift adapter: Connecting to Redshift with 'database' credentials method
[0m07:17:23.039085 [debug] [Thread-1 (]: Redshift adapter: Establishing connection using ssl with `sslmode` set to 'require'.To connect without ssl, set `sslmode` to 'disable'.
[0m07:17:23.121229 [debug] [Thread-1 (]: SQL status: SUCCESS in 0.083 seconds
[0m07:17:23.122068 [debug] [Thread-1 (]: Using redshift connection "model.nyc_taxi_dbt.yellow_trip_data"
[0m07:17:23.122667 [debug] [Thread-1 (]: On model.nyc_taxi_dbt.yellow_trip_data: /* {"app": "dbt", "dbt_version": "1.11.2", "profile_name": "dbt_poc", "target_name": "dev", "node_id": "model.nyc_taxi_dbt.yellow_trip_data"} */


  create view "dev"."public"."yellow_trip_data__dbt_tmp" as (
    SELECT * 
FROM "dev"."public"."yellow_taxi_trips_2025_10"
  ) ;
[0m07:17:23.138282 [debug] [Thread-1 (]: SQL status: SUCCESS in 0.015 seconds
[0m07:17:23.149386 [debug] [Thread-1 (]: Using redshift connection "model.nyc_taxi_dbt.yellow_trip_data"
[0m07:17:23.150220 [debug] [Thread-1 (]: On model.nyc_taxi_dbt.yellow_trip_data: /* {"app": "dbt", "dbt_version": "1.11.2", "profile_name": "dbt_poc", "target_name": "dev", "node_id": "model.nyc_taxi_dbt.yellow_trip_data"} */
alter table "dev"."public"."yellow_trip_data" rename to "yellow_trip_data__dbt_backup"
[0m07:17:23.157903 [debug] [Thread-1 (]: SQL status: SUCCESS in 0.007 seconds
[0m07:17:23.163807 [debug] [Thread-1 (]: Using redshift connection "model.nyc_taxi_dbt.yellow_trip_data"
[0m07:17:23.164565 [debug] [Thread-1 (]: On model.nyc_taxi_dbt.yellow_trip_data: /* {"app": "dbt", "dbt_version": "1.11.2", "profile_name": "dbt_poc", "target_name": "dev", "node_id": "model.nyc_taxi_dbt.yellow_trip_data"} */
alter table "dev"."public"."yellow_trip_data__dbt_tmp" rename to "yellow_trip_data"
[0m07:17:23.172003 [debug] [Thread-1 (]: SQL status: SUCCESS in 0.007 seconds
[0m07:17:23.206585 [debug] [Thread-1 (]: On model.nyc_taxi_dbt.yellow_trip_data: COMMIT
[0m07:17:23.207789 [debug] [Thread-1 (]: Using redshift connection "model.nyc_taxi_dbt.yellow_trip_data"
[0m07:17:23.208640 [debug] [Thread-1 (]: On model.nyc_taxi_dbt.yellow_trip_data: COMMIT
[0m07:17:24.370557 [debug] [Thread-1 (]: SQL status: SUCCESS in 1.161 seconds
[0m07:17:24.371812 [debug] [Thread-1 (]: Using redshift connection "model.nyc_taxi_dbt.yellow_trip_data"
[0m07:17:24.372519 [debug] [Thread-1 (]: On model.nyc_taxi_dbt.yellow_trip_data: BEGIN
[0m07:17:24.378617 [debug] [Thread-1 (]: SQL status: SUCCESS in 0.005 seconds
[0m07:17:24.388431 [debug] [Thread-1 (]: Applying DROP to: "dev"."public"."yellow_trip_data__dbt_backup"
[0m07:17:24.395051 [debug] [Thread-1 (]: Using redshift connection "model.nyc_taxi_dbt.yellow_trip_data"
[0m07:17:24.395771 [debug] [Thread-1 (]: On model.nyc_taxi_dbt.yellow_trip_data: /* {"app": "dbt", "dbt_version": "1.11.2", "profile_name": "dbt_poc", "target_name": "dev", "node_id": "model.nyc_taxi_dbt.yellow_trip_data"} */
drop view if exists "dev"."public"."yellow_trip_data__dbt_backup" cascade
[0m07:17:24.426114 [debug] [Thread-1 (]: SQL status: SUCCESS in 0.030 seconds
[0m07:17:24.427882 [debug] [Thread-1 (]: On model.nyc_taxi_dbt.yellow_trip_data: COMMIT
[0m07:17:24.428719 [debug] [Thread-1 (]: Using redshift connection "model.nyc_taxi_dbt.yellow_trip_data"
[0m07:17:24.429276 [debug] [Thread-1 (]: On model.nyc_taxi_dbt.yellow_trip_data: COMMIT
[0m07:17:25.500863 [debug] [Thread-1 (]: SQL status: SUCCESS in 1.071 seconds
[0m07:17:25.502426 [debug] [Thread-1 (]: Using redshift connection "model.nyc_taxi_dbt.yellow_trip_data"
[0m07:17:25.503940 [debug] [Thread-1 (]: On model.nyc_taxi_dbt.yellow_trip_data: BEGIN
[0m07:17:25.510574 [debug] [Thread-1 (]: SQL status: SUCCESS in 0.005 seconds
[0m07:17:25.516070 [debug] [Thread-1 (]: On model.nyc_taxi_dbt.yellow_trip_data: ROLLBACK
[0m07:17:25.527938 [debug] [Thread-1 (]: On model.nyc_taxi_dbt.yellow_trip_data: Close
[0m07:17:25.530942 [debug] [Thread-1 (]: Sending event: {'category': 'dbt', 'action': 'run_model', 'label': '4c6107bc-ffa1-477e-9b17-4087bcc80c59', 'context': [<snowplow_tracker.self_describing_json.SelfDescribingJson object at 0x7f44c78665f0>]}
[0m07:17:25.532045 [info ] [Thread-1 (]: 1 of 3 OK created sql view model public.yellow_trip_data ....................... [[32mSUCCESS[0m in 2.55s]
[0m07:17:25.532931 [debug] [Thread-1 (]: Finished running node model.nyc_taxi_dbt.yellow_trip_data
[0m07:17:25.534386 [debug] [Thread-3 (]: Began running node model.nyc_taxi_dbt.taxi_agg
[0m07:17:25.535215 [info ] [Thread-3 (]: 2 of 3 START sql table model public.taxi_agg_2025_10 ........................... [RUN]
[0m07:17:25.536070 [debug] [Thread-3 (]: Acquiring new redshift connection 'model.nyc_taxi_dbt.taxi_agg'
[0m07:17:25.536626 [debug] [Thread-3 (]: Began compiling node model.nyc_taxi_dbt.taxi_agg
[0m07:17:25.542526 [debug] [Thread-3 (]: Writing injected SQL for node "model.nyc_taxi_dbt.taxi_agg"
[0m07:17:25.543674 [debug] [Thread-3 (]: Began executing node model.nyc_taxi_dbt.taxi_agg
[0m07:17:25.587374 [debug] [Thread-3 (]: Writing runtime sql for node "model.nyc_taxi_dbt.taxi_agg"
[0m07:17:25.590034 [debug] [Thread-3 (]: Using redshift connection "model.nyc_taxi_dbt.taxi_agg"
[0m07:17:25.590745 [debug] [Thread-3 (]: On model.nyc_taxi_dbt.taxi_agg: BEGIN
[0m07:17:25.591330 [debug] [Thread-3 (]: Opening a new connection, currently in state init
[0m07:17:25.591940 [debug] [Thread-3 (]: Redshift adapter: Connecting to Redshift with 'database' credentials method
[0m07:17:25.592701 [debug] [Thread-3 (]: Redshift adapter: Establishing connection using ssl with `sslmode` set to 'require'.To connect without ssl, set `sslmode` to 'disable'.
[0m07:17:25.673024 [debug] [Thread-3 (]: SQL status: SUCCESS in 0.082 seconds
[0m07:17:25.673903 [debug] [Thread-3 (]: Using redshift connection "model.nyc_taxi_dbt.taxi_agg"
[0m07:17:25.674592 [debug] [Thread-3 (]: On model.nyc_taxi_dbt.taxi_agg: /* {"app": "dbt", "dbt_version": "1.11.2", "profile_name": "dbt_poc", "target_name": "dev", "node_id": "model.nyc_taxi_dbt.taxi_agg"} */

  
    

  create  table
    "dev"."public"."taxi_agg_2025_10__dbt_tmp"
    
    
    
  as (
    

SELECT
    Run_Date_Short, 
    sum(total_amount) AS total_amount,
    CAST(count(trip_id) AS DOUBLE PRECISION) AS row_count
FROM "dev"."public"."yellow_trip_data"
GROUP BY
    Run_Date_Short
  );
[0m07:17:38.343139 [debug] [Thread-3 (]: SQL status: SUCCESS in 12.668 seconds
[0m07:17:38.352850 [debug] [Thread-3 (]: Using redshift connection "model.nyc_taxi_dbt.taxi_agg"
[0m07:17:38.353964 [debug] [Thread-3 (]: On model.nyc_taxi_dbt.taxi_agg: /* {"app": "dbt", "dbt_version": "1.11.2", "profile_name": "dbt_poc", "target_name": "dev", "node_id": "model.nyc_taxi_dbt.taxi_agg"} */
alter table "dev"."public"."taxi_agg_2025_10" rename to "taxi_agg_2025_10__dbt_backup"
[0m07:17:38.366401 [debug] [Thread-3 (]: SQL status: SUCCESS in 0.011 seconds
[0m07:17:38.372404 [debug] [Thread-3 (]: Using redshift connection "model.nyc_taxi_dbt.taxi_agg"
[0m07:17:38.373101 [debug] [Thread-3 (]: On model.nyc_taxi_dbt.taxi_agg: /* {"app": "dbt", "dbt_version": "1.11.2", "profile_name": "dbt_poc", "target_name": "dev", "node_id": "model.nyc_taxi_dbt.taxi_agg"} */
alter table "dev"."public"."taxi_agg_2025_10__dbt_tmp" rename to "taxi_agg_2025_10"
[0m07:17:38.380385 [debug] [Thread-3 (]: SQL status: SUCCESS in 0.007 seconds
[0m07:17:38.388168 [debug] [Thread-3 (]: On model.nyc_taxi_dbt.taxi_agg: COMMIT
[0m07:17:38.389024 [debug] [Thread-3 (]: Using redshift connection "model.nyc_taxi_dbt.taxi_agg"
[0m07:17:38.389595 [debug] [Thread-3 (]: On model.nyc_taxi_dbt.taxi_agg: COMMIT
[0m07:17:39.513897 [debug] [Thread-3 (]: SQL status: SUCCESS in 1.124 seconds
[0m07:17:39.515007 [debug] [Thread-3 (]: Using redshift connection "model.nyc_taxi_dbt.taxi_agg"
[0m07:17:39.515590 [debug] [Thread-3 (]: On model.nyc_taxi_dbt.taxi_agg: BEGIN
[0m07:17:39.521527 [debug] [Thread-3 (]: SQL status: SUCCESS in 0.005 seconds
[0m07:17:39.525803 [debug] [Thread-3 (]: Applying DROP to: "dev"."public"."taxi_agg_2025_10__dbt_backup"
[0m07:17:39.530220 [debug] [Thread-3 (]: Using redshift connection "model.nyc_taxi_dbt.taxi_agg"
[0m07:17:39.530845 [debug] [Thread-3 (]: On model.nyc_taxi_dbt.taxi_agg: /* {"app": "dbt", "dbt_version": "1.11.2", "profile_name": "dbt_poc", "target_name": "dev", "node_id": "model.nyc_taxi_dbt.taxi_agg"} */
drop table if exists "dev"."public"."taxi_agg_2025_10__dbt_backup" cascade
[0m07:17:39.542993 [debug] [Thread-3 (]: SQL status: SUCCESS in 0.011 seconds
[0m07:17:39.544551 [debug] [Thread-3 (]: On model.nyc_taxi_dbt.taxi_agg: COMMIT
[0m07:17:39.545324 [debug] [Thread-3 (]: Using redshift connection "model.nyc_taxi_dbt.taxi_agg"
[0m07:17:39.545903 [debug] [Thread-3 (]: On model.nyc_taxi_dbt.taxi_agg: COMMIT
[0m07:17:40.305899 [debug] [Thread-3 (]: SQL status: SUCCESS in 0.759 seconds
[0m07:17:40.306873 [debug] [Thread-3 (]: Using redshift connection "model.nyc_taxi_dbt.taxi_agg"
[0m07:17:40.307457 [debug] [Thread-3 (]: On model.nyc_taxi_dbt.taxi_agg: BEGIN
[0m07:17:40.313120 [debug] [Thread-3 (]: SQL status: SUCCESS in 0.005 seconds
[0m07:17:40.314445 [debug] [Thread-3 (]: On model.nyc_taxi_dbt.taxi_agg: ROLLBACK
[0m07:17:40.325055 [debug] [Thread-3 (]: On model.nyc_taxi_dbt.taxi_agg: Close
[0m07:17:40.326401 [debug] [Thread-3 (]: Sending event: {'category': 'dbt', 'action': 'run_model', 'label': '4c6107bc-ffa1-477e-9b17-4087bcc80c59', 'context': [<snowplow_tracker.self_describing_json.SelfDescribingJson object at 0x7f44c1981a20>]}
[0m07:17:40.327431 [info ] [Thread-3 (]: 2 of 3 OK created sql table model public.taxi_agg_2025_10 ...................... [[32mSUCCESS[0m in 14.79s]
[0m07:17:40.328284 [debug] [Thread-3 (]: Finished running node model.nyc_taxi_dbt.taxi_agg
[0m07:17:40.329442 [debug] [Thread-2 (]: Began running node model.nyc_taxi_dbt.dq_stats
[0m07:17:40.330256 [info ] [Thread-2 (]: 3 of 3 START sql table model public.dq_2025_10 ................................. [RUN]
[0m07:17:40.331072 [debug] [Thread-2 (]: Acquiring new redshift connection 'model.nyc_taxi_dbt.dq_stats'
[0m07:17:40.331613 [debug] [Thread-2 (]: Began compiling node model.nyc_taxi_dbt.dq_stats
[0m07:17:40.337194 [debug] [Thread-2 (]: Writing injected SQL for node "model.nyc_taxi_dbt.dq_stats"
[0m07:17:40.338077 [debug] [Thread-2 (]: Began executing node model.nyc_taxi_dbt.dq_stats
[0m07:17:40.344534 [debug] [Thread-2 (]: Writing runtime sql for node "model.nyc_taxi_dbt.dq_stats"
[0m07:17:40.346750 [debug] [Thread-2 (]: Using redshift connection "model.nyc_taxi_dbt.dq_stats"
[0m07:17:40.347315 [debug] [Thread-2 (]: On model.nyc_taxi_dbt.dq_stats: BEGIN
[0m07:17:40.347824 [debug] [Thread-2 (]: Opening a new connection, currently in state init
[0m07:17:40.348373 [debug] [Thread-2 (]: Redshift adapter: Connecting to Redshift with 'database' credentials method
[0m07:17:40.349074 [debug] [Thread-2 (]: Redshift adapter: Establishing connection using ssl with `sslmode` set to 'require'.To connect without ssl, set `sslmode` to 'disable'.
[0m07:17:40.428478 [debug] [Thread-2 (]: SQL status: SUCCESS in 0.081 seconds
[0m07:17:40.429227 [debug] [Thread-2 (]: Using redshift connection "model.nyc_taxi_dbt.dq_stats"
[0m07:17:40.429890 [debug] [Thread-2 (]: On model.nyc_taxi_dbt.dq_stats: /* {"app": "dbt", "dbt_version": "1.11.2", "profile_name": "dbt_poc", "target_name": "dev", "node_id": "model.nyc_taxi_dbt.dq_stats"} */

  
    

  create  table
    "dev"."public"."dq_2025_10__dbt_tmp"
    
    
    
  as (
    

SELECT
    Run_Date_Short,
    metric_name,
    metric_value
FROM "dev"."public"."taxi_agg_2025_10"
UNPIVOT (
    metric_value FOR metric_name IN (total_amount, row_count)
)
  );
[0m07:17:41.827183 [debug] [Thread-2 (]: SQL status: SUCCESS in 1.396 seconds
[0m07:17:41.835040 [debug] [Thread-2 (]: Using redshift connection "model.nyc_taxi_dbt.dq_stats"
[0m07:17:41.835824 [debug] [Thread-2 (]: On model.nyc_taxi_dbt.dq_stats: /* {"app": "dbt", "dbt_version": "1.11.2", "profile_name": "dbt_poc", "target_name": "dev", "node_id": "model.nyc_taxi_dbt.dq_stats"} */
alter table "dev"."public"."dq_2025_10" rename to "dq_2025_10__dbt_backup"
[0m07:17:41.848290 [debug] [Thread-2 (]: SQL status: SUCCESS in 0.012 seconds
[0m07:17:41.854144 [debug] [Thread-2 (]: Using redshift connection "model.nyc_taxi_dbt.dq_stats"
[0m07:17:41.854848 [debug] [Thread-2 (]: On model.nyc_taxi_dbt.dq_stats: /* {"app": "dbt", "dbt_version": "1.11.2", "profile_name": "dbt_poc", "target_name": "dev", "node_id": "model.nyc_taxi_dbt.dq_stats"} */
alter table "dev"."public"."dq_2025_10__dbt_tmp" rename to "dq_2025_10"
[0m07:17:41.864323 [debug] [Thread-2 (]: SQL status: SUCCESS in 0.009 seconds
[0m07:17:41.867522 [debug] [Thread-2 (]: On model.nyc_taxi_dbt.dq_stats: COMMIT
[0m07:17:41.868357 [debug] [Thread-2 (]: Using redshift connection "model.nyc_taxi_dbt.dq_stats"
[0m07:17:41.868910 [debug] [Thread-2 (]: On model.nyc_taxi_dbt.dq_stats: COMMIT
[0m07:17:43.629688 [debug] [Thread-2 (]: SQL status: SUCCESS in 1.760 seconds
[0m07:17:43.631379 [debug] [Thread-2 (]: Using redshift connection "model.nyc_taxi_dbt.dq_stats"
[0m07:17:43.632325 [debug] [Thread-2 (]: On model.nyc_taxi_dbt.dq_stats: BEGIN
[0m07:17:43.637998 [debug] [Thread-2 (]: SQL status: SUCCESS in 0.005 seconds
[0m07:17:43.642609 [debug] [Thread-2 (]: Applying DROP to: "dev"."public"."dq_2025_10__dbt_backup"
[0m07:17:43.644468 [debug] [Thread-2 (]: Using redshift connection "model.nyc_taxi_dbt.dq_stats"
[0m07:17:43.645151 [debug] [Thread-2 (]: On model.nyc_taxi_dbt.dq_stats: /* {"app": "dbt", "dbt_version": "1.11.2", "profile_name": "dbt_poc", "target_name": "dev", "node_id": "model.nyc_taxi_dbt.dq_stats"} */
drop table if exists "dev"."public"."dq_2025_10__dbt_backup" cascade
[0m07:17:43.657134 [debug] [Thread-2 (]: SQL status: SUCCESS in 0.011 seconds
[0m07:17:43.658962 [debug] [Thread-2 (]: On model.nyc_taxi_dbt.dq_stats: COMMIT
[0m07:17:43.659857 [debug] [Thread-2 (]: Using redshift connection "model.nyc_taxi_dbt.dq_stats"
[0m07:17:43.660503 [debug] [Thread-2 (]: On model.nyc_taxi_dbt.dq_stats: COMMIT
[0m07:17:44.576567 [debug] [Thread-2 (]: SQL status: SUCCESS in 0.915 seconds
[0m07:17:44.578082 [debug] [Thread-2 (]: Using redshift connection "model.nyc_taxi_dbt.dq_stats"
[0m07:17:44.579100 [debug] [Thread-2 (]: On model.nyc_taxi_dbt.dq_stats: BEGIN
[0m07:17:44.585671 [debug] [Thread-2 (]: SQL status: SUCCESS in 0.006 seconds
[0m07:17:44.587943 [debug] [Thread-2 (]: On model.nyc_taxi_dbt.dq_stats: ROLLBACK
[0m07:17:44.599278 [debug] [Thread-2 (]: On model.nyc_taxi_dbt.dq_stats: Close
[0m07:17:44.601423 [debug] [Thread-2 (]: Sending event: {'category': 'dbt', 'action': 'run_model', 'label': '4c6107bc-ffa1-477e-9b17-4087bcc80c59', 'context': [<snowplow_tracker.self_describing_json.SelfDescribingJson object at 0x7f44c45d4af0>]}
[0m07:17:44.603413 [info ] [Thread-2 (]: 3 of 3 OK created sql table model public.dq_2025_10 ............................ [[32mSUCCESS[0m in 4.27s]
[0m07:17:44.605335 [debug] [Thread-2 (]: Finished running node model.nyc_taxi_dbt.dq_stats
[0m07:17:44.608365 [debug] [MainThread]: Using redshift connection "master"
[0m07:17:44.610400 [debug] [MainThread]: On master: BEGIN
[0m07:17:44.611797 [debug] [MainThread]: Opening a new connection, currently in state closed
[0m07:17:44.612685 [debug] [MainThread]: Redshift adapter: Connecting to Redshift with 'database' credentials method
[0m07:17:44.613817 [debug] [MainThread]: Redshift adapter: Establishing connection using ssl with `sslmode` set to 'require'.To connect without ssl, set `sslmode` to 'disable'.
[0m07:17:44.703353 [debug] [MainThread]: SQL status: SUCCESS in 0.091 seconds
[0m07:17:44.704882 [debug] [MainThread]: On master: COMMIT
[0m07:17:44.706315 [debug] [MainThread]: Using redshift connection "master"
[0m07:17:44.711199 [debug] [MainThread]: On master: COMMIT
[0m07:17:44.716854 [debug] [MainThread]: SQL status: SUCCESS in 0.005 seconds
[0m07:17:44.717727 [debug] [MainThread]: On master: Close
[0m07:17:44.719010 [debug] [MainThread]: Connection 'master' was properly closed.
[0m07:17:44.719737 [debug] [MainThread]: Connection 'model.nyc_taxi_dbt.yellow_trip_data' was properly closed.
[0m07:17:44.720443 [debug] [MainThread]: Connection 'model.nyc_taxi_dbt.taxi_agg' was properly closed.
[0m07:17:44.721139 [debug] [MainThread]: Connection 'model.nyc_taxi_dbt.dq_stats' was properly closed.
[0m07:17:44.722009 [info ] [MainThread]: 
[0m07:17:44.722825 [info ] [MainThread]: Finished running 2 table models, 1 view model in 0 hours 0 minutes and 22.33 seconds (22.33s).
[0m07:17:44.725049 [debug] [MainThread]: Command end result
[0m07:17:44.790680 [debug] [MainThread]: Wrote artifact WritableManifest to ./target/manifest.json
[0m07:17:44.795137 [debug] [MainThread]: Wrote artifact SemanticManifest to ./target/semantic_manifest.json
[0m07:17:44.807313 [debug] [MainThread]: Wrote artifact RunExecutionResult to ./target/run_results.json
[0m07:17:44.808063 [info ] [MainThread]: 
[0m07:17:44.808879 [info ] [MainThread]: [32mCompleted successfully[0m
[0m07:17:44.809652 [info ] [MainThread]: 
[0m07:17:44.810421 [info ] [MainThread]: Done. PASS=3 WARN=0 ERROR=0 SKIP=0 NO-OP=0 TOTAL=3
[0m07:17:44.811830 [debug] [MainThread]: Resource report: {"command_name": "run", "command_success": true, "command_wall_clock_time": 24.49122, "process_in_blocks": "0", "process_kernel_time": 0.179271, "process_mem_max_rss": "142636", "process_out_blocks": "3408", "process_user_time": 4.930977}
[0m07:17:44.812535 [debug] [MainThread]: Command `dbt run` succeeded at 07:17:44.812387 after 24.49 seconds
[0m07:17:44.813152 [debug] [MainThread]: Sending event: {'category': 'dbt', 'action': 'invocation', 'label': 'end', 'context': [<snowplow_tracker.self_describing_json.SelfDescribingJson object at 0x7f44c5ef40a0>, <snowplow_tracker.self_describing_json.SelfDescribingJson object at 0x7f44c5db9000>, <snowplow_tracker.self_describing_json.SelfDescribingJson object at 0x7f44c5d7f5b0>]}
[0m07:17:44.813783 [debug] [MainThread]: Flushing usage events
[0m07:17:45.272593 [debug] [MainThread]: An error was encountered while trying to flush usage events
[0m07:17:48.837207 [debug] [MainThread]: Sending event: {'category': 'dbt', 'action': 'invocation', 'label': 'start', 'context': [<snowplow_tracker.self_describing_json.SelfDescribingJson object at 0x7fe1b94200d0>, <snowplow_tracker.self_describing_json.SelfDescribingJson object at 0x7fe1b81d7eb0>, <snowplow_tracker.self_describing_json.SelfDescribingJson object at 0x7fe1b81d7e50>]}


============================== 07:17:48.847916 | 9a51c87b-d9b2-4d1d-a95b-e158581fce2f ==============================
[0m07:17:48.847916 [info ] [MainThread]: Running with dbt=1.11.2
[0m07:17:48.849576 [debug] [MainThread]: running dbt with arguments {'fail_fast': 'False', 'log_path': 'logs', 'write_json': 'True', 'use_experimental_parser': 'False', 'version_check': 'True', 'quiet': 'False', 'printer_width': '80', 'profiles_dir': '.', 'warn_error_options': 'WarnErrorOptionsV2(error=[], warn=[], silence=[])', 'indirect_selection': 'eager', 'debug': 'False', 'no_print': 'None', 'log_format': 'default', 'warn_error': 'None', 'cache_selected_only': 'False', 'use_colors': 'True', 'target_path': 'None', 'send_anonymous_usage_stats': 'True', 'static_parser': 'True', 'partial_parse': 'True', 'log_cache_events': 'False', 'empty': 'None', 'introspect': 'True', 'invocation_command': 'dbt test --profiles-dir . --project-dir .'}
[0m07:17:49.068270 [debug] [MainThread]: Redshift adapter: Setting redshift_connector to ERROR
[0m07:17:49.069091 [debug] [MainThread]: Redshift adapter: Setting redshift_connector.core to ERROR
[0m07:17:49.407460 [debug] [MainThread]: Sending event: {'category': 'dbt', 'action': 'project_id', 'label': '9a51c87b-d9b2-4d1d-a95b-e158581fce2f', 'context': [<snowplow_tracker.self_describing_json.SelfDescribingJson object at 0x7fe1b81d7670>]}
[0m07:17:49.524993 [debug] [MainThread]: Sending event: {'category': 'dbt', 'action': 'adapter_info', 'label': '9a51c87b-d9b2-4d1d-a95b-e158581fce2f', 'context': [<snowplow_tracker.self_describing_json.SelfDescribingJson object at 0x7fe1b85af880>]}
[0m07:17:49.526218 [info ] [MainThread]: Registered adapter: redshift=1.10.0
[0m07:17:49.659854 [debug] [MainThread]: checksum: 3d40d8bbe1bef07db1c24822f2dbfff8bc07f2a48ed4fe2658a40653aec0b54b, vars: {}, profile: , target: , version: 1.11.2
[0m07:17:49.879887 [debug] [MainThread]: Partial parsing enabled: 0 files deleted, 0 files added, 0 files changed.
[0m07:17:49.880567 [debug] [MainThread]: Nothing changed, skipping partial parsing.
[0m07:17:49.881063 [debug] [MainThread]: Partial parsing enabled, no changes found, skipping parsing
[0m07:17:49.977171 [debug] [MainThread]: Sending event: {'category': 'dbt', 'action': 'load_project', 'label': '9a51c87b-d9b2-4d1d-a95b-e158581fce2f', 'context': [<snowplow_tracker.self_describing_json.SelfDescribingJson object at 0x7fe1b5de5030>]}
[0m07:17:50.369062 [debug] [MainThread]: Wrote artifact WritableManifest to ./target/manifest.json
[0m07:17:50.373529 [debug] [MainThread]: Wrote artifact SemanticManifest to ./target/semantic_manifest.json
[0m07:17:50.433833 [debug] [MainThread]: Sending event: {'category': 'dbt', 'action': 'resource_counts', 'label': '9a51c87b-d9b2-4d1d-a95b-e158581fce2f', 'context': [<snowplow_tracker.self_describing_json.SelfDescribingJson object at 0x7fe1b5de5570>]}
[0m07:17:50.435220 [info ] [MainThread]: Found 3 models, 1 test, 2 sources, 538 macros
[0m07:17:50.436454 [debug] [MainThread]: Sending event: {'category': 'dbt', 'action': 'runnable_timing', 'label': '9a51c87b-d9b2-4d1d-a95b-e158581fce2f', 'context': [<snowplow_tracker.self_describing_json.SelfDescribingJson object at 0x7fe1b5de7910>]}
[0m07:17:50.440398 [info ] [MainThread]: 
[0m07:17:50.441410 [info ] [MainThread]: Concurrency: 4 threads (target='dev')
[0m07:17:50.442511 [info ] [MainThread]: 
[0m07:17:50.443878 [debug] [MainThread]: Acquiring new redshift connection 'master'
[0m07:17:50.455143 [debug] [ThreadPool]: Acquiring new redshift connection 'list_dev_public'
[0m07:17:50.502120 [debug] [ThreadPool]: Using redshift connection "list_dev_public"
[0m07:17:50.505543 [debug] [ThreadPool]: On list_dev_public: BEGIN
[0m07:17:50.507185 [debug] [ThreadPool]: Opening a new connection, currently in state init
[0m07:17:50.509280 [debug] [ThreadPool]: Redshift adapter: Connecting to Redshift with 'database' credentials method
[0m07:17:50.518479 [debug] [ThreadPool]: Redshift adapter: Establishing connection using ssl with `sslmode` set to 'require'.To connect without ssl, set `sslmode` to 'disable'.
[0m07:17:50.660077 [debug] [ThreadPool]: SQL status: SUCCESS in 0.153 seconds
[0m07:17:50.661239 [debug] [ThreadPool]: Using redshift connection "list_dev_public"
[0m07:17:50.662255 [debug] [ThreadPool]: On list_dev_public: /* {"app": "dbt", "dbt_version": "1.11.2", "profile_name": "dbt_poc", "target_name": "dev", "connection_name": "list_dev_public"} */
select
        table_catalog as database,
        table_name as name,
        table_schema as schema,
        'table' as type
    from information_schema.tables
    where table_schema ilike 'public'
    and table_type = 'BASE TABLE'
    union all
    select
      table_catalog as database,
      table_name as name,
      table_schema as schema,
      case
        when view_definition ilike '%create materialized view%'
          then 'materialized_view'
        else 'view'
      end as type
    from information_schema.views
    where table_schema ilike 'public'
[0m07:17:50.684873 [debug] [ThreadPool]: SQL status: SUCCESS in 0.022 seconds
[0m07:17:50.717588 [debug] [ThreadPool]: On list_dev_public: ROLLBACK
[0m07:17:50.731382 [debug] [ThreadPool]: On list_dev_public: Close
[0m07:17:50.755913 [debug] [MainThread]: Using redshift connection "master"
[0m07:17:50.756937 [debug] [MainThread]: On master: BEGIN
[0m07:17:50.757722 [debug] [MainThread]: Opening a new connection, currently in state init
[0m07:17:50.758771 [debug] [MainThread]: Redshift adapter: Connecting to Redshift with 'database' credentials method
[0m07:17:50.759882 [debug] [MainThread]: Redshift adapter: Establishing connection using ssl with `sslmode` set to 'require'.To connect without ssl, set `sslmode` to 'disable'.
[0m07:17:50.865154 [debug] [MainThread]: SQL status: SUCCESS in 0.107 seconds
[0m07:17:50.866643 [debug] [MainThread]: Using redshift connection "master"
[0m07:17:50.867646 [debug] [MainThread]: On master: /* {"app": "dbt", "dbt_version": "1.11.2", "profile_name": "dbt_poc", "target_name": "dev", "connection_name": "master"} */
with
    relation as (
        select
            pg_class.oid as relation_id,
            pg_class.relname as relation_name,
            pg_class.relnamespace as schema_id,
            pg_namespace.nspname as schema_name,
            pg_class.relkind as relation_type
        from pg_class
        join pg_namespace
          on pg_class.relnamespace = pg_namespace.oid
        where pg_namespace.nspname != 'information_schema'
          and pg_namespace.nspname not like 'pg\_%'
    ),
    dependency as (
        select distinct
            coalesce(pg_rewrite.ev_class, pg_depend.objid) as dep_relation_id,
            pg_depend.refobjid as ref_relation_id,
            pg_depend.refclassid as ref_class_id
        from pg_depend
        left join pg_rewrite
          on pg_depend.objid = pg_rewrite.oid
        where coalesce(pg_rewrite.ev_class, pg_depend.objid) != pg_depend.refobjid
    )

select distinct
    dep.schema_name as dependent_schema,
    dep.relation_name as dependent_name,
    ref.schema_name as referenced_schema,
    ref.relation_name as referenced_name
from dependency
join relation ref
    on dependency.ref_relation_id = ref.relation_id
join relation dep
    on dependency.dep_relation_id = dep.relation_id
[0m07:17:50.919609 [debug] [MainThread]: SQL status: SUCCESS in 0.051 seconds
[0m07:17:50.922193 [debug] [MainThread]: Sending event: {'category': 'dbt', 'action': 'runnable_timing', 'label': '9a51c87b-d9b2-4d1d-a95b-e158581fce2f', 'context': [<snowplow_tracker.self_describing_json.SelfDescribingJson object at 0x7fe1b9fff8e0>]}
[0m07:17:50.922943 [debug] [MainThread]: On master: ROLLBACK
[0m07:17:50.939093 [debug] [MainThread]: Using redshift connection "master"
[0m07:17:50.939838 [debug] [MainThread]: On master: BEGIN
[0m07:17:50.945487 [debug] [MainThread]: SQL status: SUCCESS in 0.005 seconds
[0m07:17:50.946171 [debug] [MainThread]: On master: COMMIT
[0m07:17:50.946826 [debug] [MainThread]: Using redshift connection "master"
[0m07:17:50.947286 [debug] [MainThread]: On master: COMMIT
[0m07:17:50.952208 [debug] [MainThread]: SQL status: SUCCESS in 0.004 seconds
[0m07:17:50.952748 [debug] [MainThread]: On master: Close
[0m07:17:50.956373 [debug] [Thread-1 (]: Began running node test.nyc_taxi_dbt.assert_summary
[0m07:17:50.957037 [info ] [Thread-1 (]: 1 of 1 START test assert_summary ............................................... [RUN]
[0m07:17:50.957748 [debug] [Thread-1 (]: Re-using an available connection from the pool (formerly list_dev_public, now test.nyc_taxi_dbt.assert_summary)
[0m07:17:50.958369 [debug] [Thread-1 (]: Began compiling node test.nyc_taxi_dbt.assert_summary
[0m07:17:50.963975 [debug] [Thread-1 (]: Writing injected SQL for node "test.nyc_taxi_dbt.assert_summary"
[0m07:17:50.964942 [debug] [Thread-1 (]: Began executing node test.nyc_taxi_dbt.assert_summary
[0m07:17:50.992264 [debug] [Thread-1 (]: Writing runtime sql for node "test.nyc_taxi_dbt.assert_summary"
[0m07:17:50.995521 [debug] [Thread-1 (]: Using redshift connection "test.nyc_taxi_dbt.assert_summary"
[0m07:17:50.996506 [debug] [Thread-1 (]: On test.nyc_taxi_dbt.assert_summary: BEGIN
[0m07:17:50.997086 [debug] [Thread-1 (]: Opening a new connection, currently in state closed
[0m07:17:50.997698 [debug] [Thread-1 (]: Redshift adapter: Connecting to Redshift with 'database' credentials method
[0m07:17:50.998485 [debug] [Thread-1 (]: Redshift adapter: Establishing connection using ssl with `sslmode` set to 'require'.To connect without ssl, set `sslmode` to 'disable'.
[0m07:17:51.079882 [debug] [Thread-1 (]: SQL status: SUCCESS in 0.083 seconds
[0m07:17:51.080646 [debug] [Thread-1 (]: Using redshift connection "test.nyc_taxi_dbt.assert_summary"
[0m07:17:51.081236 [debug] [Thread-1 (]: On test.nyc_taxi_dbt.assert_summary: /* {"app": "dbt", "dbt_version": "1.11.2", "profile_name": "dbt_poc", "target_name": "dev", "node_id": "test.nyc_taxi_dbt.assert_summary"} */

    select
      count(*) as failures,
      count(*) != 0 as should_warn,
      count(*) != 0 as should_error
    from (
      
    
  SELECT * 
FROM "dev"."public"."dq_2025_10" as a
LEFT JOIN "dev"."public"."yellow_taxi_trips_2025_10_stats" as b
    USING (Run_Date_Short, metric_name)
WHERE a.metric_value != b.metric_value
  
  
      
    ) dbt_internal_test
[0m07:17:59.684802 [debug] [Thread-1 (]: SQL status: SUCCESS in 8.603 seconds
[0m07:17:59.691211 [debug] [Thread-1 (]: On test.nyc_taxi_dbt.assert_summary: ROLLBACK
[0m07:17:59.704449 [debug] [Thread-1 (]: On test.nyc_taxi_dbt.assert_summary: Close
[0m07:17:59.705792 [error] [Thread-1 (]: 1 of 1 FAIL 1 assert_summary ................................................... [[31mFAIL 1[0m in 8.75s]
[0m07:17:59.706778 [debug] [Thread-1 (]: Finished running node test.nyc_taxi_dbt.assert_summary
[0m07:17:59.708957 [debug] [MainThread]: Using redshift connection "master"
[0m07:17:59.709481 [debug] [MainThread]: On master: BEGIN
[0m07:17:59.709980 [debug] [MainThread]: Opening a new connection, currently in state closed
[0m07:17:59.710477 [debug] [MainThread]: Redshift adapter: Connecting to Redshift with 'database' credentials method
[0m07:17:59.711130 [debug] [MainThread]: Redshift adapter: Establishing connection using ssl with `sslmode` set to 'require'.To connect without ssl, set `sslmode` to 'disable'.
[0m07:17:59.784707 [debug] [MainThread]: SQL status: SUCCESS in 0.075 seconds
[0m07:17:59.785413 [debug] [MainThread]: On master: COMMIT
[0m07:17:59.786160 [debug] [MainThread]: Using redshift connection "master"
[0m07:17:59.786651 [debug] [MainThread]: On master: COMMIT
[0m07:17:59.791801 [debug] [MainThread]: SQL status: SUCCESS in 0.005 seconds
[0m07:17:59.792432 [debug] [MainThread]: On master: Close
[0m07:17:59.793289 [debug] [MainThread]: Connection 'master' was properly closed.
[0m07:17:59.793767 [debug] [MainThread]: Connection 'test.nyc_taxi_dbt.assert_summary' was properly closed.
[0m07:17:59.794324 [info ] [MainThread]: 
[0m07:17:59.794837 [info ] [MainThread]: Finished running 1 test in 0 hours 0 minutes and 9.35 seconds (9.35s).
[0m07:17:59.795788 [debug] [MainThread]: Command end result
[0m07:17:59.832682 [debug] [MainThread]: Wrote artifact WritableManifest to ./target/manifest.json
[0m07:17:59.835215 [debug] [MainThread]: Wrote artifact SemanticManifest to ./target/semantic_manifest.json
[0m07:17:59.848352 [debug] [MainThread]: Wrote artifact RunExecutionResult to ./target/run_results.json
[0m07:17:59.848981 [info ] [MainThread]: 
[0m07:17:59.849741 [info ] [MainThread]: [31mCompleted with 1 error, 0 partial successes, and 0 warnings:[0m
[0m07:17:59.850399 [info ] [MainThread]: 
[0m07:17:59.851089 [error] [MainThread]: [31mFailure in test assert_summary (tests/assert_summary.sql)[0m
[0m07:17:59.851738 [error] [MainThread]:   Got 1 result, configured to fail if != 0
[0m07:17:59.852272 [info ] [MainThread]: 
[0m07:17:59.852937 [info ] [MainThread]:   compiled code at target/compiled/nyc_taxi_dbt/tests/assert_summary.sql
[0m07:17:59.853558 [info ] [MainThread]: 
[0m07:17:59.854181 [info ] [MainThread]: Done. PASS=0 WARN=0 ERROR=1 SKIP=0 NO-OP=0 TOTAL=1
[0m07:17:59.855555 [debug] [MainThread]: Resource report: {"command_name": "test", "command_success": false, "command_wall_clock_time": 11.229185, "process_in_blocks": "624", "process_kernel_time": 0.240309, "process_mem_max_rss": "132904", "process_out_blocks": "2248", "process_user_time": 3.963624}
[0m07:17:59.856398 [debug] [MainThread]: Command `dbt test` failed at 07:17:59.856240 after 11.23 seconds
[0m07:17:59.857044 [debug] [MainThread]: Sending event: {'category': 'dbt', 'action': 'invocation', 'label': 'end', 'context': [<snowplow_tracker.self_describing_json.SelfDescribingJson object at 0x7fe1b94200d0>, <snowplow_tracker.self_describing_json.SelfDescribingJson object at 0x7fe1b96d23e0>, <snowplow_tracker.self_describing_json.SelfDescribingJson object at 0x7fe1b43cf9a0>]}
[0m07:17:59.857687 [debug] [MainThread]: Flushing usage events
[0m07:18:00.316600 [debug] [MainThread]: An error was encountered while trying to flush usage events
[0m07:23:50.702858 [debug] [MainThread]: Sending event: {'category': 'dbt', 'action': 'invocation', 'label': 'start', 'context': [<snowplow_tracker.self_describing_json.SelfDescribingJson object at 0x7fce41cbc040>, <snowplow_tracker.self_describing_json.SelfDescribingJson object at 0x7fce40c6be20>, <snowplow_tracker.self_describing_json.SelfDescribingJson object at 0x7fce40c6bdc0>]}


============================== 07:23:50.706711 | 6ea818c1-4cb5-4989-93ce-31a566efbb81 ==============================
[0m07:23:50.706711 [info ] [MainThread]: Running with dbt=1.11.2
[0m07:23:50.707580 [debug] [MainThread]: running dbt with arguments {'no_print': 'None', 'write_json': 'True', 'indirect_selection': 'eager', 'invocation_command': 'dbt run --profiles-dir . --project-dir .', 'profiles_dir': '.', 'log_path': 'logs', 'introspect': 'True', 'warn_error': 'None', 'cache_selected_only': 'False', 'debug': 'False', 'version_check': 'True', 'warn_error_options': 'WarnErrorOptionsV2(error=[], warn=[], silence=[])', 'static_parser': 'True', 'fail_fast': 'False', 'quiet': 'False', 'target_path': 'None', 'partial_parse': 'True', 'log_cache_events': 'False', 'use_experimental_parser': 'False', 'use_colors': 'True', 'send_anonymous_usage_stats': 'True', 'printer_width': '80', 'log_format': 'default', 'empty': 'False'}
[0m07:23:50.843246 [debug] [MainThread]: Redshift adapter: Setting redshift_connector to ERROR
[0m07:23:50.844067 [debug] [MainThread]: Redshift adapter: Setting redshift_connector.core to ERROR
[0m07:23:51.499302 [debug] [MainThread]: Sending event: {'category': 'dbt', 'action': 'project_id', 'label': '6ea818c1-4cb5-4989-93ce-31a566efbb81', 'context': [<snowplow_tracker.self_describing_json.SelfDescribingJson object at 0x7fce41b7fe80>]}
[0m07:23:51.687061 [debug] [MainThread]: Sending event: {'category': 'dbt', 'action': 'adapter_info', 'label': '6ea818c1-4cb5-4989-93ce-31a566efbb81', 'context': [<snowplow_tracker.self_describing_json.SelfDescribingJson object at 0x7fce40555a20>]}
[0m07:23:51.704869 [info ] [MainThread]: Registered adapter: redshift=1.10.0
[0m07:23:52.038323 [debug] [MainThread]: checksum: 3d40d8bbe1bef07db1c24822f2dbfff8bc07f2a48ed4fe2658a40653aec0b54b, vars: {}, profile: , target: , version: 1.11.2
[0m07:23:52.320620 [debug] [MainThread]: Partial parsing enabled: 0 files deleted, 0 files added, 1 files changed.
[0m07:23:52.321596 [debug] [MainThread]: Partial parsing: updated file: nyc_taxi_dbt://tests/assert_summary.sql
[0m07:23:52.606664 [debug] [MainThread]: Sending event: {'category': 'dbt', 'action': 'load_project', 'label': '6ea818c1-4cb5-4989-93ce-31a566efbb81', 'context': [<snowplow_tracker.self_describing_json.SelfDescribingJson object at 0x7fce3e18b1f0>]}
[0m07:23:52.750665 [debug] [MainThread]: Wrote artifact WritableManifest to ./target/manifest.json
[0m07:23:52.753364 [debug] [MainThread]: Wrote artifact SemanticManifest to ./target/semantic_manifest.json
[0m07:23:52.762164 [debug] [MainThread]: Sending event: {'category': 'dbt', 'action': 'resource_counts', 'label': '6ea818c1-4cb5-4989-93ce-31a566efbb81', 'context': [<snowplow_tracker.self_describing_json.SelfDescribingJson object at 0x7fce3e1eea10>]}
[0m07:23:52.763103 [info ] [MainThread]: Found 3 models, 1 test, 2 sources, 538 macros
[0m07:23:52.763806 [debug] [MainThread]: Sending event: {'category': 'dbt', 'action': 'runnable_timing', 'label': '6ea818c1-4cb5-4989-93ce-31a566efbb81', 'context': [<snowplow_tracker.self_describing_json.SelfDescribingJson object at 0x7fce3e1eeaa0>]}
[0m07:23:52.766141 [info ] [MainThread]: 
[0m07:23:52.766796 [info ] [MainThread]: Concurrency: 4 threads (target='dev')
[0m07:23:52.767352 [info ] [MainThread]: 
[0m07:23:52.768178 [debug] [MainThread]: Acquiring new redshift connection 'master'
[0m07:23:52.774916 [debug] [ThreadPool]: Acquiring new redshift connection 'list_dev'
[0m07:23:52.798250 [debug] [ThreadPool]: Using redshift connection "list_dev"
[0m07:23:52.798996 [debug] [ThreadPool]: On list_dev: /* {"app": "dbt", "dbt_version": "1.11.2", "profile_name": "dbt_poc", "target_name": "dev", "connection_name": "list_dev"} */

    select distinct nspname from pg_namespace
[0m07:23:52.799533 [debug] [ThreadPool]: Opening a new connection, currently in state init
[0m07:23:52.800071 [debug] [ThreadPool]: Redshift adapter: Connecting to Redshift with 'database' credentials method
[0m07:23:52.805711 [debug] [ThreadPool]: Redshift adapter: Establishing connection using ssl with `sslmode` set to 'require'.To connect without ssl, set `sslmode` to 'disable'.
[0m07:23:52.907352 [debug] [ThreadPool]: SQL status: SUCCESS in 0.108 seconds
[0m07:23:52.926562 [debug] [ThreadPool]: On list_dev: Close
[0m07:23:52.928739 [debug] [ThreadPool]: Re-using an available connection from the pool (formerly list_dev, now list_dev_public)
[0m07:23:52.939635 [debug] [ThreadPool]: Using redshift connection "list_dev_public"
[0m07:23:52.940294 [debug] [ThreadPool]: On list_dev_public: BEGIN
[0m07:23:52.940768 [debug] [ThreadPool]: Opening a new connection, currently in state closed
[0m07:23:52.941249 [debug] [ThreadPool]: Redshift adapter: Connecting to Redshift with 'database' credentials method
[0m07:23:52.941895 [debug] [ThreadPool]: Redshift adapter: Establishing connection using ssl with `sslmode` set to 'require'.To connect without ssl, set `sslmode` to 'disable'.
[0m07:23:53.026483 [debug] [ThreadPool]: SQL status: SUCCESS in 0.086 seconds
[0m07:23:53.027196 [debug] [ThreadPool]: Using redshift connection "list_dev_public"
[0m07:23:53.027840 [debug] [ThreadPool]: On list_dev_public: /* {"app": "dbt", "dbt_version": "1.11.2", "profile_name": "dbt_poc", "target_name": "dev", "connection_name": "list_dev_public"} */
select
        table_catalog as database,
        table_name as name,
        table_schema as schema,
        'table' as type
    from information_schema.tables
    where table_schema ilike 'public'
    and table_type = 'BASE TABLE'
    union all
    select
      table_catalog as database,
      table_name as name,
      table_schema as schema,
      case
        when view_definition ilike '%create materialized view%'
          then 'materialized_view'
        else 'view'
      end as type
    from information_schema.views
    where table_schema ilike 'public'
[0m07:23:53.050293 [debug] [ThreadPool]: SQL status: SUCCESS in 0.022 seconds
[0m07:23:53.052413 [debug] [ThreadPool]: On list_dev_public: ROLLBACK
[0m07:23:53.066413 [debug] [ThreadPool]: On list_dev_public: Close
[0m07:23:53.079640 [debug] [MainThread]: Using redshift connection "master"
[0m07:23:53.080293 [debug] [MainThread]: On master: BEGIN
[0m07:23:53.080770 [debug] [MainThread]: Opening a new connection, currently in state init
[0m07:23:53.081257 [debug] [MainThread]: Redshift adapter: Connecting to Redshift with 'database' credentials method
[0m07:23:53.081905 [debug] [MainThread]: Redshift adapter: Establishing connection using ssl with `sslmode` set to 'require'.To connect without ssl, set `sslmode` to 'disable'.
[0m07:23:53.163381 [debug] [MainThread]: SQL status: SUCCESS in 0.082 seconds
[0m07:23:53.164112 [debug] [MainThread]: Using redshift connection "master"
[0m07:23:53.164733 [debug] [MainThread]: On master: /* {"app": "dbt", "dbt_version": "1.11.2", "profile_name": "dbt_poc", "target_name": "dev", "connection_name": "master"} */
with
    relation as (
        select
            pg_class.oid as relation_id,
            pg_class.relname as relation_name,
            pg_class.relnamespace as schema_id,
            pg_namespace.nspname as schema_name,
            pg_class.relkind as relation_type
        from pg_class
        join pg_namespace
          on pg_class.relnamespace = pg_namespace.oid
        where pg_namespace.nspname != 'information_schema'
          and pg_namespace.nspname not like 'pg\_%'
    ),
    dependency as (
        select distinct
            coalesce(pg_rewrite.ev_class, pg_depend.objid) as dep_relation_id,
            pg_depend.refobjid as ref_relation_id,
            pg_depend.refclassid as ref_class_id
        from pg_depend
        left join pg_rewrite
          on pg_depend.objid = pg_rewrite.oid
        where coalesce(pg_rewrite.ev_class, pg_depend.objid) != pg_depend.refobjid
    )

select distinct
    dep.schema_name as dependent_schema,
    dep.relation_name as dependent_name,
    ref.schema_name as referenced_schema,
    ref.relation_name as referenced_name
from dependency
join relation ref
    on dependency.ref_relation_id = ref.relation_id
join relation dep
    on dependency.dep_relation_id = dep.relation_id
[0m07:23:53.217209 [debug] [MainThread]: SQL status: SUCCESS in 0.052 seconds
[0m07:23:53.220286 [debug] [MainThread]: Sending event: {'category': 'dbt', 'action': 'runnable_timing', 'label': '6ea818c1-4cb5-4989-93ce-31a566efbb81', 'context': [<snowplow_tracker.self_describing_json.SelfDescribingJson object at 0x7fce40554760>]}
[0m07:23:53.221371 [debug] [MainThread]: On master: ROLLBACK
[0m07:23:53.237901 [debug] [MainThread]: Using redshift connection "master"
[0m07:23:53.238777 [debug] [MainThread]: On master: BEGIN
[0m07:23:53.244771 [debug] [MainThread]: SQL status: SUCCESS in 0.005 seconds
[0m07:23:53.245866 [debug] [MainThread]: On master: COMMIT
[0m07:23:53.247019 [debug] [MainThread]: Using redshift connection "master"
[0m07:23:53.247848 [debug] [MainThread]: On master: COMMIT
[0m07:23:53.253362 [debug] [MainThread]: SQL status: SUCCESS in 0.005 seconds
[0m07:23:53.254640 [debug] [MainThread]: On master: Close
[0m07:23:53.319216 [debug] [Thread-1 (]: Began running node model.nyc_taxi_dbt.yellow_trip_data
[0m07:23:53.320687 [info ] [Thread-1 (]: 1 of 3 START sql view model public.yellow_trip_data ............................ [RUN]
[0m07:23:53.322304 [debug] [Thread-1 (]: Re-using an available connection from the pool (formerly list_dev_public, now model.nyc_taxi_dbt.yellow_trip_data)
[0m07:23:53.323349 [debug] [Thread-1 (]: Began compiling node model.nyc_taxi_dbt.yellow_trip_data
[0m07:23:53.337095 [debug] [Thread-1 (]: Writing injected SQL for node "model.nyc_taxi_dbt.yellow_trip_data"
[0m07:23:53.353763 [debug] [Thread-1 (]: Began executing node model.nyc_taxi_dbt.yellow_trip_data
[0m07:23:53.544196 [debug] [Thread-1 (]: Writing runtime sql for node "model.nyc_taxi_dbt.yellow_trip_data"
[0m07:23:53.553113 [debug] [Thread-1 (]: Using redshift connection "model.nyc_taxi_dbt.yellow_trip_data"
[0m07:23:53.554598 [debug] [Thread-1 (]: On model.nyc_taxi_dbt.yellow_trip_data: BEGIN
[0m07:23:53.555538 [debug] [Thread-1 (]: Opening a new connection, currently in state closed
[0m07:23:53.556488 [debug] [Thread-1 (]: Redshift adapter: Connecting to Redshift with 'database' credentials method
[0m07:23:53.557619 [debug] [Thread-1 (]: Redshift adapter: Establishing connection using ssl with `sslmode` set to 'require'.To connect without ssl, set `sslmode` to 'disable'.
[0m07:23:53.701353 [debug] [Thread-1 (]: SQL status: SUCCESS in 0.146 seconds
[0m07:23:53.702598 [debug] [Thread-1 (]: Using redshift connection "model.nyc_taxi_dbt.yellow_trip_data"
[0m07:23:53.703700 [debug] [Thread-1 (]: On model.nyc_taxi_dbt.yellow_trip_data: /* {"app": "dbt", "dbt_version": "1.11.2", "profile_name": "dbt_poc", "target_name": "dev", "node_id": "model.nyc_taxi_dbt.yellow_trip_data"} */


  create view "dev"."public"."yellow_trip_data__dbt_tmp" as (
    SELECT * 
FROM "dev"."public"."yellow_taxi_trips_2025_10"
  ) ;
[0m07:23:53.720634 [debug] [Thread-1 (]: SQL status: SUCCESS in 0.016 seconds
[0m07:23:53.758488 [debug] [Thread-1 (]: Using redshift connection "model.nyc_taxi_dbt.yellow_trip_data"
[0m07:23:53.759636 [debug] [Thread-1 (]: On model.nyc_taxi_dbt.yellow_trip_data: /* {"app": "dbt", "dbt_version": "1.11.2", "profile_name": "dbt_poc", "target_name": "dev", "node_id": "model.nyc_taxi_dbt.yellow_trip_data"} */
alter table "dev"."public"."yellow_trip_data" rename to "yellow_trip_data__dbt_backup"
[0m07:23:53.768309 [debug] [Thread-1 (]: SQL status: SUCCESS in 0.008 seconds
[0m07:23:53.777160 [debug] [Thread-1 (]: Using redshift connection "model.nyc_taxi_dbt.yellow_trip_data"
[0m07:23:53.783979 [debug] [Thread-1 (]: On model.nyc_taxi_dbt.yellow_trip_data: /* {"app": "dbt", "dbt_version": "1.11.2", "profile_name": "dbt_poc", "target_name": "dev", "node_id": "model.nyc_taxi_dbt.yellow_trip_data"} */
alter table "dev"."public"."yellow_trip_data__dbt_tmp" rename to "yellow_trip_data"
[0m07:23:53.794439 [debug] [Thread-1 (]: SQL status: SUCCESS in 0.009 seconds
[0m07:23:53.860229 [debug] [Thread-1 (]: On model.nyc_taxi_dbt.yellow_trip_data: COMMIT
[0m07:23:53.861577 [debug] [Thread-1 (]: Using redshift connection "model.nyc_taxi_dbt.yellow_trip_data"
[0m07:23:53.871191 [debug] [Thread-1 (]: On model.nyc_taxi_dbt.yellow_trip_data: COMMIT
[0m07:23:54.034100 [debug] [Thread-1 (]: SQL status: SUCCESS in 0.162 seconds
[0m07:23:54.035187 [debug] [Thread-1 (]: Using redshift connection "model.nyc_taxi_dbt.yellow_trip_data"
[0m07:23:54.035760 [debug] [Thread-1 (]: On model.nyc_taxi_dbt.yellow_trip_data: BEGIN
[0m07:23:54.041425 [debug] [Thread-1 (]: SQL status: SUCCESS in 0.005 seconds
[0m07:23:54.051546 [debug] [Thread-1 (]: Applying DROP to: "dev"."public"."yellow_trip_data__dbt_backup"
[0m07:23:54.070882 [debug] [Thread-1 (]: Using redshift connection "model.nyc_taxi_dbt.yellow_trip_data"
[0m07:23:54.079696 [debug] [Thread-1 (]: On model.nyc_taxi_dbt.yellow_trip_data: /* {"app": "dbt", "dbt_version": "1.11.2", "profile_name": "dbt_poc", "target_name": "dev", "node_id": "model.nyc_taxi_dbt.yellow_trip_data"} */
drop view if exists "dev"."public"."yellow_trip_data__dbt_backup" cascade
[0m07:23:54.093210 [debug] [Thread-1 (]: SQL status: SUCCESS in 0.013 seconds
[0m07:23:54.094756 [debug] [Thread-1 (]: On model.nyc_taxi_dbt.yellow_trip_data: COMMIT
[0m07:23:54.095782 [debug] [Thread-1 (]: Using redshift connection "model.nyc_taxi_dbt.yellow_trip_data"
[0m07:23:54.096401 [debug] [Thread-1 (]: On model.nyc_taxi_dbt.yellow_trip_data: COMMIT
[0m07:23:54.254131 [debug] [Thread-1 (]: SQL status: SUCCESS in 0.157 seconds
[0m07:23:54.255502 [debug] [Thread-1 (]: Using redshift connection "model.nyc_taxi_dbt.yellow_trip_data"
[0m07:23:54.256513 [debug] [Thread-1 (]: On model.nyc_taxi_dbt.yellow_trip_data: BEGIN
[0m07:23:54.262912 [debug] [Thread-1 (]: SQL status: SUCCESS in 0.005 seconds
[0m07:23:54.267861 [debug] [Thread-1 (]: On model.nyc_taxi_dbt.yellow_trip_data: ROLLBACK
[0m07:23:54.284222 [debug] [Thread-1 (]: On model.nyc_taxi_dbt.yellow_trip_data: Close
[0m07:23:54.289760 [debug] [Thread-1 (]: Sending event: {'category': 'dbt', 'action': 'run_model', 'label': '6ea818c1-4cb5-4989-93ce-31a566efbb81', 'context': [<snowplow_tracker.self_describing_json.SelfDescribingJson object at 0x7fce40554760>]}
[0m07:23:54.293810 [info ] [Thread-1 (]: 1 of 3 OK created sql view model public.yellow_trip_data ....................... [[32mSUCCESS[0m in 0.96s]
[0m07:23:54.298585 [debug] [Thread-1 (]: Finished running node model.nyc_taxi_dbt.yellow_trip_data
[0m07:23:54.301269 [debug] [Thread-3 (]: Began running node model.nyc_taxi_dbt.taxi_agg
[0m07:23:54.302727 [info ] [Thread-3 (]: 2 of 3 START sql table model public.taxi_agg_2025_10 ........................... [RUN]
[0m07:23:54.305125 [debug] [Thread-3 (]: Acquiring new redshift connection 'model.nyc_taxi_dbt.taxi_agg'
[0m07:23:54.306260 [debug] [Thread-3 (]: Began compiling node model.nyc_taxi_dbt.taxi_agg
[0m07:23:54.321453 [debug] [Thread-3 (]: Writing injected SQL for node "model.nyc_taxi_dbt.taxi_agg"
[0m07:23:54.332109 [debug] [Thread-3 (]: Began executing node model.nyc_taxi_dbt.taxi_agg
[0m07:23:54.466828 [debug] [Thread-3 (]: Writing runtime sql for node "model.nyc_taxi_dbt.taxi_agg"
[0m07:23:54.482664 [debug] [Thread-3 (]: Using redshift connection "model.nyc_taxi_dbt.taxi_agg"
[0m07:23:54.490320 [debug] [Thread-3 (]: On model.nyc_taxi_dbt.taxi_agg: BEGIN
[0m07:23:54.491388 [debug] [Thread-3 (]: Opening a new connection, currently in state init
[0m07:23:54.494820 [debug] [Thread-3 (]: Redshift adapter: Connecting to Redshift with 'database' credentials method
[0m07:23:54.504224 [debug] [Thread-3 (]: Redshift adapter: Establishing connection using ssl with `sslmode` set to 'require'.To connect without ssl, set `sslmode` to 'disable'.
[0m07:23:54.664084 [debug] [Thread-3 (]: SQL status: SUCCESS in 0.173 seconds
[0m07:23:54.664908 [debug] [Thread-3 (]: Using redshift connection "model.nyc_taxi_dbt.taxi_agg"
[0m07:23:54.665586 [debug] [Thread-3 (]: On model.nyc_taxi_dbt.taxi_agg: /* {"app": "dbt", "dbt_version": "1.11.2", "profile_name": "dbt_poc", "target_name": "dev", "node_id": "model.nyc_taxi_dbt.taxi_agg"} */

  
    

  create  table
    "dev"."public"."taxi_agg_2025_10__dbt_tmp"
    
    
    
  as (
    

SELECT
    Run_Date_Short, 
    sum(total_amount) AS total_amount,
    CAST(count(trip_id) AS DOUBLE PRECISION) AS row_count
FROM "dev"."public"."yellow_trip_data"
GROUP BY
    Run_Date_Short
  );
[0m07:23:54.819729 [debug] [Thread-3 (]: SQL status: SUCCESS in 0.153 seconds
[0m07:23:54.826438 [debug] [Thread-3 (]: Using redshift connection "model.nyc_taxi_dbt.taxi_agg"
[0m07:23:54.827250 [debug] [Thread-3 (]: On model.nyc_taxi_dbt.taxi_agg: /* {"app": "dbt", "dbt_version": "1.11.2", "profile_name": "dbt_poc", "target_name": "dev", "node_id": "model.nyc_taxi_dbt.taxi_agg"} */
alter table "dev"."public"."taxi_agg_2025_10" rename to "taxi_agg_2025_10__dbt_backup"
[0m07:23:54.839773 [debug] [Thread-3 (]: SQL status: SUCCESS in 0.012 seconds
[0m07:23:54.846835 [debug] [Thread-3 (]: Using redshift connection "model.nyc_taxi_dbt.taxi_agg"
[0m07:23:54.847660 [debug] [Thread-3 (]: On model.nyc_taxi_dbt.taxi_agg: /* {"app": "dbt", "dbt_version": "1.11.2", "profile_name": "dbt_poc", "target_name": "dev", "node_id": "model.nyc_taxi_dbt.taxi_agg"} */
alter table "dev"."public"."taxi_agg_2025_10__dbt_tmp" rename to "taxi_agg_2025_10"
[0m07:23:54.856033 [debug] [Thread-3 (]: SQL status: SUCCESS in 0.007 seconds
[0m07:23:54.864643 [debug] [Thread-3 (]: On model.nyc_taxi_dbt.taxi_agg: COMMIT
[0m07:23:54.865652 [debug] [Thread-3 (]: Using redshift connection "model.nyc_taxi_dbt.taxi_agg"
[0m07:23:54.866414 [debug] [Thread-3 (]: On model.nyc_taxi_dbt.taxi_agg: COMMIT
[0m07:23:55.026045 [debug] [Thread-3 (]: SQL status: SUCCESS in 0.159 seconds
[0m07:23:55.027182 [debug] [Thread-3 (]: Using redshift connection "model.nyc_taxi_dbt.taxi_agg"
[0m07:23:55.027951 [debug] [Thread-3 (]: On model.nyc_taxi_dbt.taxi_agg: BEGIN
[0m07:23:55.034452 [debug] [Thread-3 (]: SQL status: SUCCESS in 0.006 seconds
[0m07:23:55.038952 [debug] [Thread-3 (]: Applying DROP to: "dev"."public"."taxi_agg_2025_10__dbt_backup"
[0m07:23:55.048533 [debug] [Thread-3 (]: Using redshift connection "model.nyc_taxi_dbt.taxi_agg"
[0m07:23:55.051714 [debug] [Thread-3 (]: On model.nyc_taxi_dbt.taxi_agg: /* {"app": "dbt", "dbt_version": "1.11.2", "profile_name": "dbt_poc", "target_name": "dev", "node_id": "model.nyc_taxi_dbt.taxi_agg"} */
drop table if exists "dev"."public"."taxi_agg_2025_10__dbt_backup" cascade
[0m07:23:55.069913 [debug] [Thread-3 (]: SQL status: SUCCESS in 0.017 seconds
[0m07:23:55.071779 [debug] [Thread-3 (]: On model.nyc_taxi_dbt.taxi_agg: COMMIT
[0m07:23:55.072670 [debug] [Thread-3 (]: Using redshift connection "model.nyc_taxi_dbt.taxi_agg"
[0m07:23:55.073413 [debug] [Thread-3 (]: On model.nyc_taxi_dbt.taxi_agg: COMMIT
[0m07:23:55.255819 [debug] [Thread-3 (]: SQL status: SUCCESS in 0.181 seconds
[0m07:23:55.256902 [debug] [Thread-3 (]: Using redshift connection "model.nyc_taxi_dbt.taxi_agg"
[0m07:23:55.257734 [debug] [Thread-3 (]: On model.nyc_taxi_dbt.taxi_agg: BEGIN
[0m07:23:55.264319 [debug] [Thread-3 (]: SQL status: SUCCESS in 0.005 seconds
[0m07:23:55.266092 [debug] [Thread-3 (]: On model.nyc_taxi_dbt.taxi_agg: ROLLBACK
[0m07:23:55.277294 [debug] [Thread-3 (]: On model.nyc_taxi_dbt.taxi_agg: Close
[0m07:23:55.279358 [debug] [Thread-3 (]: Sending event: {'category': 'dbt', 'action': 'run_model', 'label': '6ea818c1-4cb5-4989-93ce-31a566efbb81', 'context': [<snowplow_tracker.self_describing_json.SelfDescribingJson object at 0x7fce3e132290>]}
[0m07:23:55.280617 [info ] [Thread-3 (]: 2 of 3 OK created sql table model public.taxi_agg_2025_10 ...................... [[32mSUCCESS[0m in 0.97s]
[0m07:23:55.281922 [debug] [Thread-3 (]: Finished running node model.nyc_taxi_dbt.taxi_agg
[0m07:23:55.283237 [debug] [Thread-2 (]: Began running node model.nyc_taxi_dbt.dq_stats
[0m07:23:55.284120 [info ] [Thread-2 (]: 3 of 3 START sql table model public.dq_2025_10 ................................. [RUN]
[0m07:23:55.285111 [debug] [Thread-2 (]: Acquiring new redshift connection 'model.nyc_taxi_dbt.dq_stats'
[0m07:23:55.285713 [debug] [Thread-2 (]: Began compiling node model.nyc_taxi_dbt.dq_stats
[0m07:23:55.396653 [debug] [Thread-2 (]: Writing injected SQL for node "model.nyc_taxi_dbt.dq_stats"
[0m07:23:55.398246 [debug] [Thread-2 (]: Began executing node model.nyc_taxi_dbt.dq_stats
[0m07:23:55.405427 [debug] [Thread-2 (]: Writing runtime sql for node "model.nyc_taxi_dbt.dq_stats"
[0m07:23:55.408070 [debug] [Thread-2 (]: Using redshift connection "model.nyc_taxi_dbt.dq_stats"
[0m07:23:55.408819 [debug] [Thread-2 (]: On model.nyc_taxi_dbt.dq_stats: BEGIN
[0m07:23:55.409422 [debug] [Thread-2 (]: Opening a new connection, currently in state init
[0m07:23:55.410055 [debug] [Thread-2 (]: Redshift adapter: Connecting to Redshift with 'database' credentials method
[0m07:23:55.410838 [debug] [Thread-2 (]: Redshift adapter: Establishing connection using ssl with `sslmode` set to 'require'.To connect without ssl, set `sslmode` to 'disable'.
[0m07:23:55.492262 [debug] [Thread-2 (]: SQL status: SUCCESS in 0.083 seconds
[0m07:23:55.496119 [debug] [Thread-2 (]: Using redshift connection "model.nyc_taxi_dbt.dq_stats"
[0m07:23:55.497639 [debug] [Thread-2 (]: On model.nyc_taxi_dbt.dq_stats: /* {"app": "dbt", "dbt_version": "1.11.2", "profile_name": "dbt_poc", "target_name": "dev", "node_id": "model.nyc_taxi_dbt.dq_stats"} */

  
    

  create  table
    "dev"."public"."dq_2025_10__dbt_tmp"
    
    
    
  as (
    

SELECT
    Run_Date_Short,
    metric_name,
    metric_value
FROM "dev"."public"."taxi_agg_2025_10"
UNPIVOT (
    metric_value FOR metric_name IN (total_amount, row_count)
)
  );
[0m07:23:55.592650 [debug] [Thread-2 (]: SQL status: SUCCESS in 0.094 seconds
[0m07:23:55.603221 [debug] [Thread-2 (]: Using redshift connection "model.nyc_taxi_dbt.dq_stats"
[0m07:23:55.604365 [debug] [Thread-2 (]: On model.nyc_taxi_dbt.dq_stats: /* {"app": "dbt", "dbt_version": "1.11.2", "profile_name": "dbt_poc", "target_name": "dev", "node_id": "model.nyc_taxi_dbt.dq_stats"} */
alter table "dev"."public"."dq_2025_10" rename to "dq_2025_10__dbt_backup"
[0m07:23:55.619412 [debug] [Thread-2 (]: SQL status: SUCCESS in 0.014 seconds
[0m07:23:55.647347 [debug] [Thread-2 (]: Using redshift connection "model.nyc_taxi_dbt.dq_stats"
[0m07:23:55.648552 [debug] [Thread-2 (]: On model.nyc_taxi_dbt.dq_stats: /* {"app": "dbt", "dbt_version": "1.11.2", "profile_name": "dbt_poc", "target_name": "dev", "node_id": "model.nyc_taxi_dbt.dq_stats"} */
alter table "dev"."public"."dq_2025_10__dbt_tmp" rename to "dq_2025_10"
[0m07:23:55.668476 [debug] [Thread-2 (]: SQL status: SUCCESS in 0.019 seconds
[0m07:23:55.673979 [debug] [Thread-2 (]: On model.nyc_taxi_dbt.dq_stats: COMMIT
[0m07:23:55.675415 [debug] [Thread-2 (]: Using redshift connection "model.nyc_taxi_dbt.dq_stats"
[0m07:23:55.676482 [debug] [Thread-2 (]: On model.nyc_taxi_dbt.dq_stats: COMMIT
[0m07:23:55.873727 [debug] [Thread-2 (]: SQL status: SUCCESS in 0.196 seconds
[0m07:23:55.874937 [debug] [Thread-2 (]: Using redshift connection "model.nyc_taxi_dbt.dq_stats"
[0m07:23:55.875532 [debug] [Thread-2 (]: On model.nyc_taxi_dbt.dq_stats: BEGIN
[0m07:23:55.882079 [debug] [Thread-2 (]: SQL status: SUCCESS in 0.005 seconds
[0m07:23:55.889226 [debug] [Thread-2 (]: Applying DROP to: "dev"."public"."dq_2025_10__dbt_backup"
[0m07:23:55.895397 [debug] [Thread-2 (]: Using redshift connection "model.nyc_taxi_dbt.dq_stats"
[0m07:23:55.903401 [debug] [Thread-2 (]: On model.nyc_taxi_dbt.dq_stats: /* {"app": "dbt", "dbt_version": "1.11.2", "profile_name": "dbt_poc", "target_name": "dev", "node_id": "model.nyc_taxi_dbt.dq_stats"} */
drop table if exists "dev"."public"."dq_2025_10__dbt_backup" cascade
[0m07:23:55.922494 [debug] [Thread-2 (]: SQL status: SUCCESS in 0.012 seconds
[0m07:23:55.924949 [debug] [Thread-2 (]: On model.nyc_taxi_dbt.dq_stats: COMMIT
[0m07:23:55.926284 [debug] [Thread-2 (]: Using redshift connection "model.nyc_taxi_dbt.dq_stats"
[0m07:23:55.927248 [debug] [Thread-2 (]: On model.nyc_taxi_dbt.dq_stats: COMMIT
[0m07:23:56.073578 [debug] [Thread-2 (]: SQL status: SUCCESS in 0.145 seconds
[0m07:23:56.074669 [debug] [Thread-2 (]: Using redshift connection "model.nyc_taxi_dbt.dq_stats"
[0m07:23:56.075430 [debug] [Thread-2 (]: On model.nyc_taxi_dbt.dq_stats: BEGIN
[0m07:23:56.081362 [debug] [Thread-2 (]: SQL status: SUCCESS in 0.005 seconds
[0m07:23:56.082897 [debug] [Thread-2 (]: On model.nyc_taxi_dbt.dq_stats: ROLLBACK
[0m07:23:56.093969 [debug] [Thread-2 (]: On model.nyc_taxi_dbt.dq_stats: Close
[0m07:23:56.096162 [debug] [Thread-2 (]: Sending event: {'category': 'dbt', 'action': 'run_model', 'label': '6ea818c1-4cb5-4989-93ce-31a566efbb81', 'context': [<snowplow_tracker.self_describing_json.SelfDescribingJson object at 0x7fce3e5b6b60>]}
[0m07:23:56.097982 [info ] [Thread-2 (]: 3 of 3 OK created sql table model public.dq_2025_10 ............................ [[32mSUCCESS[0m in 0.81s]
[0m07:23:56.100562 [debug] [Thread-2 (]: Finished running node model.nyc_taxi_dbt.dq_stats
[0m07:23:56.103335 [debug] [MainThread]: Using redshift connection "master"
[0m07:23:56.104250 [debug] [MainThread]: On master: BEGIN
[0m07:23:56.105248 [debug] [MainThread]: Opening a new connection, currently in state closed
[0m07:23:56.106196 [debug] [MainThread]: Redshift adapter: Connecting to Redshift with 'database' credentials method
[0m07:23:56.107217 [debug] [MainThread]: Redshift adapter: Establishing connection using ssl with `sslmode` set to 'require'.To connect without ssl, set `sslmode` to 'disable'.
[0m07:23:56.184671 [debug] [MainThread]: SQL status: SUCCESS in 0.079 seconds
[0m07:23:56.185445 [debug] [MainThread]: On master: COMMIT
[0m07:23:56.186260 [debug] [MainThread]: Using redshift connection "master"
[0m07:23:56.186784 [debug] [MainThread]: On master: COMMIT
[0m07:23:56.191649 [debug] [MainThread]: SQL status: SUCCESS in 0.004 seconds
[0m07:23:56.192306 [debug] [MainThread]: On master: Close
[0m07:23:56.193184 [debug] [MainThread]: Connection 'master' was properly closed.
[0m07:23:56.193669 [debug] [MainThread]: Connection 'model.nyc_taxi_dbt.yellow_trip_data' was properly closed.
[0m07:23:56.194177 [debug] [MainThread]: Connection 'model.nyc_taxi_dbt.taxi_agg' was properly closed.
[0m07:23:56.194602 [debug] [MainThread]: Connection 'model.nyc_taxi_dbt.dq_stats' was properly closed.
[0m07:23:56.195160 [info ] [MainThread]: 
[0m07:23:56.195671 [info ] [MainThread]: Finished running 2 table models, 1 view model in 0 hours 0 minutes and 3.43 seconds (3.43s).
[0m07:23:56.196999 [debug] [MainThread]: Command end result
[0m07:23:56.238350 [debug] [MainThread]: Wrote artifact WritableManifest to ./target/manifest.json
[0m07:23:56.241048 [debug] [MainThread]: Wrote artifact SemanticManifest to ./target/semantic_manifest.json
[0m07:23:56.250592 [debug] [MainThread]: Wrote artifact RunExecutionResult to ./target/run_results.json
[0m07:23:56.251204 [info ] [MainThread]: 
[0m07:23:56.251841 [info ] [MainThread]: [32mCompleted successfully[0m
[0m07:23:56.252425 [info ] [MainThread]: 
[0m07:23:56.253216 [info ] [MainThread]: Done. PASS=3 WARN=0 ERROR=0 SKIP=0 NO-OP=0 TOTAL=3
[0m07:23:56.254651 [debug] [MainThread]: Resource report: {"command_name": "run", "command_success": true, "command_wall_clock_time": 5.638645, "process_in_blocks": "0", "process_kernel_time": 0.120168, "process_mem_max_rss": "137604", "process_out_blocks": "3408", "process_user_time": 4.732422}
[0m07:23:56.255376 [debug] [MainThread]: Command `dbt run` succeeded at 07:23:56.255224 after 5.64 seconds
[0m07:23:56.255968 [debug] [MainThread]: Sending event: {'category': 'dbt', 'action': 'invocation', 'label': 'end', 'context': [<snowplow_tracker.self_describing_json.SelfDescribingJson object at 0x7fce41cbc040>, <snowplow_tracker.self_describing_json.SelfDescribingJson object at 0x7fce41b74be0>, <snowplow_tracker.self_describing_json.SelfDescribingJson object at 0x7fce41b7d390>]}
[0m07:23:56.256595 [debug] [MainThread]: Flushing usage events
[0m07:23:56.720308 [debug] [MainThread]: An error was encountered while trying to flush usage events
[0m07:23:59.564300 [debug] [MainThread]: Sending event: {'category': 'dbt', 'action': 'invocation', 'label': 'start', 'context': [<snowplow_tracker.self_describing_json.SelfDescribingJson object at 0x7f4457ff0070>, <snowplow_tracker.self_describing_json.SelfDescribingJson object at 0x7f4456dc7fd0>, <snowplow_tracker.self_describing_json.SelfDescribingJson object at 0x7f4456dc7f70>]}


============================== 07:23:59.568056 | 5020ad57-bce3-4dfc-b821-d1eeb84fa9d5 ==============================
[0m07:23:59.568056 [info ] [MainThread]: Running with dbt=1.11.2
[0m07:23:59.568995 [debug] [MainThread]: running dbt with arguments {'partial_parse': 'True', 'write_json': 'True', 'use_colors': 'True', 'warn_error_options': 'WarnErrorOptionsV2(error=[], warn=[], silence=[])', 'warn_error': 'None', 'target_path': 'None', 'introspect': 'True', 'debug': 'False', 'invocation_command': 'dbt test --profiles-dir . --project-dir .', 'profiles_dir': '.', 'static_parser': 'True', 'no_print': 'None', 'log_path': 'logs', 'quiet': 'False', 'version_check': 'True', 'cache_selected_only': 'False', 'indirect_selection': 'eager', 'log_cache_events': 'False', 'log_format': 'default', 'empty': 'None', 'fail_fast': 'False', 'use_experimental_parser': 'False', 'printer_width': '80', 'send_anonymous_usage_stats': 'True'}
[0m07:23:59.719039 [debug] [MainThread]: Redshift adapter: Setting redshift_connector to ERROR
[0m07:23:59.720159 [debug] [MainThread]: Redshift adapter: Setting redshift_connector.core to ERROR
[0m07:24:00.698487 [debug] [MainThread]: Sending event: {'category': 'dbt', 'action': 'project_id', 'label': '5020ad57-bce3-4dfc-b821-d1eeb84fa9d5', 'context': [<snowplow_tracker.self_describing_json.SelfDescribingJson object at 0x7f4456dc7d00>]}
[0m07:24:00.829724 [debug] [MainThread]: Sending event: {'category': 'dbt', 'action': 'adapter_info', 'label': '5020ad57-bce3-4dfc-b821-d1eeb84fa9d5', 'context': [<snowplow_tracker.self_describing_json.SelfDescribingJson object at 0x7f4456dc7d30>]}
[0m07:24:00.830973 [info ] [MainThread]: Registered adapter: redshift=1.10.0
[0m07:24:00.970610 [debug] [MainThread]: checksum: 3d40d8bbe1bef07db1c24822f2dbfff8bc07f2a48ed4fe2658a40653aec0b54b, vars: {}, profile: , target: , version: 1.11.2
[0m07:24:01.168923 [debug] [MainThread]: Partial parsing enabled: 0 files deleted, 0 files added, 0 files changed.
[0m07:24:01.169591 [debug] [MainThread]: Nothing changed, skipping partial parsing.
[0m07:24:01.170120 [debug] [MainThread]: Partial parsing enabled, no changes found, skipping parsing
[0m07:24:01.243720 [debug] [MainThread]: Sending event: {'category': 'dbt', 'action': 'load_project', 'label': '5020ad57-bce3-4dfc-b821-d1eeb84fa9d5', 'context': [<snowplow_tracker.self_describing_json.SelfDescribingJson object at 0x7f44549d8fd0>]}
[0m07:24:01.394329 [debug] [MainThread]: Wrote artifact WritableManifest to ./target/manifest.json
[0m07:24:01.396899 [debug] [MainThread]: Wrote artifact SemanticManifest to ./target/semantic_manifest.json
[0m07:24:01.417166 [debug] [MainThread]: Sending event: {'category': 'dbt', 'action': 'resource_counts', 'label': '5020ad57-bce3-4dfc-b821-d1eeb84fa9d5', 'context': [<snowplow_tracker.self_describing_json.SelfDescribingJson object at 0x7f44549d93f0>]}
[0m07:24:01.418180 [info ] [MainThread]: Found 3 models, 1 test, 2 sources, 538 macros
[0m07:24:01.418900 [debug] [MainThread]: Sending event: {'category': 'dbt', 'action': 'runnable_timing', 'label': '5020ad57-bce3-4dfc-b821-d1eeb84fa9d5', 'context': [<snowplow_tracker.self_describing_json.SelfDescribingJson object at 0x7f44549d9ff0>]}
[0m07:24:01.421372 [info ] [MainThread]: 
[0m07:24:01.422062 [info ] [MainThread]: Concurrency: 4 threads (target='dev')
[0m07:24:01.422644 [info ] [MainThread]: 
[0m07:24:01.423564 [debug] [MainThread]: Acquiring new redshift connection 'master'
[0m07:24:01.430048 [debug] [ThreadPool]: Acquiring new redshift connection 'list_dev_public'
[0m07:24:01.456313 [debug] [ThreadPool]: Using redshift connection "list_dev_public"
[0m07:24:01.457047 [debug] [ThreadPool]: On list_dev_public: BEGIN
[0m07:24:01.457595 [debug] [ThreadPool]: Opening a new connection, currently in state init
[0m07:24:01.458190 [debug] [ThreadPool]: Redshift adapter: Connecting to Redshift with 'database' credentials method
[0m07:24:01.464030 [debug] [ThreadPool]: Redshift adapter: Establishing connection using ssl with `sslmode` set to 'require'.To connect without ssl, set `sslmode` to 'disable'.
[0m07:24:01.558628 [debug] [ThreadPool]: SQL status: SUCCESS in 0.101 seconds
[0m07:24:01.559376 [debug] [ThreadPool]: Using redshift connection "list_dev_public"
[0m07:24:01.559943 [debug] [ThreadPool]: On list_dev_public: /* {"app": "dbt", "dbt_version": "1.11.2", "profile_name": "dbt_poc", "target_name": "dev", "connection_name": "list_dev_public"} */
select
        table_catalog as database,
        table_name as name,
        table_schema as schema,
        'table' as type
    from information_schema.tables
    where table_schema ilike 'public'
    and table_type = 'BASE TABLE'
    union all
    select
      table_catalog as database,
      table_name as name,
      table_schema as schema,
      case
        when view_definition ilike '%create materialized view%'
          then 'materialized_view'
        else 'view'
      end as type
    from information_schema.views
    where table_schema ilike 'public'
[0m07:24:01.583258 [debug] [ThreadPool]: SQL status: SUCCESS in 0.023 seconds
[0m07:24:01.602137 [debug] [ThreadPool]: On list_dev_public: ROLLBACK
[0m07:24:01.616203 [debug] [ThreadPool]: On list_dev_public: Close
[0m07:24:01.631399 [debug] [MainThread]: Using redshift connection "master"
[0m07:24:01.632178 [debug] [MainThread]: On master: BEGIN
[0m07:24:01.632771 [debug] [MainThread]: Opening a new connection, currently in state init
[0m07:24:01.633424 [debug] [MainThread]: Redshift adapter: Connecting to Redshift with 'database' credentials method
[0m07:24:01.634203 [debug] [MainThread]: Redshift adapter: Establishing connection using ssl with `sslmode` set to 'require'.To connect without ssl, set `sslmode` to 'disable'.
[0m07:24:01.720365 [debug] [MainThread]: SQL status: SUCCESS in 0.088 seconds
[0m07:24:01.721151 [debug] [MainThread]: Using redshift connection "master"
[0m07:24:01.721803 [debug] [MainThread]: On master: /* {"app": "dbt", "dbt_version": "1.11.2", "profile_name": "dbt_poc", "target_name": "dev", "connection_name": "master"} */
with
    relation as (
        select
            pg_class.oid as relation_id,
            pg_class.relname as relation_name,
            pg_class.relnamespace as schema_id,
            pg_namespace.nspname as schema_name,
            pg_class.relkind as relation_type
        from pg_class
        join pg_namespace
          on pg_class.relnamespace = pg_namespace.oid
        where pg_namespace.nspname != 'information_schema'
          and pg_namespace.nspname not like 'pg\_%'
    ),
    dependency as (
        select distinct
            coalesce(pg_rewrite.ev_class, pg_depend.objid) as dep_relation_id,
            pg_depend.refobjid as ref_relation_id,
            pg_depend.refclassid as ref_class_id
        from pg_depend
        left join pg_rewrite
          on pg_depend.objid = pg_rewrite.oid
        where coalesce(pg_rewrite.ev_class, pg_depend.objid) != pg_depend.refobjid
    )

select distinct
    dep.schema_name as dependent_schema,
    dep.relation_name as dependent_name,
    ref.schema_name as referenced_schema,
    ref.relation_name as referenced_name
from dependency
join relation ref
    on dependency.ref_relation_id = ref.relation_id
join relation dep
    on dependency.dep_relation_id = dep.relation_id
[0m07:24:01.774022 [debug] [MainThread]: SQL status: SUCCESS in 0.051 seconds
[0m07:24:01.776579 [debug] [MainThread]: Sending event: {'category': 'dbt', 'action': 'runnable_timing', 'label': '5020ad57-bce3-4dfc-b821-d1eeb84fa9d5', 'context': [<snowplow_tracker.self_describing_json.SelfDescribingJson object at 0x7f44582cadd0>]}
[0m07:24:01.777403 [debug] [MainThread]: On master: ROLLBACK
[0m07:24:01.793652 [debug] [MainThread]: Using redshift connection "master"
[0m07:24:01.794584 [debug] [MainThread]: On master: BEGIN
[0m07:24:01.800625 [debug] [MainThread]: SQL status: SUCCESS in 0.005 seconds
[0m07:24:01.801516 [debug] [MainThread]: On master: COMMIT
[0m07:24:01.802425 [debug] [MainThread]: Using redshift connection "master"
[0m07:24:01.803227 [debug] [MainThread]: On master: COMMIT
[0m07:24:01.808755 [debug] [MainThread]: SQL status: SUCCESS in 0.005 seconds
[0m07:24:01.809981 [debug] [MainThread]: On master: Close
[0m07:24:01.894005 [debug] [Thread-1 (]: Began running node test.nyc_taxi_dbt.assert_summary
[0m07:24:01.895236 [info ] [Thread-1 (]: 1 of 1 START test assert_summary ............................................... [RUN]
[0m07:24:01.896925 [debug] [Thread-1 (]: Re-using an available connection from the pool (formerly list_dev_public, now test.nyc_taxi_dbt.assert_summary)
[0m07:24:01.901107 [debug] [Thread-1 (]: Began compiling node test.nyc_taxi_dbt.assert_summary
[0m07:24:01.910537 [debug] [Thread-1 (]: Writing injected SQL for node "test.nyc_taxi_dbt.assert_summary"
[0m07:24:01.918937 [debug] [Thread-1 (]: Began executing node test.nyc_taxi_dbt.assert_summary
[0m07:24:01.980335 [debug] [Thread-1 (]: Writing runtime sql for node "test.nyc_taxi_dbt.assert_summary"
[0m07:24:01.985896 [debug] [Thread-1 (]: Using redshift connection "test.nyc_taxi_dbt.assert_summary"
[0m07:24:01.987099 [debug] [Thread-1 (]: On test.nyc_taxi_dbt.assert_summary: BEGIN
[0m07:24:01.988081 [debug] [Thread-1 (]: Opening a new connection, currently in state closed
[0m07:24:01.989097 [debug] [Thread-1 (]: Redshift adapter: Connecting to Redshift with 'database' credentials method
[0m07:24:01.990233 [debug] [Thread-1 (]: Redshift adapter: Establishing connection using ssl with `sslmode` set to 'require'.To connect without ssl, set `sslmode` to 'disable'.
[0m07:24:02.112758 [debug] [Thread-1 (]: SQL status: SUCCESS in 0.125 seconds
[0m07:24:02.113858 [debug] [Thread-1 (]: Using redshift connection "test.nyc_taxi_dbt.assert_summary"
[0m07:24:02.114667 [debug] [Thread-1 (]: On test.nyc_taxi_dbt.assert_summary: /* {"app": "dbt", "dbt_version": "1.11.2", "profile_name": "dbt_poc", "target_name": "dev", "node_id": "test.nyc_taxi_dbt.assert_summary"} */

    select
      count(*) as failures,
      count(*) != 0 as should_warn,
      count(*) != 0 as should_error
    from (
      
    
  SELECT * 
FROM "dev"."public"."dq_2025_10" as a
LEFT JOIN "dev"."public"."yellow_taxi_trips_2025_10_stats" as b
    USING (Run_Date_Short, metric_name)
WHERE ROUND(a.metric_value, 4) != ROUND(b.metric_value, 4)
  
  
      
    ) dbt_internal_test
[0m07:24:06.379508 [debug] [Thread-1 (]: SQL status: SUCCESS in 4.264 seconds
[0m07:24:06.386069 [debug] [Thread-1 (]: On test.nyc_taxi_dbt.assert_summary: ROLLBACK
[0m07:24:06.399484 [debug] [Thread-1 (]: On test.nyc_taxi_dbt.assert_summary: Close
[0m07:24:06.400810 [info ] [Thread-1 (]: 1 of 1 PASS assert_summary ..................................................... [[32mPASS[0m in 4.50s]
[0m07:24:06.401705 [debug] [Thread-1 (]: Finished running node test.nyc_taxi_dbt.assert_summary
[0m07:24:06.403589 [debug] [MainThread]: Using redshift connection "master"
[0m07:24:06.404096 [debug] [MainThread]: On master: BEGIN
[0m07:24:06.404549 [debug] [MainThread]: Opening a new connection, currently in state closed
[0m07:24:06.405040 [debug] [MainThread]: Redshift adapter: Connecting to Redshift with 'database' credentials method
[0m07:24:06.405669 [debug] [MainThread]: Redshift adapter: Establishing connection using ssl with `sslmode` set to 'require'.To connect without ssl, set `sslmode` to 'disable'.
[0m07:24:06.478115 [debug] [MainThread]: SQL status: SUCCESS in 0.073 seconds
[0m07:24:06.478831 [debug] [MainThread]: On master: COMMIT
[0m07:24:06.479487 [debug] [MainThread]: Using redshift connection "master"
[0m07:24:06.479955 [debug] [MainThread]: On master: COMMIT
[0m07:24:06.484827 [debug] [MainThread]: SQL status: SUCCESS in 0.004 seconds
[0m07:24:06.485444 [debug] [MainThread]: On master: Close
[0m07:24:06.486378 [debug] [MainThread]: Connection 'master' was properly closed.
[0m07:24:06.486852 [debug] [MainThread]: Connection 'test.nyc_taxi_dbt.assert_summary' was properly closed.
[0m07:24:06.487332 [info ] [MainThread]: 
[0m07:24:06.487837 [info ] [MainThread]: Finished running 1 test in 0 hours 0 minutes and 5.06 seconds (5.06s).
[0m07:24:06.488803 [debug] [MainThread]: Command end result
[0m07:24:06.530328 [debug] [MainThread]: Wrote artifact WritableManifest to ./target/manifest.json
[0m07:24:06.533081 [debug] [MainThread]: Wrote artifact SemanticManifest to ./target/semantic_manifest.json
[0m07:24:06.543647 [debug] [MainThread]: Wrote artifact RunExecutionResult to ./target/run_results.json
[0m07:24:06.544334 [info ] [MainThread]: 
[0m07:24:06.545105 [info ] [MainThread]: [32mCompleted successfully[0m
[0m07:24:06.545694 [info ] [MainThread]: 
[0m07:24:06.546371 [info ] [MainThread]: Done. PASS=1 WARN=0 ERROR=0 SKIP=0 NO-OP=0 TOTAL=1
[0m07:24:06.547639 [debug] [MainThread]: Resource report: {"command_name": "test", "command_success": true, "command_wall_clock_time": 7.093507, "process_in_blocks": "0", "process_kernel_time": 0.168316, "process_mem_max_rss": "132816", "process_out_blocks": "2232", "process_user_time": 3.861162}
[0m07:24:06.548340 [debug] [MainThread]: Command `dbt test` succeeded at 07:24:06.548191 after 7.09 seconds
[0m07:24:06.548925 [debug] [MainThread]: Sending event: {'category': 'dbt', 'action': 'invocation', 'label': 'end', 'context': [<snowplow_tracker.self_describing_json.SelfDescribingJson object at 0x7f4457ff0070>, <snowplow_tracker.self_describing_json.SelfDescribingJson object at 0x7f44582ca290>, <snowplow_tracker.self_describing_json.SelfDescribingJson object at 0x7f4456dc7d30>]}
[0m07:24:06.549543 [debug] [MainThread]: Flushing usage events
[0m07:24:07.008489 [debug] [MainThread]: An error was encountered while trying to flush usage events
[0m07:24:10.009439 [debug] [MainThread]: Sending event: {'category': 'dbt', 'action': 'invocation', 'label': 'start', 'context': [<snowplow_tracker.self_describing_json.SelfDescribingJson object at 0x7f49a8b100a0>, <snowplow_tracker.self_describing_json.SelfDescribingJson object at 0x7f49a78e7d90>, <snowplow_tracker.self_describing_json.SelfDescribingJson object at 0x7f49a78e7d30>]}


============================== 07:24:10.016243 | ddab4004-42d5-45a0-ba25-ff17d9844aff ==============================
[0m07:24:10.016243 [info ] [MainThread]: Running with dbt=1.11.2
[0m07:24:10.017904 [debug] [MainThread]: running dbt with arguments {'warn_error': 'None', 'use_experimental_parser': 'False', 'partial_parse': 'True', 'profiles_dir': '/home/ec2-user/NYC_taxi/dbt', 'quiet': 'False', 'invocation_command': 'dbt clean', 'version_check': 'True', 'static_parser': 'True', 'cache_selected_only': 'False', 'indirect_selection': 'eager', 'log_path': '/home/ec2-user/NYC_taxi/dbt/logs', 'log_cache_events': 'False', 'write_json': 'True', 'use_colors': 'True', 'debug': 'False', 'empty': 'None', 'printer_width': '80', 'log_format': 'default', 'introspect': 'True', 'warn_error_options': 'WarnErrorOptionsV2(error=[], warn=[], silence=[])', 'send_anonymous_usage_stats': 'True', 'fail_fast': 'False', 'no_print': 'None', 'target_path': 'None'}
[0m07:24:10.186547 [debug] [MainThread]: Sending event: {'category': 'dbt', 'action': 'project_id', 'label': 'ddab4004-42d5-45a0-ba25-ff17d9844aff', 'context': [<snowplow_tracker.self_describing_json.SelfDescribingJson object at 0x7f49aa40ada0>]}
[0m07:24:10.202815 [debug] [MainThread]: Resource report: {"command_name": "clean", "command_success": true, "command_wall_clock_time": 0.33067784, "process_in_blocks": "0", "process_kernel_time": 0.098451, "process_mem_max_rss": "97400", "process_out_blocks": "0", "process_user_time": 2.333304}
[0m07:24:10.203617 [debug] [MainThread]: Command `dbt clean` succeeded at 07:24:10.203462 after 0.33 seconds
[0m07:24:10.204222 [debug] [MainThread]: Sending event: {'category': 'dbt', 'action': 'invocation', 'label': 'end', 'context': [<snowplow_tracker.self_describing_json.SelfDescribingJson object at 0x7f49a8b100a0>, <snowplow_tracker.self_describing_json.SelfDescribingJson object at 0x7f49a77d7160>, <snowplow_tracker.self_describing_json.SelfDescribingJson object at 0x7f49a77d5870>]}
[0m07:24:10.204976 [debug] [MainThread]: Flushing usage events
[0m07:24:10.668024 [debug] [MainThread]: An error was encountered while trying to flush usage events
[0m07:32:33.928656 [debug] [MainThread]: Sending event: {'category': 'dbt', 'action': 'invocation', 'label': 'start', 'context': [<snowplow_tracker.self_describing_json.SelfDescribingJson object at 0x7fa68ed38100>, <snowplow_tracker.self_describing_json.SelfDescribingJson object at 0x7fa68dcebee0>, <snowplow_tracker.self_describing_json.SelfDescribingJson object at 0x7fa68dcebe80>]}


============================== 07:32:33.932665 | f200fea6-afa1-43e6-bd7e-fab2ab879e87 ==============================
[0m07:32:33.932665 [info ] [MainThread]: Running with dbt=1.11.2
[0m07:32:33.933653 [debug] [MainThread]: running dbt with arguments {'log_cache_events': 'False', 'send_anonymous_usage_stats': 'True', 'no_print': 'None', 'cache_selected_only': 'False', 'introspect': 'True', 'log_format': 'default', 'version_check': 'True', 'indirect_selection': 'eager', 'printer_width': '80', 'log_path': 'logs', 'write_json': 'True', 'profiles_dir': '.', 'warn_error_options': 'WarnErrorOptionsV2(error=[], warn=[], silence=[])', 'fail_fast': 'False', 'target_path': 'None', 'use_colors': 'True', 'quiet': 'False', 'static_parser': 'True', 'partial_parse': 'True', 'use_experimental_parser': 'False', 'debug': 'False', 'empty': 'False', 'warn_error': 'None', 'invocation_command': 'dbt run --profiles-dir . --project-dir .'}
[0m07:32:34.070979 [debug] [MainThread]: Redshift adapter: Setting redshift_connector to ERROR
[0m07:32:34.071804 [debug] [MainThread]: Redshift adapter: Setting redshift_connector.core to ERROR
[0m07:32:34.429920 [debug] [MainThread]: Sending event: {'category': 'dbt', 'action': 'project_id', 'label': 'f200fea6-afa1-43e6-bd7e-fab2ab879e87', 'context': [<snowplow_tracker.self_describing_json.SelfDescribingJson object at 0x7fa690806e00>]}
[0m07:32:34.551368 [debug] [MainThread]: Sending event: {'category': 'dbt', 'action': 'adapter_info', 'label': 'f200fea6-afa1-43e6-bd7e-fab2ab879e87', 'context': [<snowplow_tracker.self_describing_json.SelfDescribingJson object at 0x7fa68e54d9f0>]}
[0m07:32:34.552644 [info ] [MainThread]: Registered adapter: redshift=1.10.0
[0m07:32:34.838684 [debug] [MainThread]: checksum: 3d40d8bbe1bef07db1c24822f2dbfff8bc07f2a48ed4fe2658a40653aec0b54b, vars: {}, profile: , target: , version: 1.11.2
[0m07:32:34.840624 [info ] [MainThread]: Unable to do partial parsing because saved manifest not found. Starting full parse.
[0m07:32:34.841966 [debug] [MainThread]: Sending event: {'category': 'dbt', 'action': 'partial_parser', 'label': 'f200fea6-afa1-43e6-bd7e-fab2ab879e87', 'context': [<snowplow_tracker.self_describing_json.SelfDescribingJson object at 0x7fa68cbeacb0>]}
[0m07:32:37.157518 [debug] [MainThread]: Sending event: {'category': 'dbt', 'action': 'load_project', 'label': 'f200fea6-afa1-43e6-bd7e-fab2ab879e87', 'context': [<snowplow_tracker.self_describing_json.SelfDescribingJson object at 0x7fa68cb7f5b0>]}
[0m07:32:37.413739 [debug] [MainThread]: Wrote artifact WritableManifest to ./target/manifest.json
[0m07:32:37.416446 [debug] [MainThread]: Wrote artifact SemanticManifest to ./target/semantic_manifest.json
[0m07:32:37.424930 [debug] [MainThread]: Sending event: {'category': 'dbt', 'action': 'resource_counts', 'label': 'f200fea6-afa1-43e6-bd7e-fab2ab879e87', 'context': [<snowplow_tracker.self_describing_json.SelfDescribingJson object at 0x7fa68cb7cc70>]}
[0m07:32:37.425749 [info ] [MainThread]: Found 3 models, 1 test, 2 sources, 538 macros
[0m07:32:37.426439 [debug] [MainThread]: Sending event: {'category': 'dbt', 'action': 'runnable_timing', 'label': 'f200fea6-afa1-43e6-bd7e-fab2ab879e87', 'context': [<snowplow_tracker.self_describing_json.SelfDescribingJson object at 0x7fa68b713160>]}
[0m07:32:37.428776 [info ] [MainThread]: 
[0m07:32:37.429435 [info ] [MainThread]: Concurrency: 4 threads (target='dev')
[0m07:32:37.430024 [info ] [MainThread]: 
[0m07:32:37.430858 [debug] [MainThread]: Acquiring new redshift connection 'master'
[0m07:32:37.437485 [debug] [ThreadPool]: Acquiring new redshift connection 'list_dev'
[0m07:32:37.461041 [debug] [ThreadPool]: Using redshift connection "list_dev"
[0m07:32:37.461769 [debug] [ThreadPool]: On list_dev: /* {"app": "dbt", "dbt_version": "1.11.2", "profile_name": "dbt_poc", "target_name": "dev", "connection_name": "list_dev"} */

    select distinct nspname from pg_namespace
[0m07:32:37.462325 [debug] [ThreadPool]: Opening a new connection, currently in state init
[0m07:32:37.462882 [debug] [ThreadPool]: Redshift adapter: Connecting to Redshift with 'database' credentials method
[0m07:32:37.468447 [debug] [ThreadPool]: Redshift adapter: Establishing connection using ssl with `sslmode` set to 'require'.To connect without ssl, set `sslmode` to 'disable'.
[0m07:32:37.569416 [debug] [ThreadPool]: SQL status: SUCCESS in 0.107 seconds
[0m07:32:37.595012 [debug] [ThreadPool]: On list_dev: Close
[0m07:32:37.597209 [debug] [ThreadPool]: Re-using an available connection from the pool (formerly list_dev, now list_dev_public)
[0m07:32:37.608166 [debug] [ThreadPool]: Using redshift connection "list_dev_public"
[0m07:32:37.608888 [debug] [ThreadPool]: On list_dev_public: BEGIN
[0m07:32:37.609442 [debug] [ThreadPool]: Opening a new connection, currently in state closed
[0m07:32:37.610031 [debug] [ThreadPool]: Redshift adapter: Connecting to Redshift with 'database' credentials method
[0m07:32:37.610745 [debug] [ThreadPool]: Redshift adapter: Establishing connection using ssl with `sslmode` set to 'require'.To connect without ssl, set `sslmode` to 'disable'.
[0m07:32:47.308398 [debug] [ThreadPool]: SQL status: SUCCESS in 9.699 seconds
[0m07:32:47.309127 [debug] [ThreadPool]: Using redshift connection "list_dev_public"
[0m07:32:47.309827 [debug] [ThreadPool]: On list_dev_public: /* {"app": "dbt", "dbt_version": "1.11.2", "profile_name": "dbt_poc", "target_name": "dev", "connection_name": "list_dev_public"} */
select
        table_catalog as database,
        table_name as name,
        table_schema as schema,
        'table' as type
    from information_schema.tables
    where table_schema ilike 'public'
    and table_type = 'BASE TABLE'
    union all
    select
      table_catalog as database,
      table_name as name,
      table_schema as schema,
      case
        when view_definition ilike '%create materialized view%'
          then 'materialized_view'
        else 'view'
      end as type
    from information_schema.views
    where table_schema ilike 'public'
[0m07:32:47.357174 [debug] [ThreadPool]: SQL status: SUCCESS in 0.047 seconds
[0m07:32:47.359281 [debug] [ThreadPool]: On list_dev_public: ROLLBACK
[0m07:32:47.376320 [debug] [ThreadPool]: On list_dev_public: Close
[0m07:32:47.389958 [debug] [MainThread]: Using redshift connection "master"
[0m07:32:47.390617 [debug] [MainThread]: On master: BEGIN
[0m07:32:47.391087 [debug] [MainThread]: Opening a new connection, currently in state init
[0m07:32:47.391569 [debug] [MainThread]: Redshift adapter: Connecting to Redshift with 'database' credentials method
[0m07:32:47.392206 [debug] [MainThread]: Redshift adapter: Establishing connection using ssl with `sslmode` set to 'require'.To connect without ssl, set `sslmode` to 'disable'.
[0m07:32:47.475805 [debug] [MainThread]: SQL status: SUCCESS in 0.085 seconds
[0m07:32:47.476517 [debug] [MainThread]: Using redshift connection "master"
[0m07:32:47.477085 [debug] [MainThread]: On master: /* {"app": "dbt", "dbt_version": "1.11.2", "profile_name": "dbt_poc", "target_name": "dev", "connection_name": "master"} */
with
    relation as (
        select
            pg_class.oid as relation_id,
            pg_class.relname as relation_name,
            pg_class.relnamespace as schema_id,
            pg_namespace.nspname as schema_name,
            pg_class.relkind as relation_type
        from pg_class
        join pg_namespace
          on pg_class.relnamespace = pg_namespace.oid
        where pg_namespace.nspname != 'information_schema'
          and pg_namespace.nspname not like 'pg\_%'
    ),
    dependency as (
        select distinct
            coalesce(pg_rewrite.ev_class, pg_depend.objid) as dep_relation_id,
            pg_depend.refobjid as ref_relation_id,
            pg_depend.refclassid as ref_class_id
        from pg_depend
        left join pg_rewrite
          on pg_depend.objid = pg_rewrite.oid
        where coalesce(pg_rewrite.ev_class, pg_depend.objid) != pg_depend.refobjid
    )

select distinct
    dep.schema_name as dependent_schema,
    dep.relation_name as dependent_name,
    ref.schema_name as referenced_schema,
    ref.relation_name as referenced_name
from dependency
join relation ref
    on dependency.ref_relation_id = ref.relation_id
join relation dep
    on dependency.dep_relation_id = dep.relation_id
[0m07:32:47.557733 [debug] [MainThread]: SQL status: SUCCESS in 0.080 seconds
[0m07:32:47.560064 [debug] [MainThread]: Sending event: {'category': 'dbt', 'action': 'runnable_timing', 'label': 'f200fea6-afa1-43e6-bd7e-fab2ab879e87', 'context': [<snowplow_tracker.self_describing_json.SelfDescribingJson object at 0x7fa6908bfac0>]}
[0m07:32:47.560836 [debug] [MainThread]: On master: ROLLBACK
[0m07:32:47.577135 [debug] [MainThread]: Using redshift connection "master"
[0m07:32:47.577829 [debug] [MainThread]: On master: BEGIN
[0m07:32:47.584026 [debug] [MainThread]: SQL status: SUCCESS in 0.005 seconds
[0m07:32:47.584762 [debug] [MainThread]: On master: COMMIT
[0m07:32:47.585477 [debug] [MainThread]: Using redshift connection "master"
[0m07:32:47.586056 [debug] [MainThread]: On master: COMMIT
[0m07:32:47.591417 [debug] [MainThread]: SQL status: SUCCESS in 0.005 seconds
[0m07:32:47.592060 [debug] [MainThread]: On master: Close
[0m07:32:47.596186 [debug] [Thread-1 (]: Began running node model.nyc_taxi_dbt.yellow_trip_data
[0m07:32:47.597131 [info ] [Thread-1 (]: 1 of 3 START sql view model public.yellow_trip_data ............................ [RUN]
[0m07:32:47.598039 [debug] [Thread-1 (]: Re-using an available connection from the pool (formerly list_dev_public, now model.nyc_taxi_dbt.yellow_trip_data)
[0m07:32:47.598644 [debug] [Thread-1 (]: Began compiling node model.nyc_taxi_dbt.yellow_trip_data
[0m07:32:47.604110 [debug] [Thread-1 (]: Writing injected SQL for node "model.nyc_taxi_dbt.yellow_trip_data"
[0m07:32:47.605317 [debug] [Thread-1 (]: Began executing node model.nyc_taxi_dbt.yellow_trip_data
[0m07:32:47.664537 [debug] [Thread-1 (]: Writing runtime sql for node "model.nyc_taxi_dbt.yellow_trip_data"
[0m07:32:47.666481 [debug] [Thread-1 (]: Using redshift connection "model.nyc_taxi_dbt.yellow_trip_data"
[0m07:32:47.667194 [debug] [Thread-1 (]: On model.nyc_taxi_dbt.yellow_trip_data: BEGIN
[0m07:32:47.667805 [debug] [Thread-1 (]: Opening a new connection, currently in state closed
[0m07:32:47.668432 [debug] [Thread-1 (]: Redshift adapter: Connecting to Redshift with 'database' credentials method
[0m07:32:47.669214 [debug] [Thread-1 (]: Redshift adapter: Establishing connection using ssl with `sslmode` set to 'require'.To connect without ssl, set `sslmode` to 'disable'.
[0m07:32:47.751897 [debug] [Thread-1 (]: SQL status: SUCCESS in 0.084 seconds
[0m07:32:47.753211 [debug] [Thread-1 (]: Using redshift connection "model.nyc_taxi_dbt.yellow_trip_data"
[0m07:32:47.754302 [debug] [Thread-1 (]: On model.nyc_taxi_dbt.yellow_trip_data: /* {"app": "dbt", "dbt_version": "1.11.2", "profile_name": "dbt_poc", "target_name": "dev", "node_id": "model.nyc_taxi_dbt.yellow_trip_data"} */


  create view "dev"."public"."yellow_trip_data__dbt_tmp" as (
    SELECT * 
FROM "dev"."public"."yellow_taxi_trips_2025_10"
  ) ;
[0m07:32:47.773588 [debug] [Thread-1 (]: SQL status: SUCCESS in 0.018 seconds
[0m07:32:47.801790 [debug] [Thread-1 (]: Using redshift connection "model.nyc_taxi_dbt.yellow_trip_data"
[0m07:32:47.813411 [debug] [Thread-1 (]: On model.nyc_taxi_dbt.yellow_trip_data: /* {"app": "dbt", "dbt_version": "1.11.2", "profile_name": "dbt_poc", "target_name": "dev", "node_id": "model.nyc_taxi_dbt.yellow_trip_data"} */
alter table "dev"."public"."yellow_trip_data" rename to "yellow_trip_data__dbt_backup"
[0m07:32:47.822699 [debug] [Thread-1 (]: SQL status: SUCCESS in 0.008 seconds
[0m07:32:47.834127 [debug] [Thread-1 (]: Using redshift connection "model.nyc_taxi_dbt.yellow_trip_data"
[0m07:32:47.843416 [debug] [Thread-1 (]: On model.nyc_taxi_dbt.yellow_trip_data: /* {"app": "dbt", "dbt_version": "1.11.2", "profile_name": "dbt_poc", "target_name": "dev", "node_id": "model.nyc_taxi_dbt.yellow_trip_data"} */
alter table "dev"."public"."yellow_trip_data__dbt_tmp" rename to "yellow_trip_data"
[0m07:32:47.851921 [debug] [Thread-1 (]: SQL status: SUCCESS in 0.007 seconds
[0m07:32:47.908863 [debug] [Thread-1 (]: On model.nyc_taxi_dbt.yellow_trip_data: COMMIT
[0m07:32:47.910200 [debug] [Thread-1 (]: Using redshift connection "model.nyc_taxi_dbt.yellow_trip_data"
[0m07:32:47.911125 [debug] [Thread-1 (]: On model.nyc_taxi_dbt.yellow_trip_data: COMMIT
[0m07:32:49.578054 [debug] [Thread-1 (]: SQL status: SUCCESS in 1.666 seconds
[0m07:32:49.579144 [debug] [Thread-1 (]: Using redshift connection "model.nyc_taxi_dbt.yellow_trip_data"
[0m07:32:49.579737 [debug] [Thread-1 (]: On model.nyc_taxi_dbt.yellow_trip_data: BEGIN
[0m07:32:49.585507 [debug] [Thread-1 (]: SQL status: SUCCESS in 0.005 seconds
[0m07:32:49.595239 [debug] [Thread-1 (]: Applying DROP to: "dev"."public"."yellow_trip_data__dbt_backup"
[0m07:32:49.601797 [debug] [Thread-1 (]: Using redshift connection "model.nyc_taxi_dbt.yellow_trip_data"
[0m07:32:49.602524 [debug] [Thread-1 (]: On model.nyc_taxi_dbt.yellow_trip_data: /* {"app": "dbt", "dbt_version": "1.11.2", "profile_name": "dbt_poc", "target_name": "dev", "node_id": "model.nyc_taxi_dbt.yellow_trip_data"} */
drop view if exists "dev"."public"."yellow_trip_data__dbt_backup" cascade
[0m07:32:49.617882 [debug] [Thread-1 (]: SQL status: SUCCESS in 0.015 seconds
[0m07:32:49.620275 [debug] [Thread-1 (]: On model.nyc_taxi_dbt.yellow_trip_data: COMMIT
[0m07:32:49.621878 [debug] [Thread-1 (]: Using redshift connection "model.nyc_taxi_dbt.yellow_trip_data"
[0m07:32:49.622526 [debug] [Thread-1 (]: On model.nyc_taxi_dbt.yellow_trip_data: COMMIT
[0m07:32:50.460628 [debug] [Thread-1 (]: SQL status: SUCCESS in 0.837 seconds
[0m07:32:50.461759 [debug] [Thread-1 (]: Using redshift connection "model.nyc_taxi_dbt.yellow_trip_data"
[0m07:32:50.462534 [debug] [Thread-1 (]: On model.nyc_taxi_dbt.yellow_trip_data: BEGIN
[0m07:32:50.468376 [debug] [Thread-1 (]: SQL status: SUCCESS in 0.005 seconds
[0m07:32:50.471619 [debug] [Thread-1 (]: On model.nyc_taxi_dbt.yellow_trip_data: ROLLBACK
[0m07:32:50.482751 [debug] [Thread-1 (]: On model.nyc_taxi_dbt.yellow_trip_data: Close
[0m07:32:50.485816 [debug] [Thread-1 (]: Sending event: {'category': 'dbt', 'action': 'run_model', 'label': 'f200fea6-afa1-43e6-bd7e-fab2ab879e87', 'context': [<snowplow_tracker.self_describing_json.SelfDescribingJson object at 0x7fa68b73fa90>]}
[0m07:32:50.487207 [info ] [Thread-1 (]: 1 of 3 OK created sql view model public.yellow_trip_data ....................... [[32mSUCCESS[0m in 2.89s]
[0m07:32:50.488471 [debug] [Thread-1 (]: Finished running node model.nyc_taxi_dbt.yellow_trip_data
[0m07:32:50.489722 [debug] [Thread-3 (]: Began running node model.nyc_taxi_dbt.taxi_agg
[0m07:32:50.490618 [info ] [Thread-3 (]: 2 of 3 START sql table model public.taxi_agg_2025_10 ........................... [RUN]
[0m07:32:50.491557 [debug] [Thread-3 (]: Acquiring new redshift connection 'model.nyc_taxi_dbt.taxi_agg'
[0m07:32:50.492170 [debug] [Thread-3 (]: Began compiling node model.nyc_taxi_dbt.taxi_agg
[0m07:32:50.499569 [debug] [Thread-3 (]: Writing injected SQL for node "model.nyc_taxi_dbt.taxi_agg"
[0m07:32:50.500618 [debug] [Thread-3 (]: Began executing node model.nyc_taxi_dbt.taxi_agg
[0m07:32:50.566293 [debug] [Thread-3 (]: Writing runtime sql for node "model.nyc_taxi_dbt.taxi_agg"
[0m07:32:50.568906 [debug] [Thread-3 (]: Using redshift connection "model.nyc_taxi_dbt.taxi_agg"
[0m07:32:50.569650 [debug] [Thread-3 (]: On model.nyc_taxi_dbt.taxi_agg: BEGIN
[0m07:32:50.570315 [debug] [Thread-3 (]: Opening a new connection, currently in state init
[0m07:32:50.570932 [debug] [Thread-3 (]: Redshift adapter: Connecting to Redshift with 'database' credentials method
[0m07:32:50.571692 [debug] [Thread-3 (]: Redshift adapter: Establishing connection using ssl with `sslmode` set to 'require'.To connect without ssl, set `sslmode` to 'disable'.
[0m07:32:50.651783 [debug] [Thread-3 (]: SQL status: SUCCESS in 0.081 seconds
[0m07:32:50.652566 [debug] [Thread-3 (]: Using redshift connection "model.nyc_taxi_dbt.taxi_agg"
[0m07:32:50.653188 [debug] [Thread-3 (]: On model.nyc_taxi_dbt.taxi_agg: /* {"app": "dbt", "dbt_version": "1.11.2", "profile_name": "dbt_poc", "target_name": "dev", "node_id": "model.nyc_taxi_dbt.taxi_agg"} */

  
    

  create  table
    "dev"."public"."taxi_agg_2025_10__dbt_tmp"
    
    
    
  as (
    

SELECT
    Run_Date_Short, 
    sum(total_amount) AS total_amount,
    CAST(count(trip_id) AS DOUBLE PRECISION) AS row_count
FROM "dev"."public"."yellow_trip_data"
GROUP BY
    Run_Date_Short
  );
[0m07:33:20.256383 [debug] [Thread-3 (]: SQL status: SUCCESS in 29.603 seconds
[0m07:33:20.262687 [debug] [Thread-3 (]: Using redshift connection "model.nyc_taxi_dbt.taxi_agg"
[0m07:33:20.263760 [debug] [Thread-3 (]: On model.nyc_taxi_dbt.taxi_agg: /* {"app": "dbt", "dbt_version": "1.11.2", "profile_name": "dbt_poc", "target_name": "dev", "node_id": "model.nyc_taxi_dbt.taxi_agg"} */
alter table "dev"."public"."taxi_agg_2025_10" rename to "taxi_agg_2025_10__dbt_backup"
[0m07:33:20.282100 [debug] [Thread-3 (]: SQL status: SUCCESS in 0.018 seconds
[0m07:33:20.288135 [debug] [Thread-3 (]: Using redshift connection "model.nyc_taxi_dbt.taxi_agg"
[0m07:33:20.288801 [debug] [Thread-3 (]: On model.nyc_taxi_dbt.taxi_agg: /* {"app": "dbt", "dbt_version": "1.11.2", "profile_name": "dbt_poc", "target_name": "dev", "node_id": "model.nyc_taxi_dbt.taxi_agg"} */
alter table "dev"."public"."taxi_agg_2025_10__dbt_tmp" rename to "taxi_agg_2025_10"
[0m07:33:20.296268 [debug] [Thread-3 (]: SQL status: SUCCESS in 0.007 seconds
[0m07:33:20.304076 [debug] [Thread-3 (]: On model.nyc_taxi_dbt.taxi_agg: COMMIT
[0m07:33:20.304894 [debug] [Thread-3 (]: Using redshift connection "model.nyc_taxi_dbt.taxi_agg"
[0m07:33:20.305444 [debug] [Thread-3 (]: On model.nyc_taxi_dbt.taxi_agg: COMMIT
[0m07:33:22.522016 [debug] [Thread-3 (]: SQL status: SUCCESS in 2.216 seconds
[0m07:33:22.523396 [debug] [Thread-3 (]: Using redshift connection "model.nyc_taxi_dbt.taxi_agg"
[0m07:33:22.524040 [debug] [Thread-3 (]: On model.nyc_taxi_dbt.taxi_agg: BEGIN
[0m07:33:22.530364 [debug] [Thread-3 (]: SQL status: SUCCESS in 0.006 seconds
[0m07:33:22.536538 [debug] [Thread-3 (]: Applying DROP to: "dev"."public"."taxi_agg_2025_10__dbt_backup"
[0m07:33:22.541478 [debug] [Thread-3 (]: Using redshift connection "model.nyc_taxi_dbt.taxi_agg"
[0m07:33:22.542282 [debug] [Thread-3 (]: On model.nyc_taxi_dbt.taxi_agg: /* {"app": "dbt", "dbt_version": "1.11.2", "profile_name": "dbt_poc", "target_name": "dev", "node_id": "model.nyc_taxi_dbt.taxi_agg"} */
drop table if exists "dev"."public"."taxi_agg_2025_10__dbt_backup" cascade
[0m07:33:22.555198 [debug] [Thread-3 (]: SQL status: SUCCESS in 0.012 seconds
[0m07:33:22.556965 [debug] [Thread-3 (]: On model.nyc_taxi_dbt.taxi_agg: COMMIT
[0m07:33:22.557917 [debug] [Thread-3 (]: Using redshift connection "model.nyc_taxi_dbt.taxi_agg"
[0m07:33:22.558520 [debug] [Thread-3 (]: On model.nyc_taxi_dbt.taxi_agg: COMMIT
[0m07:33:23.962324 [debug] [Thread-3 (]: SQL status: SUCCESS in 1.403 seconds
[0m07:33:23.963379 [debug] [Thread-3 (]: Using redshift connection "model.nyc_taxi_dbt.taxi_agg"
[0m07:33:23.964000 [debug] [Thread-3 (]: On model.nyc_taxi_dbt.taxi_agg: BEGIN
[0m07:33:23.970046 [debug] [Thread-3 (]: SQL status: SUCCESS in 0.005 seconds
[0m07:33:23.971491 [debug] [Thread-3 (]: On model.nyc_taxi_dbt.taxi_agg: ROLLBACK
[0m07:33:23.982750 [debug] [Thread-3 (]: On model.nyc_taxi_dbt.taxi_agg: Close
[0m07:33:23.984580 [debug] [Thread-3 (]: Sending event: {'category': 'dbt', 'action': 'run_model', 'label': 'f200fea6-afa1-43e6-bd7e-fab2ab879e87', 'context': [<snowplow_tracker.self_describing_json.SelfDescribingJson object at 0x7fa68b7d95a0>]}
[0m07:33:23.985734 [info ] [Thread-3 (]: 2 of 3 OK created sql table model public.taxi_agg_2025_10 ...................... [[32mSUCCESS[0m in 33.49s]
[0m07:33:23.986839 [debug] [Thread-3 (]: Finished running node model.nyc_taxi_dbt.taxi_agg
[0m07:33:23.988086 [debug] [Thread-2 (]: Began running node model.nyc_taxi_dbt.dq_stats
[0m07:33:23.988907 [info ] [Thread-2 (]: 3 of 3 START sql table model public.dq_2025_10 ................................. [RUN]
[0m07:33:23.989941 [debug] [Thread-2 (]: Acquiring new redshift connection 'model.nyc_taxi_dbt.dq_stats'
[0m07:33:23.990554 [debug] [Thread-2 (]: Began compiling node model.nyc_taxi_dbt.dq_stats
[0m07:33:23.996845 [debug] [Thread-2 (]: Writing injected SQL for node "model.nyc_taxi_dbt.dq_stats"
[0m07:33:23.997929 [debug] [Thread-2 (]: Began executing node model.nyc_taxi_dbt.dq_stats
[0m07:33:24.005042 [debug] [Thread-2 (]: Writing runtime sql for node "model.nyc_taxi_dbt.dq_stats"
[0m07:33:24.007503 [debug] [Thread-2 (]: Using redshift connection "model.nyc_taxi_dbt.dq_stats"
[0m07:33:24.008227 [debug] [Thread-2 (]: On model.nyc_taxi_dbt.dq_stats: BEGIN
[0m07:33:24.008822 [debug] [Thread-2 (]: Opening a new connection, currently in state init
[0m07:33:24.009438 [debug] [Thread-2 (]: Redshift adapter: Connecting to Redshift with 'database' credentials method
[0m07:33:24.010231 [debug] [Thread-2 (]: Redshift adapter: Establishing connection using ssl with `sslmode` set to 'require'.To connect without ssl, set `sslmode` to 'disable'.
[0m07:33:24.092006 [debug] [Thread-2 (]: SQL status: SUCCESS in 0.083 seconds
[0m07:33:24.093186 [debug] [Thread-2 (]: Using redshift connection "model.nyc_taxi_dbt.dq_stats"
[0m07:33:24.094049 [debug] [Thread-2 (]: On model.nyc_taxi_dbt.dq_stats: /* {"app": "dbt", "dbt_version": "1.11.2", "profile_name": "dbt_poc", "target_name": "dev", "node_id": "model.nyc_taxi_dbt.dq_stats"} */

  
    

  create  table
    "dev"."public"."dq_2025_10__dbt_tmp"
    
    
    
  as (
    

SELECT
    Run_Date_Short,
    metric_name,
    metric_value
FROM "dev"."public"."taxi_agg_2025_10"
UNPIVOT (
    metric_value FOR metric_name IN (total_amount, row_count)
)
  );
[0m07:33:27.096009 [debug] [Thread-2 (]: SQL status: SUCCESS in 3.001 seconds
[0m07:33:27.101968 [debug] [Thread-2 (]: Using redshift connection "model.nyc_taxi_dbt.dq_stats"
[0m07:33:27.102637 [debug] [Thread-2 (]: On model.nyc_taxi_dbt.dq_stats: /* {"app": "dbt", "dbt_version": "1.11.2", "profile_name": "dbt_poc", "target_name": "dev", "node_id": "model.nyc_taxi_dbt.dq_stats"} */
alter table "dev"."public"."dq_2025_10" rename to "dq_2025_10__dbt_backup"
[0m07:33:27.115221 [debug] [Thread-2 (]: SQL status: SUCCESS in 0.012 seconds
[0m07:33:27.120989 [debug] [Thread-2 (]: Using redshift connection "model.nyc_taxi_dbt.dq_stats"
[0m07:33:27.121632 [debug] [Thread-2 (]: On model.nyc_taxi_dbt.dq_stats: /* {"app": "dbt", "dbt_version": "1.11.2", "profile_name": "dbt_poc", "target_name": "dev", "node_id": "model.nyc_taxi_dbt.dq_stats"} */
alter table "dev"."public"."dq_2025_10__dbt_tmp" rename to "dq_2025_10"
[0m07:33:27.129385 [debug] [Thread-2 (]: SQL status: SUCCESS in 0.007 seconds
[0m07:33:27.132702 [debug] [Thread-2 (]: On model.nyc_taxi_dbt.dq_stats: COMMIT
[0m07:33:27.133657 [debug] [Thread-2 (]: Using redshift connection "model.nyc_taxi_dbt.dq_stats"
[0m07:33:27.134340 [debug] [Thread-2 (]: On model.nyc_taxi_dbt.dq_stats: COMMIT
[0m07:33:29.781811 [debug] [Thread-2 (]: SQL status: SUCCESS in 2.647 seconds
[0m07:33:29.783011 [debug] [Thread-2 (]: Using redshift connection "model.nyc_taxi_dbt.dq_stats"
[0m07:33:29.783597 [debug] [Thread-2 (]: On model.nyc_taxi_dbt.dq_stats: BEGIN
[0m07:33:29.789371 [debug] [Thread-2 (]: SQL status: SUCCESS in 0.005 seconds
[0m07:33:29.795156 [debug] [Thread-2 (]: Applying DROP to: "dev"."public"."dq_2025_10__dbt_backup"
[0m07:33:29.796991 [debug] [Thread-2 (]: Using redshift connection "model.nyc_taxi_dbt.dq_stats"
[0m07:33:29.797600 [debug] [Thread-2 (]: On model.nyc_taxi_dbt.dq_stats: /* {"app": "dbt", "dbt_version": "1.11.2", "profile_name": "dbt_poc", "target_name": "dev", "node_id": "model.nyc_taxi_dbt.dq_stats"} */
drop table if exists "dev"."public"."dq_2025_10__dbt_backup" cascade
[0m07:33:35.250305 [debug] [Thread-2 (]: SQL status: SUCCESS in 5.452 seconds
[0m07:33:35.251878 [debug] [Thread-2 (]: On model.nyc_taxi_dbt.dq_stats: COMMIT
[0m07:33:35.252931 [debug] [Thread-2 (]: Using redshift connection "model.nyc_taxi_dbt.dq_stats"
[0m07:33:35.253683 [debug] [Thread-2 (]: On model.nyc_taxi_dbt.dq_stats: COMMIT
[0m07:33:37.739742 [debug] [Thread-2 (]: SQL status: SUCCESS in 2.485 seconds
[0m07:33:37.741146 [debug] [Thread-2 (]: Using redshift connection "model.nyc_taxi_dbt.dq_stats"
[0m07:33:37.742195 [debug] [Thread-2 (]: On model.nyc_taxi_dbt.dq_stats: BEGIN
[0m07:33:37.748993 [debug] [Thread-2 (]: SQL status: SUCCESS in 0.005 seconds
[0m07:33:37.751142 [debug] [Thread-2 (]: On model.nyc_taxi_dbt.dq_stats: ROLLBACK
[0m07:33:37.763032 [debug] [Thread-2 (]: On model.nyc_taxi_dbt.dq_stats: Close
[0m07:33:37.764329 [debug] [Thread-2 (]: Sending event: {'category': 'dbt', 'action': 'run_model', 'label': 'f200fea6-afa1-43e6-bd7e-fab2ab879e87', 'context': [<snowplow_tracker.self_describing_json.SelfDescribingJson object at 0x7fa6884d19f0>]}
[0m07:33:37.765356 [info ] [Thread-2 (]: 3 of 3 OK created sql table model public.dq_2025_10 ............................ [[32mSUCCESS[0m in 13.77s]
[0m07:33:37.766271 [debug] [Thread-2 (]: Finished running node model.nyc_taxi_dbt.dq_stats
[0m07:33:37.768095 [debug] [MainThread]: Using redshift connection "master"
[0m07:33:37.768607 [debug] [MainThread]: On master: BEGIN
[0m07:33:37.769065 [debug] [MainThread]: Opening a new connection, currently in state closed
[0m07:33:37.769567 [debug] [MainThread]: Redshift adapter: Connecting to Redshift with 'database' credentials method
[0m07:33:37.770265 [debug] [MainThread]: Redshift adapter: Establishing connection using ssl with `sslmode` set to 'require'.To connect without ssl, set `sslmode` to 'disable'.
[0m07:33:37.844194 [debug] [MainThread]: SQL status: SUCCESS in 0.075 seconds
[0m07:33:37.844997 [debug] [MainThread]: On master: COMMIT
[0m07:33:37.845732 [debug] [MainThread]: Using redshift connection "master"
[0m07:33:37.846288 [debug] [MainThread]: On master: COMMIT
[0m07:33:37.851401 [debug] [MainThread]: SQL status: SUCCESS in 0.005 seconds
[0m07:33:37.852010 [debug] [MainThread]: On master: Close
[0m07:33:37.852874 [debug] [MainThread]: Connection 'master' was properly closed.
[0m07:33:37.853367 [debug] [MainThread]: Connection 'model.nyc_taxi_dbt.yellow_trip_data' was properly closed.
[0m07:33:37.853793 [debug] [MainThread]: Connection 'model.nyc_taxi_dbt.taxi_agg' was properly closed.
[0m07:33:37.854479 [debug] [MainThread]: Connection 'model.nyc_taxi_dbt.dq_stats' was properly closed.
[0m07:33:37.855240 [info ] [MainThread]: 
[0m07:33:37.855892 [info ] [MainThread]: Finished running 2 table models, 1 view model in 0 hours 1 minutes and 0.42 seconds (60.42s).
[0m07:33:37.857310 [debug] [MainThread]: Command end result
[0m07:33:37.895622 [debug] [MainThread]: Wrote artifact WritableManifest to ./target/manifest.json
[0m07:33:37.898579 [debug] [MainThread]: Wrote artifact SemanticManifest to ./target/semantic_manifest.json
[0m07:33:37.907718 [debug] [MainThread]: Wrote artifact RunExecutionResult to ./target/run_results.json
[0m07:33:37.908347 [info ] [MainThread]: 
[0m07:33:37.909053 [info ] [MainThread]: [32mCompleted successfully[0m
[0m07:33:37.909630 [info ] [MainThread]: 
[0m07:33:37.910252 [info ] [MainThread]: Done. PASS=3 WARN=0 ERROR=0 SKIP=0 NO-OP=0 TOTAL=3
[0m07:33:37.911512 [debug] [MainThread]: Resource report: {"command_name": "run", "command_success": true, "command_wall_clock_time": 64.0707, "process_in_blocks": "0", "process_kernel_time": 0.196675, "process_mem_max_rss": "140340", "process_out_blocks": "3416", "process_user_time": 6.310052}
[0m07:33:37.912196 [debug] [MainThread]: Command `dbt run` succeeded at 07:33:37.912051 after 64.07 seconds
[0m07:33:37.912760 [debug] [MainThread]: Sending event: {'category': 'dbt', 'action': 'invocation', 'label': 'end', 'context': [<snowplow_tracker.self_describing_json.SelfDescribingJson object at 0x7fa68ed38100>, <snowplow_tracker.self_describing_json.SelfDescribingJson object at 0x7fa690806e00>, <snowplow_tracker.self_describing_json.SelfDescribingJson object at 0x7fa68cbb6d70>]}
[0m07:33:37.913396 [debug] [MainThread]: Flushing usage events
[0m07:33:38.375250 [debug] [MainThread]: An error was encountered while trying to flush usage events
[0m07:33:41.617380 [debug] [MainThread]: Sending event: {'category': 'dbt', 'action': 'invocation', 'label': 'start', 'context': [<snowplow_tracker.self_describing_json.SelfDescribingJson object at 0x7f03f59200d0>, <snowplow_tracker.self_describing_json.SelfDescribingJson object at 0x7f03f46cfeb0>, <snowplow_tracker.self_describing_json.SelfDescribingJson object at 0x7f03f46cfe50>]}


============================== 07:33:41.621339 | 08c47fd2-ea78-4b03-8d6d-40065366b7b6 ==============================
[0m07:33:41.621339 [info ] [MainThread]: Running with dbt=1.11.2
[0m07:33:41.622290 [debug] [MainThread]: running dbt with arguments {'no_print': 'None', 'log_path': 'logs', 'use_colors': 'True', 'printer_width': '80', 'warn_error': 'None', 'profiles_dir': '.', 'debug': 'False', 'introspect': 'True', 'partial_parse': 'True', 'write_json': 'True', 'fail_fast': 'False', 'cache_selected_only': 'False', 'indirect_selection': 'eager', 'version_check': 'True', 'use_experimental_parser': 'False', 'empty': 'None', 'invocation_command': 'dbt test --profiles-dir . --project-dir .', 'log_cache_events': 'False', 'static_parser': 'True', 'target_path': 'None', 'warn_error_options': 'WarnErrorOptionsV2(error=[], warn=[], silence=[])', 'log_format': 'default', 'send_anonymous_usage_stats': 'True', 'quiet': 'False'}
[0m07:33:41.760713 [debug] [MainThread]: Redshift adapter: Setting redshift_connector to ERROR
[0m07:33:41.761791 [debug] [MainThread]: Redshift adapter: Setting redshift_connector.core to ERROR
[0m07:33:42.133120 [debug] [MainThread]: Sending event: {'category': 'dbt', 'action': 'project_id', 'label': '08c47fd2-ea78-4b03-8d6d-40065366b7b6', 'context': [<snowplow_tracker.self_describing_json.SelfDescribingJson object at 0x7f03f46cf670>]}
[0m07:33:42.234908 [debug] [MainThread]: Sending event: {'category': 'dbt', 'action': 'adapter_info', 'label': '08c47fd2-ea78-4b03-8d6d-40065366b7b6', 'context': [<snowplow_tracker.self_describing_json.SelfDescribingJson object at 0x7f03f4aab880>]}
[0m07:33:42.236644 [info ] [MainThread]: Registered adapter: redshift=1.10.0
[0m07:33:42.371818 [debug] [MainThread]: checksum: 3d40d8bbe1bef07db1c24822f2dbfff8bc07f2a48ed4fe2658a40653aec0b54b, vars: {}, profile: , target: , version: 1.11.2
[0m07:33:42.561929 [debug] [MainThread]: Partial parsing enabled: 0 files deleted, 0 files added, 0 files changed.
[0m07:33:42.563161 [debug] [MainThread]: Nothing changed, skipping partial parsing.
[0m07:33:42.563951 [debug] [MainThread]: Partial parsing enabled, no changes found, skipping parsing
[0m07:33:42.750513 [debug] [MainThread]: Sending event: {'category': 'dbt', 'action': 'load_project', 'label': '08c47fd2-ea78-4b03-8d6d-40065366b7b6', 'context': [<snowplow_tracker.self_describing_json.SelfDescribingJson object at 0x7f03f2370fd0>]}
[0m07:33:43.129415 [debug] [MainThread]: Wrote artifact WritableManifest to ./target/manifest.json
[0m07:33:43.133149 [debug] [MainThread]: Wrote artifact SemanticManifest to ./target/semantic_manifest.json
[0m07:33:43.164007 [debug] [MainThread]: Sending event: {'category': 'dbt', 'action': 'resource_counts', 'label': '08c47fd2-ea78-4b03-8d6d-40065366b7b6', 'context': [<snowplow_tracker.self_describing_json.SelfDescribingJson object at 0x7f03f2371570>]}
[0m07:33:43.165660 [info ] [MainThread]: Found 3 models, 1 test, 2 sources, 538 macros
[0m07:33:43.166846 [debug] [MainThread]: Sending event: {'category': 'dbt', 'action': 'runnable_timing', 'label': '08c47fd2-ea78-4b03-8d6d-40065366b7b6', 'context': [<snowplow_tracker.self_describing_json.SelfDescribingJson object at 0x7f03f23738b0>]}
[0m07:33:43.170496 [info ] [MainThread]: 
[0m07:33:43.171871 [info ] [MainThread]: Concurrency: 4 threads (target='dev')
[0m07:33:43.173190 [info ] [MainThread]: 
[0m07:33:43.174596 [debug] [MainThread]: Acquiring new redshift connection 'master'
[0m07:33:43.186042 [debug] [ThreadPool]: Acquiring new redshift connection 'list_dev_public'
[0m07:33:43.233340 [debug] [ThreadPool]: Using redshift connection "list_dev_public"
[0m07:33:43.234476 [debug] [ThreadPool]: On list_dev_public: BEGIN
[0m07:33:43.235343 [debug] [ThreadPool]: Opening a new connection, currently in state init
[0m07:33:43.236255 [debug] [ThreadPool]: Redshift adapter: Connecting to Redshift with 'database' credentials method
[0m07:33:43.262995 [debug] [ThreadPool]: Redshift adapter: Establishing connection using ssl with `sslmode` set to 'require'.To connect without ssl, set `sslmode` to 'disable'.
[0m07:33:43.424670 [debug] [ThreadPool]: SQL status: SUCCESS in 0.189 seconds
[0m07:33:43.425739 [debug] [ThreadPool]: Using redshift connection "list_dev_public"
[0m07:33:43.426674 [debug] [ThreadPool]: On list_dev_public: /* {"app": "dbt", "dbt_version": "1.11.2", "profile_name": "dbt_poc", "target_name": "dev", "connection_name": "list_dev_public"} */
select
        table_catalog as database,
        table_name as name,
        table_schema as schema,
        'table' as type
    from information_schema.tables
    where table_schema ilike 'public'
    and table_type = 'BASE TABLE'
    union all
    select
      table_catalog as database,
      table_name as name,
      table_schema as schema,
      case
        when view_definition ilike '%create materialized view%'
          then 'materialized_view'
        else 'view'
      end as type
    from information_schema.views
    where table_schema ilike 'public'
[0m07:33:43.449952 [debug] [ThreadPool]: SQL status: SUCCESS in 0.022 seconds
[0m07:33:43.479956 [debug] [ThreadPool]: On list_dev_public: ROLLBACK
[0m07:33:43.497376 [debug] [ThreadPool]: On list_dev_public: Close
[0m07:33:43.519931 [debug] [MainThread]: Using redshift connection "master"
[0m07:33:43.533259 [debug] [MainThread]: On master: BEGIN
[0m07:33:43.534390 [debug] [MainThread]: Opening a new connection, currently in state init
[0m07:33:43.535359 [debug] [MainThread]: Redshift adapter: Connecting to Redshift with 'database' credentials method
[0m07:33:43.536476 [debug] [MainThread]: Redshift adapter: Establishing connection using ssl with `sslmode` set to 'require'.To connect without ssl, set `sslmode` to 'disable'.
[0m07:33:43.677650 [debug] [MainThread]: SQL status: SUCCESS in 0.143 seconds
[0m07:33:43.678718 [debug] [MainThread]: Using redshift connection "master"
[0m07:33:43.679649 [debug] [MainThread]: On master: /* {"app": "dbt", "dbt_version": "1.11.2", "profile_name": "dbt_poc", "target_name": "dev", "connection_name": "master"} */
with
    relation as (
        select
            pg_class.oid as relation_id,
            pg_class.relname as relation_name,
            pg_class.relnamespace as schema_id,
            pg_namespace.nspname as schema_name,
            pg_class.relkind as relation_type
        from pg_class
        join pg_namespace
          on pg_class.relnamespace = pg_namespace.oid
        where pg_namespace.nspname != 'information_schema'
          and pg_namespace.nspname not like 'pg\_%'
    ),
    dependency as (
        select distinct
            coalesce(pg_rewrite.ev_class, pg_depend.objid) as dep_relation_id,
            pg_depend.refobjid as ref_relation_id,
            pg_depend.refclassid as ref_class_id
        from pg_depend
        left join pg_rewrite
          on pg_depend.objid = pg_rewrite.oid
        where coalesce(pg_rewrite.ev_class, pg_depend.objid) != pg_depend.refobjid
    )

select distinct
    dep.schema_name as dependent_schema,
    dep.relation_name as dependent_name,
    ref.schema_name as referenced_schema,
    ref.relation_name as referenced_name
from dependency
join relation ref
    on dependency.ref_relation_id = ref.relation_id
join relation dep
    on dependency.dep_relation_id = dep.relation_id
[0m07:33:43.731424 [debug] [MainThread]: SQL status: SUCCESS in 0.051 seconds
[0m07:33:43.734270 [debug] [MainThread]: Sending event: {'category': 'dbt', 'action': 'runnable_timing', 'label': '08c47fd2-ea78-4b03-8d6d-40065366b7b6', 'context': [<snowplow_tracker.self_describing_json.SelfDescribingJson object at 0x7f03f65238e0>]}
[0m07:33:43.735449 [debug] [MainThread]: On master: ROLLBACK
[0m07:33:43.751423 [debug] [MainThread]: Using redshift connection "master"
[0m07:33:43.752493 [debug] [MainThread]: On master: BEGIN
[0m07:33:43.758596 [debug] [MainThread]: SQL status: SUCCESS in 0.005 seconds
[0m07:33:43.759464 [debug] [MainThread]: On master: COMMIT
[0m07:33:43.760375 [debug] [MainThread]: Using redshift connection "master"
[0m07:33:43.761032 [debug] [MainThread]: On master: COMMIT
[0m07:33:43.766291 [debug] [MainThread]: SQL status: SUCCESS in 0.005 seconds
[0m07:33:43.767222 [debug] [MainThread]: On master: Close
[0m07:33:43.814481 [debug] [Thread-1 (]: Began running node test.nyc_taxi_dbt.assert_summary
[0m07:33:43.815684 [info ] [Thread-1 (]: 1 of 1 START test assert_summary ............................................... [RUN]
[0m07:33:43.817626 [debug] [Thread-1 (]: Re-using an available connection from the pool (formerly list_dev_public, now test.nyc_taxi_dbt.assert_summary)
[0m07:33:43.818660 [debug] [Thread-1 (]: Began compiling node test.nyc_taxi_dbt.assert_summary
[0m07:33:43.836408 [debug] [Thread-1 (]: Writing injected SQL for node "test.nyc_taxi_dbt.assert_summary"
[0m07:33:43.838865 [debug] [Thread-1 (]: Began executing node test.nyc_taxi_dbt.assert_summary
[0m07:33:43.946788 [debug] [Thread-1 (]: Writing runtime sql for node "test.nyc_taxi_dbt.assert_summary"
[0m07:33:43.952424 [debug] [Thread-1 (]: Using redshift connection "test.nyc_taxi_dbt.assert_summary"
[0m07:33:43.963893 [debug] [Thread-1 (]: On test.nyc_taxi_dbt.assert_summary: BEGIN
[0m07:33:43.965621 [debug] [Thread-1 (]: Opening a new connection, currently in state closed
[0m07:33:43.967034 [debug] [Thread-1 (]: Redshift adapter: Connecting to Redshift with 'database' credentials method
[0m07:33:43.968414 [debug] [Thread-1 (]: Redshift adapter: Establishing connection using ssl with `sslmode` set to 'require'.To connect without ssl, set `sslmode` to 'disable'.
[0m07:33:44.108398 [debug] [Thread-1 (]: SQL status: SUCCESS in 0.143 seconds
[0m07:33:44.109588 [debug] [Thread-1 (]: Using redshift connection "test.nyc_taxi_dbt.assert_summary"
[0m07:33:44.110628 [debug] [Thread-1 (]: On test.nyc_taxi_dbt.assert_summary: /* {"app": "dbt", "dbt_version": "1.11.2", "profile_name": "dbt_poc", "target_name": "dev", "node_id": "test.nyc_taxi_dbt.assert_summary"} */

    select
      count(*) as failures,
      count(*) != 0 as should_warn,
      count(*) != 0 as should_error
    from (
      
    
  SELECT * 
FROM "dev"."public"."dq_2025_10" as a
LEFT JOIN "dev"."public"."yellow_taxi_trips_2025_10_stats" as b
    USING (Run_Date_Short, metric_name)
WHERE ROUND(a.metric_value, 4) != ROUND(b.metric_value, 4)
  
  
      
    ) dbt_internal_test
[0m07:33:51.253327 [debug] [Thread-1 (]: SQL status: SUCCESS in 7.142 seconds
[0m07:33:51.259750 [debug] [Thread-1 (]: On test.nyc_taxi_dbt.assert_summary: ROLLBACK
[0m07:33:51.273155 [debug] [Thread-1 (]: On test.nyc_taxi_dbt.assert_summary: Close
[0m07:33:51.274600 [info ] [Thread-1 (]: 1 of 1 PASS assert_summary ..................................................... [[32mPASS[0m in 7.46s]
[0m07:33:51.275546 [debug] [Thread-1 (]: Finished running node test.nyc_taxi_dbt.assert_summary
[0m07:33:51.277384 [debug] [MainThread]: Using redshift connection "master"
[0m07:33:51.277986 [debug] [MainThread]: On master: BEGIN
[0m07:33:51.278467 [debug] [MainThread]: Opening a new connection, currently in state closed
[0m07:33:51.279056 [debug] [MainThread]: Redshift adapter: Connecting to Redshift with 'database' credentials method
[0m07:33:51.279922 [debug] [MainThread]: Redshift adapter: Establishing connection using ssl with `sslmode` set to 'require'.To connect without ssl, set `sslmode` to 'disable'.
[0m07:33:51.353356 [debug] [MainThread]: SQL status: SUCCESS in 0.075 seconds
[0m07:33:51.354143 [debug] [MainThread]: On master: COMMIT
[0m07:33:51.354843 [debug] [MainThread]: Using redshift connection "master"
[0m07:33:51.355310 [debug] [MainThread]: On master: COMMIT
[0m07:33:51.360114 [debug] [MainThread]: SQL status: SUCCESS in 0.004 seconds
[0m07:33:51.360746 [debug] [MainThread]: On master: Close
[0m07:33:51.361606 [debug] [MainThread]: Connection 'master' was properly closed.
[0m07:33:51.362124 [debug] [MainThread]: Connection 'test.nyc_taxi_dbt.assert_summary' was properly closed.
[0m07:33:51.362597 [info ] [MainThread]: 
[0m07:33:51.363143 [info ] [MainThread]: Finished running 1 test in 0 hours 0 minutes and 8.19 seconds (8.19s).
[0m07:33:51.364104 [debug] [MainThread]: Command end result
[0m07:33:51.403351 [debug] [MainThread]: Wrote artifact WritableManifest to ./target/manifest.json
[0m07:33:51.405747 [debug] [MainThread]: Wrote artifact SemanticManifest to ./target/semantic_manifest.json
[0m07:33:51.420180 [debug] [MainThread]: Wrote artifact RunExecutionResult to ./target/run_results.json
[0m07:33:51.420855 [info ] [MainThread]: 
[0m07:33:51.421585 [info ] [MainThread]: [32mCompleted successfully[0m
[0m07:33:51.422239 [info ] [MainThread]: 
[0m07:33:51.422851 [info ] [MainThread]: Done. PASS=1 WARN=0 ERROR=0 SKIP=0 NO-OP=0 TOTAL=1
[0m07:33:51.424218 [debug] [MainThread]: Resource report: {"command_name": "test", "command_success": true, "command_wall_clock_time": 9.900826, "process_in_blocks": "0", "process_kernel_time": 0.220314, "process_mem_max_rss": "132036", "process_out_blocks": "2240", "process_user_time": 3.974223}
[0m07:33:51.424909 [debug] [MainThread]: Command `dbt test` succeeded at 07:33:51.424762 after 9.90 seconds
[0m07:33:51.425492 [debug] [MainThread]: Sending event: {'category': 'dbt', 'action': 'invocation', 'label': 'end', 'context': [<snowplow_tracker.self_describing_json.SelfDescribingJson object at 0x7f03f59200d0>, <snowplow_tracker.self_describing_json.SelfDescribingJson object at 0x7f03f46cf670>, <snowplow_tracker.self_describing_json.SelfDescribingJson object at 0x7f03f2708700>]}
[0m07:33:51.426154 [debug] [MainThread]: Flushing usage events
[0m07:33:51.883126 [debug] [MainThread]: An error was encountered while trying to flush usage events
[0m07:54:50.946443 [debug] [MainThread]: Sending event: {'category': 'dbt', 'action': 'invocation', 'label': 'start', 'context': [<snowplow_tracker.self_describing_json.SelfDescribingJson object at 0x7f6cdcef40a0>, <snowplow_tracker.self_describing_json.SelfDescribingJson object at 0x7f6cdbccbe80>, <snowplow_tracker.self_describing_json.SelfDescribingJson object at 0x7f6cdbccbe20>]}


============================== 07:54:50.953608 | 01549e27-e409-4de0-a31b-04b4cda57409 ==============================
[0m07:54:50.953608 [info ] [MainThread]: Running with dbt=1.11.2
[0m07:54:50.956851 [debug] [MainThread]: running dbt with arguments {'write_json': 'True', 'log_path': 'logs', 'warn_error': 'None', 'invocation_command': 'dbt run --profiles-dir . --project-dir .', 'send_anonymous_usage_stats': 'True', 'profiles_dir': '.', 'use_colors': 'True', 'indirect_selection': 'eager', 'debug': 'False', 'quiet': 'False', 'target_path': 'None', 'introspect': 'True', 'static_parser': 'True', 'use_experimental_parser': 'False', 'cache_selected_only': 'False', 'version_check': 'True', 'log_cache_events': 'False', 'log_format': 'default', 'partial_parse': 'True', 'printer_width': '80', 'warn_error_options': 'WarnErrorOptionsV2(error=[], warn=[], silence=[])', 'empty': 'False', 'fail_fast': 'False', 'no_print': 'None'}
[0m07:54:51.227011 [debug] [MainThread]: Redshift adapter: Setting redshift_connector to ERROR
[0m07:54:51.228142 [debug] [MainThread]: Redshift adapter: Setting redshift_connector.core to ERROR
[0m07:54:51.873907 [debug] [MainThread]: Sending event: {'category': 'dbt', 'action': 'project_id', 'label': '01549e27-e409-4de0-a31b-04b4cda57409', 'context': [<snowplow_tracker.self_describing_json.SelfDescribingJson object at 0x7f6cdbe46da0>]}
[0m07:54:52.129931 [debug] [MainThread]: Sending event: {'category': 'dbt', 'action': 'adapter_info', 'label': '01549e27-e409-4de0-a31b-04b4cda57409', 'context': [<snowplow_tracker.self_describing_json.SelfDescribingJson object at 0x7f6cdb63fc40>]}
[0m07:54:52.131805 [info ] [MainThread]: Registered adapter: redshift=1.10.0
[0m07:54:52.371985 [debug] [MainThread]: checksum: 3d40d8bbe1bef07db1c24822f2dbfff8bc07f2a48ed4fe2658a40653aec0b54b, vars: {}, profile: , target: , version: 1.11.2
[0m07:54:52.563673 [debug] [MainThread]: Partial parsing enabled: 0 files deleted, 0 files added, 0 files changed.
[0m07:54:52.564358 [debug] [MainThread]: Nothing changed, skipping partial parsing.
[0m07:54:52.564856 [debug] [MainThread]: Partial parsing enabled, no changes found, skipping parsing
[0m07:54:52.638865 [debug] [MainThread]: Sending event: {'category': 'dbt', 'action': 'load_project', 'label': '01549e27-e409-4de0-a31b-04b4cda57409', 'context': [<snowplow_tracker.self_describing_json.SelfDescribingJson object at 0x7f6cd9971600>]}
[0m07:54:52.789079 [debug] [MainThread]: Wrote artifact WritableManifest to ./target/manifest.json
[0m07:54:52.791749 [debug] [MainThread]: Wrote artifact SemanticManifest to ./target/semantic_manifest.json
[0m07:54:52.800786 [debug] [MainThread]: Sending event: {'category': 'dbt', 'action': 'resource_counts', 'label': '01549e27-e409-4de0-a31b-04b4cda57409', 'context': [<snowplow_tracker.self_describing_json.SelfDescribingJson object at 0x7f6cd9985090>]}
[0m07:54:52.801715 [info ] [MainThread]: Found 3 models, 1 test, 2 sources, 538 macros
[0m07:54:52.802417 [debug] [MainThread]: Sending event: {'category': 'dbt', 'action': 'runnable_timing', 'label': '01549e27-e409-4de0-a31b-04b4cda57409', 'context': [<snowplow_tracker.self_describing_json.SelfDescribingJson object at 0x7f6cd9984dc0>]}
[0m07:54:52.804782 [info ] [MainThread]: 
[0m07:54:52.805415 [info ] [MainThread]: Concurrency: 4 threads (target='dev')
[0m07:54:52.805980 [info ] [MainThread]: 
[0m07:54:52.806791 [debug] [MainThread]: Acquiring new redshift connection 'master'
[0m07:54:52.813377 [debug] [ThreadPool]: Acquiring new redshift connection 'list_dev'
[0m07:54:52.839420 [debug] [ThreadPool]: Using redshift connection "list_dev"
[0m07:54:52.840160 [debug] [ThreadPool]: On list_dev: /* {"app": "dbt", "dbt_version": "1.11.2", "profile_name": "dbt_poc", "target_name": "dev", "connection_name": "list_dev"} */

    select distinct nspname from pg_namespace
[0m07:54:52.840719 [debug] [ThreadPool]: Opening a new connection, currently in state init
[0m07:54:52.841292 [debug] [ThreadPool]: Redshift adapter: Connecting to Redshift with 'database' credentials method
[0m07:54:52.847278 [debug] [ThreadPool]: Redshift adapter: Establishing connection using ssl with `sslmode` set to 'require'.To connect without ssl, set `sslmode` to 'disable'.
[0m07:54:52.946231 [debug] [ThreadPool]: SQL status: SUCCESS in 0.105 seconds
[0m07:54:52.968081 [debug] [ThreadPool]: On list_dev: Close
[0m07:54:52.971455 [debug] [ThreadPool]: Acquiring new redshift connection 'list_dev_public'
[0m07:54:52.988697 [debug] [ThreadPool]: Using redshift connection "list_dev_public"
[0m07:54:52.989425 [debug] [ThreadPool]: On list_dev_public: BEGIN
[0m07:54:52.989990 [debug] [ThreadPool]: Opening a new connection, currently in state init
[0m07:54:52.990548 [debug] [ThreadPool]: Redshift adapter: Connecting to Redshift with 'database' credentials method
[0m07:54:52.991254 [debug] [ThreadPool]: Redshift adapter: Establishing connection using ssl with `sslmode` set to 'require'.To connect without ssl, set `sslmode` to 'disable'.
[0m07:55:02.414607 [debug] [ThreadPool]: SQL status: SUCCESS in 9.425 seconds
[0m07:55:02.415349 [debug] [ThreadPool]: Using redshift connection "list_dev_public"
[0m07:55:02.415892 [debug] [ThreadPool]: On list_dev_public: /* {"app": "dbt", "dbt_version": "1.11.2", "profile_name": "dbt_poc", "target_name": "dev", "connection_name": "list_dev_public"} */
select
        table_catalog as database,
        table_name as name,
        table_schema as schema,
        'table' as type
    from information_schema.tables
    where table_schema ilike 'public'
    and table_type = 'BASE TABLE'
    union all
    select
      table_catalog as database,
      table_name as name,
      table_schema as schema,
      case
        when view_definition ilike '%create materialized view%'
          then 'materialized_view'
        else 'view'
      end as type
    from information_schema.views
    where table_schema ilike 'public'
[0m07:55:02.495343 [debug] [ThreadPool]: SQL status: SUCCESS in 0.079 seconds
[0m07:55:02.497426 [debug] [ThreadPool]: On list_dev_public: ROLLBACK
[0m07:55:02.539761 [debug] [ThreadPool]: On list_dev_public: Close
[0m07:55:02.553728 [debug] [MainThread]: Using redshift connection "master"
[0m07:55:02.554453 [debug] [MainThread]: On master: BEGIN
[0m07:55:02.554937 [debug] [MainThread]: Opening a new connection, currently in state init
[0m07:55:02.555453 [debug] [MainThread]: Redshift adapter: Connecting to Redshift with 'database' credentials method
[0m07:55:02.556137 [debug] [MainThread]: Redshift adapter: Establishing connection using ssl with `sslmode` set to 'require'.To connect without ssl, set `sslmode` to 'disable'.
[0m07:55:02.643368 [debug] [MainThread]: SQL status: SUCCESS in 0.088 seconds
[0m07:55:02.644139 [debug] [MainThread]: Using redshift connection "master"
[0m07:55:02.644859 [debug] [MainThread]: On master: /* {"app": "dbt", "dbt_version": "1.11.2", "profile_name": "dbt_poc", "target_name": "dev", "connection_name": "master"} */
with
    relation as (
        select
            pg_class.oid as relation_id,
            pg_class.relname as relation_name,
            pg_class.relnamespace as schema_id,
            pg_namespace.nspname as schema_name,
            pg_class.relkind as relation_type
        from pg_class
        join pg_namespace
          on pg_class.relnamespace = pg_namespace.oid
        where pg_namespace.nspname != 'information_schema'
          and pg_namespace.nspname not like 'pg\_%'
    ),
    dependency as (
        select distinct
            coalesce(pg_rewrite.ev_class, pg_depend.objid) as dep_relation_id,
            pg_depend.refobjid as ref_relation_id,
            pg_depend.refclassid as ref_class_id
        from pg_depend
        left join pg_rewrite
          on pg_depend.objid = pg_rewrite.oid
        where coalesce(pg_rewrite.ev_class, pg_depend.objid) != pg_depend.refobjid
    )

select distinct
    dep.schema_name as dependent_schema,
    dep.relation_name as dependent_name,
    ref.schema_name as referenced_schema,
    ref.relation_name as referenced_name
from dependency
join relation ref
    on dependency.ref_relation_id = ref.relation_id
join relation dep
    on dependency.dep_relation_id = dep.relation_id
[0m07:55:02.707278 [debug] [MainThread]: SQL status: SUCCESS in 0.062 seconds
[0m07:55:02.709757 [debug] [MainThread]: Sending event: {'category': 'dbt', 'action': 'runnable_timing', 'label': '01549e27-e409-4de0-a31b-04b4cda57409', 'context': [<snowplow_tracker.self_describing_json.SelfDescribingJson object at 0x7f6cde9239d0>]}
[0m07:55:02.710631 [debug] [MainThread]: On master: ROLLBACK
[0m07:55:02.727187 [debug] [MainThread]: Using redshift connection "master"
[0m07:55:02.727907 [debug] [MainThread]: On master: BEGIN
[0m07:55:02.734588 [debug] [MainThread]: SQL status: SUCCESS in 0.006 seconds
[0m07:55:02.735249 [debug] [MainThread]: On master: COMMIT
[0m07:55:02.735893 [debug] [MainThread]: Using redshift connection "master"
[0m07:55:02.736361 [debug] [MainThread]: On master: COMMIT
[0m07:55:02.741920 [debug] [MainThread]: SQL status: SUCCESS in 0.005 seconds
[0m07:55:02.742592 [debug] [MainThread]: On master: Close
[0m07:55:02.746406 [debug] [Thread-1 (]: Began running node model.nyc_taxi_dbt.yellow_trip_data
[0m07:55:02.747348 [info ] [Thread-1 (]: 1 of 3 START sql view model public.yellow_trip_data ............................ [RUN]
[0m07:55:02.748109 [debug] [Thread-1 (]: Re-using an available connection from the pool (formerly list_dev_public, now model.nyc_taxi_dbt.yellow_trip_data)
[0m07:55:02.748696 [debug] [Thread-1 (]: Began compiling node model.nyc_taxi_dbt.yellow_trip_data
[0m07:55:02.753657 [debug] [Thread-1 (]: Writing injected SQL for node "model.nyc_taxi_dbt.yellow_trip_data"
[0m07:55:02.754602 [debug] [Thread-1 (]: Began executing node model.nyc_taxi_dbt.yellow_trip_data
[0m07:55:02.807417 [debug] [Thread-1 (]: Writing runtime sql for node "model.nyc_taxi_dbt.yellow_trip_data"
[0m07:55:02.809195 [debug] [Thread-1 (]: Using redshift connection "model.nyc_taxi_dbt.yellow_trip_data"
[0m07:55:02.809851 [debug] [Thread-1 (]: On model.nyc_taxi_dbt.yellow_trip_data: BEGIN
[0m07:55:02.810377 [debug] [Thread-1 (]: Opening a new connection, currently in state closed
[0m07:55:02.810941 [debug] [Thread-1 (]: Redshift adapter: Connecting to Redshift with 'database' credentials method
[0m07:55:02.811667 [debug] [Thread-1 (]: Redshift adapter: Establishing connection using ssl with `sslmode` set to 'require'.To connect without ssl, set `sslmode` to 'disable'.
[0m07:55:02.892309 [debug] [Thread-1 (]: SQL status: SUCCESS in 0.082 seconds
[0m07:55:02.893203 [debug] [Thread-1 (]: Using redshift connection "model.nyc_taxi_dbt.yellow_trip_data"
[0m07:55:02.893896 [debug] [Thread-1 (]: On model.nyc_taxi_dbt.yellow_trip_data: /* {"app": "dbt", "dbt_version": "1.11.2", "profile_name": "dbt_poc", "target_name": "dev", "node_id": "model.nyc_taxi_dbt.yellow_trip_data"} */


  create view "dev"."public"."yellow_trip_data__dbt_tmp" as (
    SELECT * 
FROM "dev"."public"."yellow_taxi_trips_2025_10"
  ) ;
[0m07:55:02.914285 [debug] [Thread-1 (]: SQL status: SUCCESS in 0.020 seconds
[0m07:55:02.925673 [debug] [Thread-1 (]: Using redshift connection "model.nyc_taxi_dbt.yellow_trip_data"
[0m07:55:02.926443 [debug] [Thread-1 (]: On model.nyc_taxi_dbt.yellow_trip_data: /* {"app": "dbt", "dbt_version": "1.11.2", "profile_name": "dbt_poc", "target_name": "dev", "node_id": "model.nyc_taxi_dbt.yellow_trip_data"} */
alter table "dev"."public"."yellow_trip_data" rename to "yellow_trip_data__dbt_backup"
[0m07:55:02.935529 [debug] [Thread-1 (]: SQL status: SUCCESS in 0.008 seconds
[0m07:55:02.941631 [debug] [Thread-1 (]: Using redshift connection "model.nyc_taxi_dbt.yellow_trip_data"
[0m07:55:02.942410 [debug] [Thread-1 (]: On model.nyc_taxi_dbt.yellow_trip_data: /* {"app": "dbt", "dbt_version": "1.11.2", "profile_name": "dbt_poc", "target_name": "dev", "node_id": "model.nyc_taxi_dbt.yellow_trip_data"} */
alter table "dev"."public"."yellow_trip_data__dbt_tmp" rename to "yellow_trip_data"
[0m07:55:02.950150 [debug] [Thread-1 (]: SQL status: SUCCESS in 0.007 seconds
[0m07:55:02.975042 [debug] [Thread-1 (]: On model.nyc_taxi_dbt.yellow_trip_data: COMMIT
[0m07:55:02.975968 [debug] [Thread-1 (]: Using redshift connection "model.nyc_taxi_dbt.yellow_trip_data"
[0m07:55:02.976553 [debug] [Thread-1 (]: On model.nyc_taxi_dbt.yellow_trip_data: COMMIT
[0m07:55:07.715951 [debug] [Thread-1 (]: SQL status: SUCCESS in 4.739 seconds
[0m07:55:07.717098 [debug] [Thread-1 (]: Using redshift connection "model.nyc_taxi_dbt.yellow_trip_data"
[0m07:55:07.717749 [debug] [Thread-1 (]: On model.nyc_taxi_dbt.yellow_trip_data: BEGIN
[0m07:55:07.723535 [debug] [Thread-1 (]: SQL status: SUCCESS in 0.005 seconds
[0m07:55:07.733214 [debug] [Thread-1 (]: Applying DROP to: "dev"."public"."yellow_trip_data__dbt_backup"
[0m07:55:07.741606 [debug] [Thread-1 (]: Using redshift connection "model.nyc_taxi_dbt.yellow_trip_data"
[0m07:55:07.742363 [debug] [Thread-1 (]: On model.nyc_taxi_dbt.yellow_trip_data: /* {"app": "dbt", "dbt_version": "1.11.2", "profile_name": "dbt_poc", "target_name": "dev", "node_id": "model.nyc_taxi_dbt.yellow_trip_data"} */
drop view if exists "dev"."public"."yellow_trip_data__dbt_backup" cascade
[0m07:55:07.772865 [debug] [Thread-1 (]: SQL status: SUCCESS in 0.030 seconds
[0m07:55:07.775521 [debug] [Thread-1 (]: On model.nyc_taxi_dbt.yellow_trip_data: COMMIT
[0m07:55:07.776881 [debug] [Thread-1 (]: Using redshift connection "model.nyc_taxi_dbt.yellow_trip_data"
[0m07:55:07.777922 [debug] [Thread-1 (]: On model.nyc_taxi_dbt.yellow_trip_data: COMMIT
[0m07:55:13.653550 [debug] [Thread-1 (]: SQL status: SUCCESS in 5.875 seconds
[0m07:55:13.654694 [debug] [Thread-1 (]: Using redshift connection "model.nyc_taxi_dbt.yellow_trip_data"
[0m07:55:13.655373 [debug] [Thread-1 (]: On model.nyc_taxi_dbt.yellow_trip_data: BEGIN
[0m07:55:13.661442 [debug] [Thread-1 (]: SQL status: SUCCESS in 0.005 seconds
[0m07:55:13.664553 [debug] [Thread-1 (]: On model.nyc_taxi_dbt.yellow_trip_data: ROLLBACK
[0m07:55:13.675993 [debug] [Thread-1 (]: On model.nyc_taxi_dbt.yellow_trip_data: Close
[0m07:55:13.678977 [debug] [Thread-1 (]: Sending event: {'category': 'dbt', 'action': 'run_model', 'label': '01549e27-e409-4de0-a31b-04b4cda57409', 'context': [<snowplow_tracker.self_describing_json.SelfDescribingJson object at 0x7f6cdb5b8100>]}
[0m07:55:13.680086 [info ] [Thread-1 (]: 1 of 3 OK created sql view model public.yellow_trip_data ....................... [[32mSUCCESS[0m in 10.93s]
[0m07:55:13.680975 [debug] [Thread-1 (]: Finished running node model.nyc_taxi_dbt.yellow_trip_data
[0m07:55:13.682256 [debug] [Thread-3 (]: Began running node model.nyc_taxi_dbt.taxi_agg
[0m07:55:13.683187 [info ] [Thread-3 (]: 2 of 3 START sql table model public.taxi_agg_2025_10 ........................... [RUN]
[0m07:55:13.684340 [debug] [Thread-3 (]: Acquiring new redshift connection 'model.nyc_taxi_dbt.taxi_agg'
[0m07:55:13.684940 [debug] [Thread-3 (]: Began compiling node model.nyc_taxi_dbt.taxi_agg
[0m07:55:13.691049 [debug] [Thread-3 (]: Writing injected SQL for node "model.nyc_taxi_dbt.taxi_agg"
[0m07:55:13.692069 [debug] [Thread-3 (]: Began executing node model.nyc_taxi_dbt.taxi_agg
[0m07:55:13.735541 [debug] [Thread-3 (]: Writing runtime sql for node "model.nyc_taxi_dbt.taxi_agg"
[0m07:55:13.738158 [debug] [Thread-3 (]: Using redshift connection "model.nyc_taxi_dbt.taxi_agg"
[0m07:55:13.738982 [debug] [Thread-3 (]: On model.nyc_taxi_dbt.taxi_agg: BEGIN
[0m07:55:13.739610 [debug] [Thread-3 (]: Opening a new connection, currently in state init
[0m07:55:13.740239 [debug] [Thread-3 (]: Redshift adapter: Connecting to Redshift with 'database' credentials method
[0m07:55:13.741022 [debug] [Thread-3 (]: Redshift adapter: Establishing connection using ssl with `sslmode` set to 'require'.To connect without ssl, set `sslmode` to 'disable'.
[0m07:55:13.821445 [debug] [Thread-3 (]: SQL status: SUCCESS in 0.082 seconds
[0m07:55:13.822328 [debug] [Thread-3 (]: Using redshift connection "model.nyc_taxi_dbt.taxi_agg"
[0m07:55:13.822930 [debug] [Thread-3 (]: On model.nyc_taxi_dbt.taxi_agg: /* {"app": "dbt", "dbt_version": "1.11.2", "profile_name": "dbt_poc", "target_name": "dev", "node_id": "model.nyc_taxi_dbt.taxi_agg"} */

  
    

  create  table
    "dev"."public"."taxi_agg_2025_10__dbt_tmp"
    
    
    
  as (
    

SELECT
    Run_Date_Short, 
    sum(total_amount) AS total_amount,
    CAST(count(trip_id) AS DOUBLE PRECISION) AS row_count
FROM "dev"."public"."yellow_trip_data"
GROUP BY
    Run_Date_Short
  );
[0m07:56:00.616470 [debug] [Thread-3 (]: SQL status: SUCCESS in 46.793 seconds
[0m07:56:00.643905 [debug] [Thread-3 (]: Using redshift connection "model.nyc_taxi_dbt.taxi_agg"
[0m07:56:00.653392 [debug] [Thread-3 (]: On model.nyc_taxi_dbt.taxi_agg: /* {"app": "dbt", "dbt_version": "1.11.2", "profile_name": "dbt_poc", "target_name": "dev", "node_id": "model.nyc_taxi_dbt.taxi_agg"} */
alter table "dev"."public"."taxi_agg_2025_10" rename to "taxi_agg_2025_10__dbt_backup"
[0m07:56:00.666971 [debug] [Thread-3 (]: SQL status: SUCCESS in 0.012 seconds
[0m07:56:00.680126 [debug] [Thread-3 (]: Using redshift connection "model.nyc_taxi_dbt.taxi_agg"
[0m07:56:00.684163 [debug] [Thread-3 (]: On model.nyc_taxi_dbt.taxi_agg: /* {"app": "dbt", "dbt_version": "1.11.2", "profile_name": "dbt_poc", "target_name": "dev", "node_id": "model.nyc_taxi_dbt.taxi_agg"} */
alter table "dev"."public"."taxi_agg_2025_10__dbt_tmp" rename to "taxi_agg_2025_10"
[0m07:56:00.706656 [debug] [Thread-3 (]: SQL status: SUCCESS in 0.021 seconds
[0m07:56:00.752162 [debug] [Thread-3 (]: On model.nyc_taxi_dbt.taxi_agg: COMMIT
[0m07:56:00.763627 [debug] [Thread-3 (]: Using redshift connection "model.nyc_taxi_dbt.taxi_agg"
[0m07:56:00.764870 [debug] [Thread-3 (]: On model.nyc_taxi_dbt.taxi_agg: COMMIT
[0m07:56:07.241038 [debug] [Thread-3 (]: SQL status: SUCCESS in 6.475 seconds
[0m07:56:07.242331 [debug] [Thread-3 (]: Using redshift connection "model.nyc_taxi_dbt.taxi_agg"
[0m07:56:07.243109 [debug] [Thread-3 (]: On model.nyc_taxi_dbt.taxi_agg: BEGIN
[0m07:56:07.250796 [debug] [Thread-3 (]: SQL status: SUCCESS in 0.007 seconds
[0m07:56:07.255421 [debug] [Thread-3 (]: Applying DROP to: "dev"."public"."taxi_agg_2025_10__dbt_backup"
[0m07:56:07.260229 [debug] [Thread-3 (]: Using redshift connection "model.nyc_taxi_dbt.taxi_agg"
[0m07:56:07.261009 [debug] [Thread-3 (]: On model.nyc_taxi_dbt.taxi_agg: /* {"app": "dbt", "dbt_version": "1.11.2", "profile_name": "dbt_poc", "target_name": "dev", "node_id": "model.nyc_taxi_dbt.taxi_agg"} */
drop table if exists "dev"."public"."taxi_agg_2025_10__dbt_backup" cascade
[0m07:56:07.487337 [debug] [Thread-3 (]: SQL status: SUCCESS in 0.226 seconds
[0m07:56:07.488932 [debug] [Thread-3 (]: On model.nyc_taxi_dbt.taxi_agg: COMMIT
[0m07:56:07.489719 [debug] [Thread-3 (]: Using redshift connection "model.nyc_taxi_dbt.taxi_agg"
[0m07:56:07.490325 [debug] [Thread-3 (]: On model.nyc_taxi_dbt.taxi_agg: COMMIT
[0m07:56:08.743054 [debug] [Thread-3 (]: SQL status: SUCCESS in 1.252 seconds
[0m07:56:08.744040 [debug] [Thread-3 (]: Using redshift connection "model.nyc_taxi_dbt.taxi_agg"
[0m07:56:08.744626 [debug] [Thread-3 (]: On model.nyc_taxi_dbt.taxi_agg: BEGIN
[0m07:56:08.750314 [debug] [Thread-3 (]: SQL status: SUCCESS in 0.005 seconds
[0m07:56:08.751591 [debug] [Thread-3 (]: On model.nyc_taxi_dbt.taxi_agg: ROLLBACK
[0m07:56:08.762180 [debug] [Thread-3 (]: On model.nyc_taxi_dbt.taxi_agg: Close
[0m07:56:08.763617 [debug] [Thread-3 (]: Sending event: {'category': 'dbt', 'action': 'run_model', 'label': '01549e27-e409-4de0-a31b-04b4cda57409', 'context': [<snowplow_tracker.self_describing_json.SelfDescribingJson object at 0x7f6cdb5b8100>]}
[0m07:56:08.764705 [info ] [Thread-3 (]: 2 of 3 OK created sql table model public.taxi_agg_2025_10 ...................... [[32mSUCCESS[0m in 55.08s]
[0m07:56:08.765640 [debug] [Thread-3 (]: Finished running node model.nyc_taxi_dbt.taxi_agg
[0m07:56:08.766624 [debug] [Thread-2 (]: Began running node model.nyc_taxi_dbt.dq_stats
[0m07:56:08.767567 [info ] [Thread-2 (]: 3 of 3 START sql table model public.dq_2025_10 ................................. [RUN]
[0m07:56:08.768264 [debug] [Thread-2 (]: Re-using an available connection from the pool (formerly list_dev, now model.nyc_taxi_dbt.dq_stats)
[0m07:56:08.768813 [debug] [Thread-2 (]: Began compiling node model.nyc_taxi_dbt.dq_stats
[0m07:56:08.774484 [debug] [Thread-2 (]: Writing injected SQL for node "model.nyc_taxi_dbt.dq_stats"
[0m07:56:08.775319 [debug] [Thread-2 (]: Began executing node model.nyc_taxi_dbt.dq_stats
[0m07:56:08.781803 [debug] [Thread-2 (]: Writing runtime sql for node "model.nyc_taxi_dbt.dq_stats"
[0m07:56:08.784068 [debug] [Thread-2 (]: Using redshift connection "model.nyc_taxi_dbt.dq_stats"
[0m07:56:08.784640 [debug] [Thread-2 (]: On model.nyc_taxi_dbt.dq_stats: BEGIN
[0m07:56:08.785147 [debug] [Thread-2 (]: Opening a new connection, currently in state closed
[0m07:56:08.785702 [debug] [Thread-2 (]: Redshift adapter: Connecting to Redshift with 'database' credentials method
[0m07:56:08.786437 [debug] [Thread-2 (]: Redshift adapter: Establishing connection using ssl with `sslmode` set to 'require'.To connect without ssl, set `sslmode` to 'disable'.
[0m07:56:08.868763 [debug] [Thread-2 (]: SQL status: SUCCESS in 0.083 seconds
[0m07:56:08.869556 [debug] [Thread-2 (]: Using redshift connection "model.nyc_taxi_dbt.dq_stats"
[0m07:56:08.870220 [debug] [Thread-2 (]: On model.nyc_taxi_dbt.dq_stats: /* {"app": "dbt", "dbt_version": "1.11.2", "profile_name": "dbt_poc", "target_name": "dev", "node_id": "model.nyc_taxi_dbt.dq_stats"} */

  
    

  create  table
    "dev"."public"."dq_2025_10__dbt_tmp"
    
    
    
  as (
    

SELECT
    Run_Date_Short,
    metric_name,
    metric_value
FROM "dev"."public"."taxi_agg_2025_10"
UNPIVOT (
    metric_value FOR metric_name IN (total_amount, row_count)
)
  );
[0m07:56:15.790920 [debug] [Thread-2 (]: SQL status: SUCCESS in 6.920 seconds
[0m07:56:15.802862 [debug] [Thread-2 (]: Using redshift connection "model.nyc_taxi_dbt.dq_stats"
[0m07:56:15.803779 [debug] [Thread-2 (]: On model.nyc_taxi_dbt.dq_stats: /* {"app": "dbt", "dbt_version": "1.11.2", "profile_name": "dbt_poc", "target_name": "dev", "node_id": "model.nyc_taxi_dbt.dq_stats"} */
alter table "dev"."public"."dq_2025_10" rename to "dq_2025_10__dbt_backup"
[0m07:56:15.816231 [debug] [Thread-2 (]: SQL status: SUCCESS in 0.012 seconds
[0m07:56:15.822197 [debug] [Thread-2 (]: Using redshift connection "model.nyc_taxi_dbt.dq_stats"
[0m07:56:15.824663 [debug] [Thread-2 (]: On model.nyc_taxi_dbt.dq_stats: /* {"app": "dbt", "dbt_version": "1.11.2", "profile_name": "dbt_poc", "target_name": "dev", "node_id": "model.nyc_taxi_dbt.dq_stats"} */
alter table "dev"."public"."dq_2025_10__dbt_tmp" rename to "dq_2025_10"
[0m07:56:15.832761 [debug] [Thread-2 (]: SQL status: SUCCESS in 0.007 seconds
[0m07:56:15.836094 [debug] [Thread-2 (]: On model.nyc_taxi_dbt.dq_stats: COMMIT
[0m07:56:15.837129 [debug] [Thread-2 (]: Using redshift connection "model.nyc_taxi_dbt.dq_stats"
[0m07:56:15.838082 [debug] [Thread-2 (]: On model.nyc_taxi_dbt.dq_stats: COMMIT
[0m07:56:36.312740 [debug] [Thread-2 (]: SQL status: SUCCESS in 20.474 seconds
[0m07:56:36.313942 [debug] [Thread-2 (]: Using redshift connection "model.nyc_taxi_dbt.dq_stats"
[0m07:56:36.314552 [debug] [Thread-2 (]: On model.nyc_taxi_dbt.dq_stats: BEGIN
[0m07:56:36.320373 [debug] [Thread-2 (]: SQL status: SUCCESS in 0.005 seconds
[0m07:56:36.324930 [debug] [Thread-2 (]: Applying DROP to: "dev"."public"."dq_2025_10__dbt_backup"
[0m07:56:36.326712 [debug] [Thread-2 (]: Using redshift connection "model.nyc_taxi_dbt.dq_stats"
[0m07:56:36.327282 [debug] [Thread-2 (]: On model.nyc_taxi_dbt.dq_stats: /* {"app": "dbt", "dbt_version": "1.11.2", "profile_name": "dbt_poc", "target_name": "dev", "node_id": "model.nyc_taxi_dbt.dq_stats"} */
drop table if exists "dev"."public"."dq_2025_10__dbt_backup" cascade
[0m07:56:40.336973 [debug] [Thread-2 (]: SQL status: SUCCESS in 4.009 seconds
[0m07:56:40.338584 [debug] [Thread-2 (]: On model.nyc_taxi_dbt.dq_stats: COMMIT
[0m07:56:40.339354 [debug] [Thread-2 (]: Using redshift connection "model.nyc_taxi_dbt.dq_stats"
[0m07:56:40.339892 [debug] [Thread-2 (]: On model.nyc_taxi_dbt.dq_stats: COMMIT
[0m07:56:51.894405 [debug] [Thread-2 (]: SQL status: SUCCESS in 11.554 seconds
[0m07:56:51.895830 [debug] [Thread-2 (]: Using redshift connection "model.nyc_taxi_dbt.dq_stats"
[0m07:56:51.903962 [debug] [Thread-2 (]: On model.nyc_taxi_dbt.dq_stats: BEGIN
[0m07:56:51.910891 [debug] [Thread-2 (]: SQL status: SUCCESS in 0.006 seconds
[0m07:56:51.912981 [debug] [Thread-2 (]: On model.nyc_taxi_dbt.dq_stats: ROLLBACK
[0m07:56:51.928841 [debug] [Thread-2 (]: On model.nyc_taxi_dbt.dq_stats: Close
[0m07:56:51.930698 [debug] [Thread-2 (]: Sending event: {'category': 'dbt', 'action': 'run_model', 'label': '01549e27-e409-4de0-a31b-04b4cda57409', 'context': [<snowplow_tracker.self_describing_json.SelfDescribingJson object at 0x7f6cdd1c9000>]}
[0m07:56:51.932220 [info ] [Thread-2 (]: 3 of 3 OK created sql table model public.dq_2025_10 ............................ [[32mSUCCESS[0m in 43.16s]
[0m07:56:51.933805 [debug] [Thread-2 (]: Finished running node model.nyc_taxi_dbt.dq_stats
[0m07:56:51.936261 [debug] [MainThread]: Using redshift connection "master"
[0m07:56:51.937012 [debug] [MainThread]: On master: BEGIN
[0m07:56:51.937743 [debug] [MainThread]: Opening a new connection, currently in state closed
[0m07:56:51.939046 [debug] [MainThread]: Redshift adapter: Connecting to Redshift with 'database' credentials method
[0m07:56:51.940449 [debug] [MainThread]: Redshift adapter: Establishing connection using ssl with `sslmode` set to 'require'.To connect without ssl, set `sslmode` to 'disable'.
[0m07:56:52.026753 [debug] [MainThread]: SQL status: SUCCESS in 0.089 seconds
[0m07:56:52.027821 [debug] [MainThread]: On master: COMMIT
[0m07:56:52.028750 [debug] [MainThread]: Using redshift connection "master"
[0m07:56:52.030109 [debug] [MainThread]: On master: COMMIT
[0m07:56:52.035689 [debug] [MainThread]: SQL status: SUCCESS in 0.005 seconds
[0m07:56:52.036456 [debug] [MainThread]: On master: Close
[0m07:56:52.037554 [debug] [MainThread]: Connection 'master' was properly closed.
[0m07:56:52.038286 [debug] [MainThread]: Connection 'model.nyc_taxi_dbt.dq_stats' was properly closed.
[0m07:56:52.039005 [debug] [MainThread]: Connection 'model.nyc_taxi_dbt.yellow_trip_data' was properly closed.
[0m07:56:52.039729 [debug] [MainThread]: Connection 'model.nyc_taxi_dbt.taxi_agg' was properly closed.
[0m07:56:52.040641 [info ] [MainThread]: 
[0m07:56:52.047399 [info ] [MainThread]: Finished running 2 table models, 1 view model in 0 hours 1 minutes and 59.23 seconds (119.23s).
[0m07:56:52.050401 [debug] [MainThread]: Command end result
[0m07:56:52.331417 [debug] [MainThread]: Wrote artifact WritableManifest to ./target/manifest.json
[0m07:56:52.334198 [debug] [MainThread]: Wrote artifact SemanticManifest to ./target/semantic_manifest.json
[0m07:56:52.343683 [debug] [MainThread]: Wrote artifact RunExecutionResult to ./target/run_results.json
[0m07:56:52.344336 [info ] [MainThread]: 
[0m07:56:52.345080 [info ] [MainThread]: [32mCompleted successfully[0m
[0m07:56:52.345714 [info ] [MainThread]: 
[0m07:56:52.346356 [info ] [MainThread]: Done. PASS=3 WARN=0 ERROR=0 SKIP=0 NO-OP=0 TOTAL=3
[0m07:56:52.347658 [debug] [MainThread]: Resource report: {"command_name": "run", "command_success": true, "command_wall_clock_time": 121.65476, "process_in_blocks": "0", "process_kernel_time": 0.164925, "process_mem_max_rss": "134932", "process_out_blocks": "2328", "process_user_time": 4.5495}
[0m07:56:52.348372 [debug] [MainThread]: Command `dbt run` succeeded at 07:56:52.348230 after 121.66 seconds
[0m07:56:52.348965 [debug] [MainThread]: Sending event: {'category': 'dbt', 'action': 'invocation', 'label': 'end', 'context': [<snowplow_tracker.self_describing_json.SelfDescribingJson object at 0x7f6cdcef40a0>, <snowplow_tracker.self_describing_json.SelfDescribingJson object at 0x7f6cdea9b550>, <snowplow_tracker.self_describing_json.SelfDescribingJson object at 0x7f6cd025eb30>]}
[0m07:56:52.349585 [debug] [MainThread]: Flushing usage events
[0m07:56:52.799436 [debug] [MainThread]: An error was encountered while trying to flush usage events
[0m07:56:56.667510 [debug] [MainThread]: Sending event: {'category': 'dbt', 'action': 'invocation', 'label': 'start', 'context': [<snowplow_tracker.self_describing_json.SelfDescribingJson object at 0x7f185d6e8100>, <snowplow_tracker.self_describing_json.SelfDescribingJson object at 0x7f185c66bd90>, <snowplow_tracker.self_describing_json.SelfDescribingJson object at 0x7f185c66be20>]}


============================== 07:56:56.671315 | 8f09081e-4f62-4c3f-9a76-1f16af68200b ==============================
[0m07:56:56.671315 [info ] [MainThread]: Running with dbt=1.11.2
[0m07:56:56.672198 [debug] [MainThread]: running dbt with arguments {'send_anonymous_usage_stats': 'True', 'cache_selected_only': 'False', 'profiles_dir': '.', 'target_path': 'None', 'use_experimental_parser': 'False', 'use_colors': 'True', 'log_path': 'logs', 'warn_error_options': 'WarnErrorOptionsV2(error=[], warn=[], silence=[])', 'printer_width': '80', 'static_parser': 'True', 'no_print': 'None', 'empty': 'None', 'fail_fast': 'False', 'warn_error': 'None', 'log_cache_events': 'False', 'debug': 'False', 'log_format': 'default', 'introspect': 'True', 'indirect_selection': 'eager', 'quiet': 'False', 'partial_parse': 'True', 'version_check': 'True', 'invocation_command': 'dbt test --profiles-dir . --project-dir .', 'write_json': 'True'}
[0m07:56:56.805712 [debug] [MainThread]: Redshift adapter: Setting redshift_connector to ERROR
[0m07:56:56.806516 [debug] [MainThread]: Redshift adapter: Setting redshift_connector.core to ERROR
[0m07:56:57.229920 [debug] [MainThread]: Sending event: {'category': 'dbt', 'action': 'project_id', 'label': '8f09081e-4f62-4c3f-9a76-1f16af68200b', 'context': [<snowplow_tracker.self_describing_json.SelfDescribingJson object at 0x7f185bf22170>]}
[0m07:56:57.323341 [debug] [MainThread]: Sending event: {'category': 'dbt', 'action': 'adapter_info', 'label': '8f09081e-4f62-4c3f-9a76-1f16af68200b', 'context': [<snowplow_tracker.self_describing_json.SelfDescribingJson object at 0x7f185c61f9a0>]}
[0m07:56:57.324552 [info ] [MainThread]: Registered adapter: redshift=1.10.0
[0m07:56:57.458153 [debug] [MainThread]: checksum: 3d40d8bbe1bef07db1c24822f2dbfff8bc07f2a48ed4fe2658a40653aec0b54b, vars: {}, profile: , target: , version: 1.11.2
[0m07:56:57.653964 [debug] [MainThread]: Partial parsing enabled: 0 files deleted, 0 files added, 0 files changed.
[0m07:56:57.654661 [debug] [MainThread]: Nothing changed, skipping partial parsing.
[0m07:56:57.655191 [debug] [MainThread]: Partial parsing enabled, no changes found, skipping parsing
[0m07:56:57.730025 [debug] [MainThread]: Sending event: {'category': 'dbt', 'action': 'load_project', 'label': '8f09081e-4f62-4c3f-9a76-1f16af68200b', 'context': [<snowplow_tracker.self_describing_json.SelfDescribingJson object at 0x7f1859f45000>]}
[0m07:56:57.878796 [debug] [MainThread]: Wrote artifact WritableManifest to ./target/manifest.json
[0m07:56:57.881409 [debug] [MainThread]: Wrote artifact SemanticManifest to ./target/semantic_manifest.json
[0m07:56:57.900503 [debug] [MainThread]: Sending event: {'category': 'dbt', 'action': 'resource_counts', 'label': '8f09081e-4f62-4c3f-9a76-1f16af68200b', 'context': [<snowplow_tracker.self_describing_json.SelfDescribingJson object at 0x7f1859f456c0>]}
[0m07:56:57.901383 [info ] [MainThread]: Found 3 models, 1 test, 2 sources, 538 macros
[0m07:56:57.902074 [debug] [MainThread]: Sending event: {'category': 'dbt', 'action': 'runnable_timing', 'label': '8f09081e-4f62-4c3f-9a76-1f16af68200b', 'context': [<snowplow_tracker.self_describing_json.SelfDescribingJson object at 0x7f1859f47e20>]}
[0m07:56:57.904359 [info ] [MainThread]: 
[0m07:56:57.905074 [info ] [MainThread]: Concurrency: 4 threads (target='dev')
[0m07:56:57.905653 [info ] [MainThread]: 
[0m07:56:57.906577 [debug] [MainThread]: Acquiring new redshift connection 'master'
[0m07:56:57.913100 [debug] [ThreadPool]: Acquiring new redshift connection 'list_dev_public'
[0m07:56:57.950957 [debug] [ThreadPool]: Using redshift connection "list_dev_public"
[0m07:56:57.952147 [debug] [ThreadPool]: On list_dev_public: BEGIN
[0m07:56:57.953080 [debug] [ThreadPool]: Opening a new connection, currently in state init
[0m07:56:57.954027 [debug] [ThreadPool]: Redshift adapter: Connecting to Redshift with 'database' credentials method
[0m07:56:57.963343 [debug] [ThreadPool]: Redshift adapter: Establishing connection using ssl with `sslmode` set to 'require'.To connect without ssl, set `sslmode` to 'disable'.
[0m07:56:58.057520 [debug] [ThreadPool]: SQL status: SUCCESS in 0.104 seconds
[0m07:56:58.058356 [debug] [ThreadPool]: Using redshift connection "list_dev_public"
[0m07:56:58.058953 [debug] [ThreadPool]: On list_dev_public: /* {"app": "dbt", "dbt_version": "1.11.2", "profile_name": "dbt_poc", "target_name": "dev", "connection_name": "list_dev_public"} */
select
        table_catalog as database,
        table_name as name,
        table_schema as schema,
        'table' as type
    from information_schema.tables
    where table_schema ilike 'public'
    and table_type = 'BASE TABLE'
    union all
    select
      table_catalog as database,
      table_name as name,
      table_schema as schema,
      case
        when view_definition ilike '%create materialized view%'
          then 'materialized_view'
        else 'view'
      end as type
    from information_schema.views
    where table_schema ilike 'public'
[0m07:56:58.080735 [debug] [ThreadPool]: SQL status: SUCCESS in 0.021 seconds
[0m07:56:58.098982 [debug] [ThreadPool]: On list_dev_public: ROLLBACK
[0m07:56:58.112745 [debug] [ThreadPool]: On list_dev_public: Close
[0m07:56:58.126069 [debug] [MainThread]: Using redshift connection "master"
[0m07:56:58.126730 [debug] [MainThread]: On master: BEGIN
[0m07:56:58.127199 [debug] [MainThread]: Opening a new connection, currently in state init
[0m07:56:58.127681 [debug] [MainThread]: Redshift adapter: Connecting to Redshift with 'database' credentials method
[0m07:56:58.128315 [debug] [MainThread]: Redshift adapter: Establishing connection using ssl with `sslmode` set to 'require'.To connect without ssl, set `sslmode` to 'disable'.
[0m07:56:58.210928 [debug] [MainThread]: SQL status: SUCCESS in 0.084 seconds
[0m07:56:58.211695 [debug] [MainThread]: Using redshift connection "master"
[0m07:56:58.212409 [debug] [MainThread]: On master: /* {"app": "dbt", "dbt_version": "1.11.2", "profile_name": "dbt_poc", "target_name": "dev", "connection_name": "master"} */
with
    relation as (
        select
            pg_class.oid as relation_id,
            pg_class.relname as relation_name,
            pg_class.relnamespace as schema_id,
            pg_namespace.nspname as schema_name,
            pg_class.relkind as relation_type
        from pg_class
        join pg_namespace
          on pg_class.relnamespace = pg_namespace.oid
        where pg_namespace.nspname != 'information_schema'
          and pg_namespace.nspname not like 'pg\_%'
    ),
    dependency as (
        select distinct
            coalesce(pg_rewrite.ev_class, pg_depend.objid) as dep_relation_id,
            pg_depend.refobjid as ref_relation_id,
            pg_depend.refclassid as ref_class_id
        from pg_depend
        left join pg_rewrite
          on pg_depend.objid = pg_rewrite.oid
        where coalesce(pg_rewrite.ev_class, pg_depend.objid) != pg_depend.refobjid
    )

select distinct
    dep.schema_name as dependent_schema,
    dep.relation_name as dependent_name,
    ref.schema_name as referenced_schema,
    ref.relation_name as referenced_name
from dependency
join relation ref
    on dependency.ref_relation_id = ref.relation_id
join relation dep
    on dependency.dep_relation_id = dep.relation_id
[0m07:56:58.264129 [debug] [MainThread]: SQL status: SUCCESS in 0.051 seconds
[0m07:56:58.267786 [debug] [MainThread]: Sending event: {'category': 'dbt', 'action': 'runnable_timing', 'label': '8f09081e-4f62-4c3f-9a76-1f16af68200b', 'context': [<snowplow_tracker.self_describing_json.SelfDescribingJson object at 0x7f185f023ac0>]}
[0m07:56:58.268888 [debug] [MainThread]: On master: ROLLBACK
[0m07:56:58.287777 [debug] [MainThread]: Using redshift connection "master"
[0m07:56:58.298708 [debug] [MainThread]: On master: BEGIN
[0m07:56:58.304855 [debug] [MainThread]: SQL status: SUCCESS in 0.005 seconds
[0m07:56:58.305927 [debug] [MainThread]: On master: COMMIT
[0m07:56:58.307199 [debug] [MainThread]: Using redshift connection "master"
[0m07:56:58.308030 [debug] [MainThread]: On master: COMMIT
[0m07:56:58.313348 [debug] [MainThread]: SQL status: SUCCESS in 0.004 seconds
[0m07:56:58.314273 [debug] [MainThread]: On master: Close
[0m07:56:58.318906 [debug] [Thread-1 (]: Began running node test.nyc_taxi_dbt.assert_summary
[0m07:56:58.319892 [info ] [Thread-1 (]: 1 of 1 START test assert_summary ............................................... [RUN]
[0m07:56:58.321058 [debug] [Thread-1 (]: Re-using an available connection from the pool (formerly list_dev_public, now test.nyc_taxi_dbt.assert_summary)
[0m07:56:58.321956 [debug] [Thread-1 (]: Began compiling node test.nyc_taxi_dbt.assert_summary
[0m07:56:58.330344 [debug] [Thread-1 (]: Writing injected SQL for node "test.nyc_taxi_dbt.assert_summary"
[0m07:56:58.331657 [debug] [Thread-1 (]: Began executing node test.nyc_taxi_dbt.assert_summary
[0m07:56:58.379129 [debug] [Thread-1 (]: Writing runtime sql for node "test.nyc_taxi_dbt.assert_summary"
[0m07:56:58.384229 [debug] [Thread-1 (]: Using redshift connection "test.nyc_taxi_dbt.assert_summary"
[0m07:56:58.385358 [debug] [Thread-1 (]: On test.nyc_taxi_dbt.assert_summary: BEGIN
[0m07:56:58.386383 [debug] [Thread-1 (]: Opening a new connection, currently in state closed
[0m07:56:58.387537 [debug] [Thread-1 (]: Redshift adapter: Connecting to Redshift with 'database' credentials method
[0m07:56:58.388756 [debug] [Thread-1 (]: Redshift adapter: Establishing connection using ssl with `sslmode` set to 'require'.To connect without ssl, set `sslmode` to 'disable'.
[0m07:56:58.471301 [debug] [Thread-1 (]: SQL status: SUCCESS in 0.085 seconds
[0m07:56:58.472125 [debug] [Thread-1 (]: Using redshift connection "test.nyc_taxi_dbt.assert_summary"
[0m07:56:58.472746 [debug] [Thread-1 (]: On test.nyc_taxi_dbt.assert_summary: /* {"app": "dbt", "dbt_version": "1.11.2", "profile_name": "dbt_poc", "target_name": "dev", "node_id": "test.nyc_taxi_dbt.assert_summary"} */

    select
      count(*) as failures,
      count(*) != 0 as should_warn,
      count(*) != 0 as should_error
    from (
      
    
  SELECT * 
FROM "dev"."public"."dq_2025_10" as a
LEFT JOIN "dev"."public"."yellow_taxi_trips_2025_10_stats" as b
    USING (Run_Date_Short, metric_name)
WHERE ROUND(a.metric_value, 4) != ROUND(b.metric_value, 4)
  
  
      
    ) dbt_internal_test
[0m07:57:03.052084 [debug] [Thread-1 (]: SQL status: SUCCESS in 4.579 seconds
[0m07:57:03.058629 [debug] [Thread-1 (]: On test.nyc_taxi_dbt.assert_summary: ROLLBACK
[0m07:57:03.072005 [debug] [Thread-1 (]: On test.nyc_taxi_dbt.assert_summary: Close
[0m07:57:03.073493 [info ] [Thread-1 (]: 1 of 1 PASS assert_summary ..................................................... [[32mPASS[0m in 4.75s]
[0m07:57:03.074683 [debug] [Thread-1 (]: Finished running node test.nyc_taxi_dbt.assert_summary
[0m07:57:03.076617 [debug] [MainThread]: Using redshift connection "master"
[0m07:57:03.077165 [debug] [MainThread]: On master: BEGIN
[0m07:57:03.077668 [debug] [MainThread]: Opening a new connection, currently in state closed
[0m07:57:03.078254 [debug] [MainThread]: Redshift adapter: Connecting to Redshift with 'database' credentials method
[0m07:57:03.078928 [debug] [MainThread]: Redshift adapter: Establishing connection using ssl with `sslmode` set to 'require'.To connect without ssl, set `sslmode` to 'disable'.
[0m07:57:03.152383 [debug] [MainThread]: SQL status: SUCCESS in 0.075 seconds
[0m07:57:03.153155 [debug] [MainThread]: On master: COMMIT
[0m07:57:03.153866 [debug] [MainThread]: Using redshift connection "master"
[0m07:57:03.154496 [debug] [MainThread]: On master: COMMIT
[0m07:57:03.159537 [debug] [MainThread]: SQL status: SUCCESS in 0.004 seconds
[0m07:57:03.160169 [debug] [MainThread]: On master: Close
[0m07:57:03.161040 [debug] [MainThread]: Connection 'master' was properly closed.
[0m07:57:03.161520 [debug] [MainThread]: Connection 'test.nyc_taxi_dbt.assert_summary' was properly closed.
[0m07:57:03.162049 [info ] [MainThread]: 
[0m07:57:03.162561 [info ] [MainThread]: Finished running 1 test in 0 hours 0 minutes and 5.26 seconds (5.26s).
[0m07:57:03.163571 [debug] [MainThread]: Command end result
[0m07:57:03.199013 [debug] [MainThread]: Wrote artifact WritableManifest to ./target/manifest.json
[0m07:57:03.201377 [debug] [MainThread]: Wrote artifact SemanticManifest to ./target/semantic_manifest.json
[0m07:57:03.213009 [debug] [MainThread]: Wrote artifact RunExecutionResult to ./target/run_results.json
[0m07:57:03.213636 [info ] [MainThread]: 
[0m07:57:03.214340 [info ] [MainThread]: [32mCompleted successfully[0m
[0m07:57:03.214831 [info ] [MainThread]: 
[0m07:57:03.215339 [info ] [MainThread]: Done. PASS=1 WARN=0 ERROR=0 SKIP=0 NO-OP=0 TOTAL=1
[0m07:57:03.216542 [debug] [MainThread]: Resource report: {"command_name": "test", "command_success": true, "command_wall_clock_time": 6.634476, "process_in_blocks": "0", "process_kernel_time": 0.145512, "process_mem_max_rss": "132088", "process_out_blocks": "2232", "process_user_time": 4.093343}
[0m07:57:03.217215 [debug] [MainThread]: Command `dbt test` succeeded at 07:57:03.217077 after 6.64 seconds
[0m07:57:03.217777 [debug] [MainThread]: Sending event: {'category': 'dbt', 'action': 'invocation', 'label': 'end', 'context': [<snowplow_tracker.self_describing_json.SelfDescribingJson object at 0x7f185d6e8100>, <snowplow_tracker.self_describing_json.SelfDescribingJson object at 0x7f185bf22170>, <snowplow_tracker.self_describing_json.SelfDescribingJson object at 0x7f185a7dcaf0>]}
[0m07:57:03.218391 [debug] [MainThread]: Flushing usage events
[0m07:57:03.669538 [debug] [MainThread]: An error was encountered while trying to flush usage events
[0m07:58:21.681586 [debug] [MainThread]: Sending event: {'category': 'dbt', 'action': 'invocation', 'label': 'start', 'context': [<snowplow_tracker.self_describing_json.SelfDescribingJson object at 0x7fedcae44100>, <snowplow_tracker.self_describing_json.SelfDescribingJson object at 0x7fedc9df7ee0>, <snowplow_tracker.self_describing_json.SelfDescribingJson object at 0x7fedc9df7e80>]}


============================== 07:58:21.685539 | bcff85bd-1a60-4b79-8f80-8d3a724c0add ==============================
[0m07:58:21.685539 [info ] [MainThread]: Running with dbt=1.11.2
[0m07:58:21.686501 [debug] [MainThread]: running dbt with arguments {'use_experimental_parser': 'False', 'version_check': 'True', 'use_colors': 'True', 'fail_fast': 'False', 'profiles_dir': '.', 'introspect': 'True', 'quiet': 'False', 'static_parser': 'True', 'indirect_selection': 'eager', 'log_path': 'logs', 'cache_selected_only': 'False', 'log_cache_events': 'False', 'printer_width': '80', 'debug': 'False', 'partial_parse': 'True', 'invocation_command': 'dbt run --profiles-dir . --project-dir .', 'empty': 'False', 'send_anonymous_usage_stats': 'True', 'log_format': 'default', 'warn_error': 'None', 'write_json': 'True', 'no_print': 'None', 'warn_error_options': 'WarnErrorOptionsV2(error=[], warn=[], silence=[])', 'target_path': 'None'}
[0m07:58:21.827943 [debug] [MainThread]: Redshift adapter: Setting redshift_connector to ERROR
[0m07:58:21.828794 [debug] [MainThread]: Redshift adapter: Setting redshift_connector.core to ERROR
[0m07:58:22.219034 [debug] [MainThread]: Sending event: {'category': 'dbt', 'action': 'project_id', 'label': 'bcff85bd-1a60-4b79-8f80-8d3a724c0add', 'context': [<snowplow_tracker.self_describing_json.SelfDescribingJson object at 0x7fedcc92ee00>]}
[0m07:58:22.315381 [debug] [MainThread]: Sending event: {'category': 'dbt', 'action': 'adapter_info', 'label': 'bcff85bd-1a60-4b79-8f80-8d3a724c0add', 'context': [<snowplow_tracker.self_describing_json.SelfDescribingJson object at 0x7fedca6559f0>]}
[0m07:58:22.316659 [info ] [MainThread]: Registered adapter: redshift=1.10.0
[0m07:58:22.465678 [debug] [MainThread]: checksum: 3d40d8bbe1bef07db1c24822f2dbfff8bc07f2a48ed4fe2658a40653aec0b54b, vars: {}, profile: , target: , version: 1.11.2
[0m07:58:22.668800 [debug] [MainThread]: Partial parsing enabled: 0 files deleted, 0 files added, 0 files changed.
[0m07:58:22.669516 [debug] [MainThread]: Nothing changed, skipping partial parsing.
[0m07:58:22.670063 [debug] [MainThread]: Partial parsing enabled, no changes found, skipping parsing
[0m07:58:22.746172 [debug] [MainThread]: Sending event: {'category': 'dbt', 'action': 'load_project', 'label': 'bcff85bd-1a60-4b79-8f80-8d3a724c0add', 'context': [<snowplow_tracker.self_describing_json.SelfDescribingJson object at 0x7fedc7995690>]}
[0m07:58:22.903331 [debug] [MainThread]: Wrote artifact WritableManifest to ./target/manifest.json
[0m07:58:22.907868 [debug] [MainThread]: Wrote artifact SemanticManifest to ./target/semantic_manifest.json
[0m07:58:22.921174 [debug] [MainThread]: Sending event: {'category': 'dbt', 'action': 'resource_counts', 'label': 'bcff85bd-1a60-4b79-8f80-8d3a724c0add', 'context': [<snowplow_tracker.self_describing_json.SelfDescribingJson object at 0x7fedc79bb5b0>]}
[0m07:58:22.922614 [info ] [MainThread]: Found 3 models, 1 test, 2 sources, 538 macros
[0m07:58:22.923596 [debug] [MainThread]: Sending event: {'category': 'dbt', 'action': 'runnable_timing', 'label': 'bcff85bd-1a60-4b79-8f80-8d3a724c0add', 'context': [<snowplow_tracker.self_describing_json.SelfDescribingJson object at 0x7fedc79baa10>]}
[0m07:58:22.927114 [info ] [MainThread]: 
[0m07:58:22.928302 [info ] [MainThread]: Concurrency: 4 threads (target='dev')
[0m07:58:22.929442 [info ] [MainThread]: 
[0m07:58:22.930802 [debug] [MainThread]: Acquiring new redshift connection 'master'
[0m07:58:22.953794 [debug] [ThreadPool]: Acquiring new redshift connection 'list_dev'
[0m07:58:23.039562 [debug] [ThreadPool]: Using redshift connection "list_dev"
[0m07:58:23.040709 [debug] [ThreadPool]: On list_dev: /* {"app": "dbt", "dbt_version": "1.11.2", "profile_name": "dbt_poc", "target_name": "dev", "connection_name": "list_dev"} */

    select distinct nspname from pg_namespace
[0m07:58:23.041689 [debug] [ThreadPool]: Opening a new connection, currently in state init
[0m07:58:23.042671 [debug] [ThreadPool]: Redshift adapter: Connecting to Redshift with 'database' credentials method
[0m07:58:23.074404 [debug] [ThreadPool]: Redshift adapter: Establishing connection using ssl with `sslmode` set to 'require'.To connect without ssl, set `sslmode` to 'disable'.
[0m07:58:23.235463 [debug] [ThreadPool]: SQL status: SUCCESS in 0.194 seconds
[0m07:58:23.291179 [debug] [ThreadPool]: On list_dev: Close
[0m07:58:23.313742 [debug] [ThreadPool]: Acquiring new redshift connection 'list_dev_public'
[0m07:58:23.347792 [debug] [ThreadPool]: Using redshift connection "list_dev_public"
[0m07:58:23.348956 [debug] [ThreadPool]: On list_dev_public: BEGIN
[0m07:58:23.363389 [debug] [ThreadPool]: Opening a new connection, currently in state init
[0m07:58:23.364684 [debug] [ThreadPool]: Redshift adapter: Connecting to Redshift with 'database' credentials method
[0m07:58:23.366526 [debug] [ThreadPool]: Redshift adapter: Establishing connection using ssl with `sslmode` set to 'require'.To connect without ssl, set `sslmode` to 'disable'.
[0m07:58:23.475479 [debug] [ThreadPool]: SQL status: SUCCESS in 0.112 seconds
[0m07:58:23.476592 [debug] [ThreadPool]: Using redshift connection "list_dev_public"
[0m07:58:23.477589 [debug] [ThreadPool]: On list_dev_public: /* {"app": "dbt", "dbt_version": "1.11.2", "profile_name": "dbt_poc", "target_name": "dev", "connection_name": "list_dev_public"} */
select
        table_catalog as database,
        table_name as name,
        table_schema as schema,
        'table' as type
    from information_schema.tables
    where table_schema ilike 'public'
    and table_type = 'BASE TABLE'
    union all
    select
      table_catalog as database,
      table_name as name,
      table_schema as schema,
      case
        when view_definition ilike '%create materialized view%'
          then 'materialized_view'
        else 'view'
      end as type
    from information_schema.views
    where table_schema ilike 'public'
[0m07:58:23.500133 [debug] [ThreadPool]: SQL status: SUCCESS in 0.022 seconds
[0m07:58:23.503890 [debug] [ThreadPool]: On list_dev_public: ROLLBACK
[0m07:58:23.521167 [debug] [ThreadPool]: On list_dev_public: Close
[0m07:58:23.566604 [debug] [MainThread]: Using redshift connection "master"
[0m07:58:23.567742 [debug] [MainThread]: On master: BEGIN
[0m07:58:23.568641 [debug] [MainThread]: Opening a new connection, currently in state init
[0m07:58:23.569564 [debug] [MainThread]: Redshift adapter: Connecting to Redshift with 'database' credentials method
[0m07:58:23.570701 [debug] [MainThread]: Redshift adapter: Establishing connection using ssl with `sslmode` set to 'require'.To connect without ssl, set `sslmode` to 'disable'.
[0m07:58:23.669699 [debug] [MainThread]: SQL status: SUCCESS in 0.101 seconds
[0m07:58:23.670988 [debug] [MainThread]: Using redshift connection "master"
[0m07:58:23.672119 [debug] [MainThread]: On master: /* {"app": "dbt", "dbt_version": "1.11.2", "profile_name": "dbt_poc", "target_name": "dev", "connection_name": "master"} */
with
    relation as (
        select
            pg_class.oid as relation_id,
            pg_class.relname as relation_name,
            pg_class.relnamespace as schema_id,
            pg_namespace.nspname as schema_name,
            pg_class.relkind as relation_type
        from pg_class
        join pg_namespace
          on pg_class.relnamespace = pg_namespace.oid
        where pg_namespace.nspname != 'information_schema'
          and pg_namespace.nspname not like 'pg\_%'
    ),
    dependency as (
        select distinct
            coalesce(pg_rewrite.ev_class, pg_depend.objid) as dep_relation_id,
            pg_depend.refobjid as ref_relation_id,
            pg_depend.refclassid as ref_class_id
        from pg_depend
        left join pg_rewrite
          on pg_depend.objid = pg_rewrite.oid
        where coalesce(pg_rewrite.ev_class, pg_depend.objid) != pg_depend.refobjid
    )

select distinct
    dep.schema_name as dependent_schema,
    dep.relation_name as dependent_name,
    ref.schema_name as referenced_schema,
    ref.relation_name as referenced_name
from dependency
join relation ref
    on dependency.ref_relation_id = ref.relation_id
join relation dep
    on dependency.dep_relation_id = dep.relation_id
[0m07:58:23.723976 [debug] [MainThread]: SQL status: SUCCESS in 0.051 seconds
[0m07:58:23.726233 [debug] [MainThread]: Sending event: {'category': 'dbt', 'action': 'runnable_timing', 'label': 'bcff85bd-1a60-4b79-8f80-8d3a724c0add', 'context': [<snowplow_tracker.self_describing_json.SelfDescribingJson object at 0x7fedcc7ebac0>]}
[0m07:58:23.726957 [debug] [MainThread]: On master: ROLLBACK
[0m07:58:23.743314 [debug] [MainThread]: Using redshift connection "master"
[0m07:58:23.744052 [debug] [MainThread]: On master: BEGIN
[0m07:58:23.749896 [debug] [MainThread]: SQL status: SUCCESS in 0.005 seconds
[0m07:58:23.750631 [debug] [MainThread]: On master: COMMIT
[0m07:58:23.751640 [debug] [MainThread]: Using redshift connection "master"
[0m07:58:23.752166 [debug] [MainThread]: On master: COMMIT
[0m07:58:23.757517 [debug] [MainThread]: SQL status: SUCCESS in 0.005 seconds
[0m07:58:23.758187 [debug] [MainThread]: On master: Close
[0m07:58:23.761746 [debug] [Thread-1 (]: Began running node model.nyc_taxi_dbt.yellow_trip_data
[0m07:58:23.762706 [info ] [Thread-1 (]: 1 of 3 START sql view model public.yellow_trip_data ............................ [RUN]
[0m07:58:23.763572 [debug] [Thread-1 (]: Re-using an available connection from the pool (formerly list_dev_public, now model.nyc_taxi_dbt.yellow_trip_data)
[0m07:58:23.764195 [debug] [Thread-1 (]: Began compiling node model.nyc_taxi_dbt.yellow_trip_data
[0m07:58:23.769308 [debug] [Thread-1 (]: Writing injected SQL for node "model.nyc_taxi_dbt.yellow_trip_data"
[0m07:58:23.770536 [debug] [Thread-1 (]: Began executing node model.nyc_taxi_dbt.yellow_trip_data
[0m07:58:23.823732 [debug] [Thread-1 (]: Writing runtime sql for node "model.nyc_taxi_dbt.yellow_trip_data"
[0m07:58:23.825717 [debug] [Thread-1 (]: Using redshift connection "model.nyc_taxi_dbt.yellow_trip_data"
[0m07:58:23.826494 [debug] [Thread-1 (]: On model.nyc_taxi_dbt.yellow_trip_data: BEGIN
[0m07:58:23.827102 [debug] [Thread-1 (]: Opening a new connection, currently in state closed
[0m07:58:23.827714 [debug] [Thread-1 (]: Redshift adapter: Connecting to Redshift with 'database' credentials method
[0m07:58:23.828474 [debug] [Thread-1 (]: Redshift adapter: Establishing connection using ssl with `sslmode` set to 'require'.To connect without ssl, set `sslmode` to 'disable'.
[0m07:58:23.909170 [debug] [Thread-1 (]: SQL status: SUCCESS in 0.082 seconds
[0m07:58:23.910038 [debug] [Thread-1 (]: Using redshift connection "model.nyc_taxi_dbt.yellow_trip_data"
[0m07:58:23.910658 [debug] [Thread-1 (]: On model.nyc_taxi_dbt.yellow_trip_data: /* {"app": "dbt", "dbt_version": "1.11.2", "profile_name": "dbt_poc", "target_name": "dev", "node_id": "model.nyc_taxi_dbt.yellow_trip_data"} */


  create view "dev"."public"."yellow_trip_data__dbt_tmp" as (
    SELECT * 
FROM "dev"."public"."yellow_taxi_trips_2025_10"
  ) ;
[0m07:58:23.926182 [debug] [Thread-1 (]: SQL status: SUCCESS in 0.015 seconds
[0m07:58:23.937624 [debug] [Thread-1 (]: Using redshift connection "model.nyc_taxi_dbt.yellow_trip_data"
[0m07:58:23.938503 [debug] [Thread-1 (]: On model.nyc_taxi_dbt.yellow_trip_data: /* {"app": "dbt", "dbt_version": "1.11.2", "profile_name": "dbt_poc", "target_name": "dev", "node_id": "model.nyc_taxi_dbt.yellow_trip_data"} */
alter table "dev"."public"."yellow_trip_data" rename to "yellow_trip_data__dbt_backup"
[0m07:58:23.946106 [debug] [Thread-1 (]: SQL status: SUCCESS in 0.007 seconds
[0m07:58:23.952189 [debug] [Thread-1 (]: Using redshift connection "model.nyc_taxi_dbt.yellow_trip_data"
[0m07:58:23.952923 [debug] [Thread-1 (]: On model.nyc_taxi_dbt.yellow_trip_data: /* {"app": "dbt", "dbt_version": "1.11.2", "profile_name": "dbt_poc", "target_name": "dev", "node_id": "model.nyc_taxi_dbt.yellow_trip_data"} */
alter table "dev"."public"."yellow_trip_data__dbt_tmp" rename to "yellow_trip_data"
[0m07:58:23.960649 [debug] [Thread-1 (]: SQL status: SUCCESS in 0.007 seconds
[0m07:58:23.985426 [debug] [Thread-1 (]: On model.nyc_taxi_dbt.yellow_trip_data: COMMIT
[0m07:58:23.986355 [debug] [Thread-1 (]: Using redshift connection "model.nyc_taxi_dbt.yellow_trip_data"
[0m07:58:23.986939 [debug] [Thread-1 (]: On model.nyc_taxi_dbt.yellow_trip_data: COMMIT
[0m07:58:24.886726 [debug] [Thread-1 (]: SQL status: SUCCESS in 0.899 seconds
[0m07:58:24.887830 [debug] [Thread-1 (]: Using redshift connection "model.nyc_taxi_dbt.yellow_trip_data"
[0m07:58:24.888429 [debug] [Thread-1 (]: On model.nyc_taxi_dbt.yellow_trip_data: BEGIN
[0m07:58:24.896875 [debug] [Thread-1 (]: SQL status: SUCCESS in 0.008 seconds
[0m07:58:24.917143 [debug] [Thread-1 (]: Applying DROP to: "dev"."public"."yellow_trip_data__dbt_backup"
[0m07:58:24.933691 [debug] [Thread-1 (]: Using redshift connection "model.nyc_taxi_dbt.yellow_trip_data"
[0m07:58:24.934595 [debug] [Thread-1 (]: On model.nyc_taxi_dbt.yellow_trip_data: /* {"app": "dbt", "dbt_version": "1.11.2", "profile_name": "dbt_poc", "target_name": "dev", "node_id": "model.nyc_taxi_dbt.yellow_trip_data"} */
drop view if exists "dev"."public"."yellow_trip_data__dbt_backup" cascade
[0m07:58:25.064660 [debug] [Thread-1 (]: SQL status: SUCCESS in 0.129 seconds
[0m07:58:25.067220 [debug] [Thread-1 (]: On model.nyc_taxi_dbt.yellow_trip_data: COMMIT
[0m07:58:25.068409 [debug] [Thread-1 (]: Using redshift connection "model.nyc_taxi_dbt.yellow_trip_data"
[0m07:58:25.069314 [debug] [Thread-1 (]: On model.nyc_taxi_dbt.yellow_trip_data: COMMIT
[0m07:58:25.549445 [debug] [Thread-1 (]: SQL status: SUCCESS in 0.479 seconds
[0m07:58:25.550710 [debug] [Thread-1 (]: Using redshift connection "model.nyc_taxi_dbt.yellow_trip_data"
[0m07:58:25.551524 [debug] [Thread-1 (]: On model.nyc_taxi_dbt.yellow_trip_data: BEGIN
[0m07:58:25.557664 [debug] [Thread-1 (]: SQL status: SUCCESS in 0.005 seconds
[0m07:58:25.562726 [debug] [Thread-1 (]: On model.nyc_taxi_dbt.yellow_trip_data: ROLLBACK
[0m07:58:25.578505 [debug] [Thread-1 (]: On model.nyc_taxi_dbt.yellow_trip_data: Close
[0m07:58:25.582829 [debug] [Thread-1 (]: Sending event: {'category': 'dbt', 'action': 'run_model', 'label': 'bcff85bd-1a60-4b79-8f80-8d3a724c0add', 'context': [<snowplow_tracker.self_describing_json.SelfDescribingJson object at 0x7fedc96e2e60>]}
[0m07:58:25.584720 [info ] [Thread-1 (]: 1 of 3 OK created sql view model public.yellow_trip_data ....................... [[32mSUCCESS[0m in 1.82s]
[0m07:58:25.591738 [debug] [Thread-1 (]: Finished running node model.nyc_taxi_dbt.yellow_trip_data
[0m07:58:25.600080 [debug] [Thread-3 (]: Began running node model.nyc_taxi_dbt.taxi_agg
[0m07:58:25.601540 [info ] [Thread-3 (]: 2 of 3 START sql table model public.taxi_agg_2025_10 ........................... [RUN]
[0m07:58:25.603238 [debug] [Thread-3 (]: Acquiring new redshift connection 'model.nyc_taxi_dbt.taxi_agg'
[0m07:58:25.604306 [debug] [Thread-3 (]: Began compiling node model.nyc_taxi_dbt.taxi_agg
[0m07:58:25.619767 [debug] [Thread-3 (]: Writing injected SQL for node "model.nyc_taxi_dbt.taxi_agg"
[0m07:58:25.621278 [debug] [Thread-3 (]: Began executing node model.nyc_taxi_dbt.taxi_agg
[0m07:58:25.741645 [debug] [Thread-3 (]: Writing runtime sql for node "model.nyc_taxi_dbt.taxi_agg"
[0m07:58:25.747590 [debug] [Thread-3 (]: Using redshift connection "model.nyc_taxi_dbt.taxi_agg"
[0m07:58:25.751609 [debug] [Thread-3 (]: On model.nyc_taxi_dbt.taxi_agg: BEGIN
[0m07:58:25.752667 [debug] [Thread-3 (]: Opening a new connection, currently in state init
[0m07:58:25.753830 [debug] [Thread-3 (]: Redshift adapter: Connecting to Redshift with 'database' credentials method
[0m07:58:25.755177 [debug] [Thread-3 (]: Redshift adapter: Establishing connection using ssl with `sslmode` set to 'require'.To connect without ssl, set `sslmode` to 'disable'.
[0m07:58:25.849470 [debug] [Thread-3 (]: SQL status: SUCCESS in 0.097 seconds
[0m07:58:25.850313 [debug] [Thread-3 (]: Using redshift connection "model.nyc_taxi_dbt.taxi_agg"
[0m07:58:25.850914 [debug] [Thread-3 (]: On model.nyc_taxi_dbt.taxi_agg: /* {"app": "dbt", "dbt_version": "1.11.2", "profile_name": "dbt_poc", "target_name": "dev", "node_id": "model.nyc_taxi_dbt.taxi_agg"} */

  
    

  create  table
    "dev"."public"."taxi_agg_2025_10__dbt_tmp"
    
    
    
  as (
    

SELECT
    Run_Date_Short, 
    sum(total_amount) AS total_amount,
    CAST(count(trip_id) AS DOUBLE PRECISION) AS row_count
FROM "dev"."public"."yellow_trip_data"
GROUP BY
    Run_Date_Short
  );
[0m07:58:26.594663 [debug] [Thread-3 (]: SQL status: SUCCESS in 0.743 seconds
[0m07:58:26.600734 [debug] [Thread-3 (]: Using redshift connection "model.nyc_taxi_dbt.taxi_agg"
[0m07:58:26.601427 [debug] [Thread-3 (]: On model.nyc_taxi_dbt.taxi_agg: /* {"app": "dbt", "dbt_version": "1.11.2", "profile_name": "dbt_poc", "target_name": "dev", "node_id": "model.nyc_taxi_dbt.taxi_agg"} */
alter table "dev"."public"."taxi_agg_2025_10" rename to "taxi_agg_2025_10__dbt_backup"
[0m07:58:26.612903 [debug] [Thread-3 (]: SQL status: SUCCESS in 0.011 seconds
[0m07:58:26.618735 [debug] [Thread-3 (]: Using redshift connection "model.nyc_taxi_dbt.taxi_agg"
[0m07:58:26.619392 [debug] [Thread-3 (]: On model.nyc_taxi_dbt.taxi_agg: /* {"app": "dbt", "dbt_version": "1.11.2", "profile_name": "dbt_poc", "target_name": "dev", "node_id": "model.nyc_taxi_dbt.taxi_agg"} */
alter table "dev"."public"."taxi_agg_2025_10__dbt_tmp" rename to "taxi_agg_2025_10"
[0m07:58:26.628324 [debug] [Thread-3 (]: SQL status: SUCCESS in 0.008 seconds
[0m07:58:26.636620 [debug] [Thread-3 (]: On model.nyc_taxi_dbt.taxi_agg: COMMIT
[0m07:58:26.637533 [debug] [Thread-3 (]: Using redshift connection "model.nyc_taxi_dbt.taxi_agg"
[0m07:58:26.638187 [debug] [Thread-3 (]: On model.nyc_taxi_dbt.taxi_agg: COMMIT
[0m07:58:27.671277 [debug] [Thread-3 (]: SQL status: SUCCESS in 1.032 seconds
[0m07:58:27.672511 [debug] [Thread-3 (]: Using redshift connection "model.nyc_taxi_dbt.taxi_agg"
[0m07:58:27.673241 [debug] [Thread-3 (]: On model.nyc_taxi_dbt.taxi_agg: BEGIN
[0m07:58:27.681423 [debug] [Thread-3 (]: SQL status: SUCCESS in 0.007 seconds
[0m07:58:27.685863 [debug] [Thread-3 (]: Applying DROP to: "dev"."public"."taxi_agg_2025_10__dbt_backup"
[0m07:58:27.690405 [debug] [Thread-3 (]: Using redshift connection "model.nyc_taxi_dbt.taxi_agg"
[0m07:58:27.691133 [debug] [Thread-3 (]: On model.nyc_taxi_dbt.taxi_agg: /* {"app": "dbt", "dbt_version": "1.11.2", "profile_name": "dbt_poc", "target_name": "dev", "node_id": "model.nyc_taxi_dbt.taxi_agg"} */
drop table if exists "dev"."public"."taxi_agg_2025_10__dbt_backup" cascade
[0m07:58:27.702788 [debug] [Thread-3 (]: SQL status: SUCCESS in 0.011 seconds
[0m07:58:27.704378 [debug] [Thread-3 (]: On model.nyc_taxi_dbt.taxi_agg: COMMIT
[0m07:58:27.705178 [debug] [Thread-3 (]: Using redshift connection "model.nyc_taxi_dbt.taxi_agg"
[0m07:58:27.705731 [debug] [Thread-3 (]: On model.nyc_taxi_dbt.taxi_agg: COMMIT
[0m07:58:28.651713 [debug] [Thread-3 (]: SQL status: SUCCESS in 0.945 seconds
[0m07:58:28.652675 [debug] [Thread-3 (]: Using redshift connection "model.nyc_taxi_dbt.taxi_agg"
[0m07:58:28.653322 [debug] [Thread-3 (]: On model.nyc_taxi_dbt.taxi_agg: BEGIN
[0m07:58:28.659473 [debug] [Thread-3 (]: SQL status: SUCCESS in 0.006 seconds
[0m07:58:28.660787 [debug] [Thread-3 (]: On model.nyc_taxi_dbt.taxi_agg: ROLLBACK
[0m07:58:28.671177 [debug] [Thread-3 (]: On model.nyc_taxi_dbt.taxi_agg: Close
[0m07:58:28.672569 [debug] [Thread-3 (]: Sending event: {'category': 'dbt', 'action': 'run_model', 'label': 'bcff85bd-1a60-4b79-8f80-8d3a724c0add', 'context': [<snowplow_tracker.self_describing_json.SelfDescribingJson object at 0x7fedc410c2b0>]}
[0m07:58:28.673641 [info ] [Thread-3 (]: 2 of 3 OK created sql table model public.taxi_agg_2025_10 ...................... [[32mSUCCESS[0m in 3.07s]
[0m07:58:28.674547 [debug] [Thread-3 (]: Finished running node model.nyc_taxi_dbt.taxi_agg
[0m07:58:28.675769 [debug] [Thread-2 (]: Began running node model.nyc_taxi_dbt.dq_stats
[0m07:58:28.676554 [info ] [Thread-2 (]: 3 of 3 START sql table model public.dq_2025_10 ................................. [RUN]
[0m07:58:28.677292 [debug] [Thread-2 (]: Re-using an available connection from the pool (formerly list_dev, now model.nyc_taxi_dbt.dq_stats)
[0m07:58:28.677985 [debug] [Thread-2 (]: Began compiling node model.nyc_taxi_dbt.dq_stats
[0m07:58:28.684067 [debug] [Thread-2 (]: Writing injected SQL for node "model.nyc_taxi_dbt.dq_stats"
[0m07:58:28.685025 [debug] [Thread-2 (]: Began executing node model.nyc_taxi_dbt.dq_stats
[0m07:58:28.691837 [debug] [Thread-2 (]: Writing runtime sql for node "model.nyc_taxi_dbt.dq_stats"
[0m07:58:28.694256 [debug] [Thread-2 (]: Using redshift connection "model.nyc_taxi_dbt.dq_stats"
[0m07:58:28.694939 [debug] [Thread-2 (]: On model.nyc_taxi_dbt.dq_stats: BEGIN
[0m07:58:28.695510 [debug] [Thread-2 (]: Opening a new connection, currently in state closed
[0m07:58:28.696265 [debug] [Thread-2 (]: Redshift adapter: Connecting to Redshift with 'database' credentials method
[0m07:58:28.697092 [debug] [Thread-2 (]: Redshift adapter: Establishing connection using ssl with `sslmode` set to 'require'.To connect without ssl, set `sslmode` to 'disable'.
[0m07:58:28.786784 [debug] [Thread-2 (]: SQL status: SUCCESS in 0.091 seconds
[0m07:58:28.787573 [debug] [Thread-2 (]: Using redshift connection "model.nyc_taxi_dbt.dq_stats"
[0m07:58:28.788160 [debug] [Thread-2 (]: On model.nyc_taxi_dbt.dq_stats: /* {"app": "dbt", "dbt_version": "1.11.2", "profile_name": "dbt_poc", "target_name": "dev", "node_id": "model.nyc_taxi_dbt.dq_stats"} */

  
    

  create  table
    "dev"."public"."dq_2025_10__dbt_tmp"
    
    
    
  as (
    

SELECT
    Run_Date_Short,
    metric_name,
    metric_value
FROM "dev"."public"."taxi_agg_2025_10"
UNPIVOT (
    metric_value FOR metric_name IN (total_amount, row_count)
)
  );
[0m07:58:29.175887 [debug] [Thread-2 (]: SQL status: SUCCESS in 0.387 seconds
[0m07:58:29.182060 [debug] [Thread-2 (]: Using redshift connection "model.nyc_taxi_dbt.dq_stats"
[0m07:58:29.183016 [debug] [Thread-2 (]: On model.nyc_taxi_dbt.dq_stats: /* {"app": "dbt", "dbt_version": "1.11.2", "profile_name": "dbt_poc", "target_name": "dev", "node_id": "model.nyc_taxi_dbt.dq_stats"} */
alter table "dev"."public"."dq_2025_10" rename to "dq_2025_10__dbt_backup"
[0m07:58:29.195230 [debug] [Thread-2 (]: SQL status: SUCCESS in 0.011 seconds
[0m07:58:29.201127 [debug] [Thread-2 (]: Using redshift connection "model.nyc_taxi_dbt.dq_stats"
[0m07:58:29.203591 [debug] [Thread-2 (]: On model.nyc_taxi_dbt.dq_stats: /* {"app": "dbt", "dbt_version": "1.11.2", "profile_name": "dbt_poc", "target_name": "dev", "node_id": "model.nyc_taxi_dbt.dq_stats"} */
alter table "dev"."public"."dq_2025_10__dbt_tmp" rename to "dq_2025_10"
[0m07:58:29.211476 [debug] [Thread-2 (]: SQL status: SUCCESS in 0.007 seconds
[0m07:58:29.214860 [debug] [Thread-2 (]: On model.nyc_taxi_dbt.dq_stats: COMMIT
[0m07:58:29.215901 [debug] [Thread-2 (]: Using redshift connection "model.nyc_taxi_dbt.dq_stats"
[0m07:58:29.216718 [debug] [Thread-2 (]: On model.nyc_taxi_dbt.dq_stats: COMMIT
[0m07:58:30.271179 [debug] [Thread-2 (]: SQL status: SUCCESS in 1.054 seconds
[0m07:58:30.272357 [debug] [Thread-2 (]: Using redshift connection "model.nyc_taxi_dbt.dq_stats"
[0m07:58:30.273007 [debug] [Thread-2 (]: On model.nyc_taxi_dbt.dq_stats: BEGIN
[0m07:58:30.278929 [debug] [Thread-2 (]: SQL status: SUCCESS in 0.005 seconds
[0m07:58:30.283527 [debug] [Thread-2 (]: Applying DROP to: "dev"."public"."dq_2025_10__dbt_backup"
[0m07:58:30.285344 [debug] [Thread-2 (]: Using redshift connection "model.nyc_taxi_dbt.dq_stats"
[0m07:58:30.285992 [debug] [Thread-2 (]: On model.nyc_taxi_dbt.dq_stats: /* {"app": "dbt", "dbt_version": "1.11.2", "profile_name": "dbt_poc", "target_name": "dev", "node_id": "model.nyc_taxi_dbt.dq_stats"} */
drop table if exists "dev"."public"."dq_2025_10__dbt_backup" cascade
[0m07:58:30.298420 [debug] [Thread-2 (]: SQL status: SUCCESS in 0.012 seconds
[0m07:58:30.300034 [debug] [Thread-2 (]: On model.nyc_taxi_dbt.dq_stats: COMMIT
[0m07:58:30.300837 [debug] [Thread-2 (]: Using redshift connection "model.nyc_taxi_dbt.dq_stats"
[0m07:58:30.301394 [debug] [Thread-2 (]: On model.nyc_taxi_dbt.dq_stats: COMMIT
[0m07:58:31.253121 [debug] [Thread-2 (]: SQL status: SUCCESS in 0.951 seconds
[0m07:58:31.254326 [debug] [Thread-2 (]: Using redshift connection "model.nyc_taxi_dbt.dq_stats"
[0m07:58:31.255375 [debug] [Thread-2 (]: On model.nyc_taxi_dbt.dq_stats: BEGIN
[0m07:58:31.261654 [debug] [Thread-2 (]: SQL status: SUCCESS in 0.005 seconds
[0m07:58:31.263793 [debug] [Thread-2 (]: On model.nyc_taxi_dbt.dq_stats: ROLLBACK
[0m07:58:31.275476 [debug] [Thread-2 (]: On model.nyc_taxi_dbt.dq_stats: Close
[0m07:58:31.276887 [debug] [Thread-2 (]: Sending event: {'category': 'dbt', 'action': 'run_model', 'label': 'bcff85bd-1a60-4b79-8f80-8d3a724c0add', 'context': [<snowplow_tracker.self_describing_json.SelfDescribingJson object at 0x7fedc4178760>]}
[0m07:58:31.278006 [info ] [Thread-2 (]: 3 of 3 OK created sql table model public.dq_2025_10 ............................ [[32mSUCCESS[0m in 2.60s]
[0m07:58:31.278983 [debug] [Thread-2 (]: Finished running node model.nyc_taxi_dbt.dq_stats
[0m07:58:31.280879 [debug] [MainThread]: Using redshift connection "master"
[0m07:58:31.281406 [debug] [MainThread]: On master: BEGIN
[0m07:58:31.281948 [debug] [MainThread]: Opening a new connection, currently in state closed
[0m07:58:31.282486 [debug] [MainThread]: Redshift adapter: Connecting to Redshift with 'database' credentials method
[0m07:58:31.283186 [debug] [MainThread]: Redshift adapter: Establishing connection using ssl with `sslmode` set to 'require'.To connect without ssl, set `sslmode` to 'disable'.
[0m07:58:31.356111 [debug] [MainThread]: SQL status: SUCCESS in 0.074 seconds
[0m07:58:31.356836 [debug] [MainThread]: On master: COMMIT
[0m07:58:31.357663 [debug] [MainThread]: Using redshift connection "master"
[0m07:58:31.358333 [debug] [MainThread]: On master: COMMIT
[0m07:58:31.363640 [debug] [MainThread]: SQL status: SUCCESS in 0.005 seconds
[0m07:58:31.364266 [debug] [MainThread]: On master: Close
[0m07:58:31.365127 [debug] [MainThread]: Connection 'master' was properly closed.
[0m07:58:31.365607 [debug] [MainThread]: Connection 'model.nyc_taxi_dbt.dq_stats' was properly closed.
[0m07:58:31.366064 [debug] [MainThread]: Connection 'model.nyc_taxi_dbt.yellow_trip_data' was properly closed.
[0m07:58:31.366472 [debug] [MainThread]: Connection 'model.nyc_taxi_dbt.taxi_agg' was properly closed.
[0m07:58:31.367021 [info ] [MainThread]: 
[0m07:58:31.367544 [info ] [MainThread]: Finished running 2 table models, 1 view model in 0 hours 0 minutes and 8.44 seconds (8.44s).
[0m07:58:31.368873 [debug] [MainThread]: Command end result
[0m07:58:31.504133 [debug] [MainThread]: Wrote artifact WritableManifest to ./target/manifest.json
[0m07:58:31.506844 [debug] [MainThread]: Wrote artifact SemanticManifest to ./target/semantic_manifest.json
[0m07:58:31.517128 [debug] [MainThread]: Wrote artifact RunExecutionResult to ./target/run_results.json
[0m07:58:31.517781 [info ] [MainThread]: 
[0m07:58:31.518533 [info ] [MainThread]: [32mCompleted successfully[0m
[0m07:58:31.519151 [info ] [MainThread]: 
[0m07:58:31.519915 [info ] [MainThread]: Done. PASS=3 WARN=0 ERROR=0 SKIP=0 NO-OP=0 TOTAL=3
[0m07:58:31.521590 [debug] [MainThread]: Resource report: {"command_name": "run", "command_success": true, "command_wall_clock_time": 9.92602, "process_in_blocks": "0", "process_kernel_time": 0.139669, "process_mem_max_rss": "134920", "process_out_blocks": "2312", "process_user_time": 4.125944}
[0m07:58:31.522660 [debug] [MainThread]: Command `dbt run` succeeded at 07:58:31.522395 after 9.93 seconds
[0m07:58:31.523495 [debug] [MainThread]: Sending event: {'category': 'dbt', 'action': 'invocation', 'label': 'end', 'context': [<snowplow_tracker.self_describing_json.SelfDescribingJson object at 0x7fedcae44100>, <snowplow_tracker.self_describing_json.SelfDescribingJson object at 0x7fedc7d9fbb0>, <snowplow_tracker.self_describing_json.SelfDescribingJson object at 0x7fedc7d9fdc0>]}
[0m07:58:31.524345 [debug] [MainThread]: Flushing usage events
[0m07:58:32.008057 [debug] [MainThread]: An error was encountered while trying to flush usage events
